id,name,dest,country,address,friReason,satReason,category
4705,El Galpon,Buenos Aires,Argentina,"Av. Corrientes 2900, Buenos Aires",פתוח 24 שעות (כולל כניסת שבת),פתוח 24 שעות בשבת,confirmed
8079,McDonalds,Buenos Aires,Argentina,"Av. Corrientes 3247, Buenos Aires, Buenos Aires, C1193 CABA, Argentina",פתוח עד 1:30 AM בערב שישי (אחרי 21:00),פתוח 6:30 AM–12:00 AM בשבת (חופף ל-08:00–16:00),confirmed
8088,Sushi Ko Tucuman,Buenos Aires,Argentina,"Tucumán 617, CABA, C1049AAM, Argentina",פתוח עד 12:30 AM בערב שישי (אחרי 21:00),,confirmed
6451,מסעדת האוכל של שלום   Schalom Food,Vienna,Austria,"Rotensterngasse 16, Wien.",,פתוח 10:00 AM–7:00 PM בשבת (חופף ל-08:00–16:00),confirmed
8015,Café de l'Avenue,Montreal,Canada,"5800 Cavendish Boulevard, Côte Saint-Luc, QC H4W 2T5, Canada",,פתוח 8:00 AM–4:00 PM בשבת (חופף ל-08:00–16:00),confirmed
8030,Gare 18,Montreal,Canada,"5767 Legare Street, Montreal, QC H3T 1E4, Canada",פתוח עד 12:30 AM בערב שישי (אחרי 21:00),פתוח 4:30 AM–12:00 AM בשבת (חופף ל-08:00–16:00),confirmed
8032,Kebab Shop,Montreal,Canada,"3755 Chemin de la Côte-Sainte-Catherine, Montreal, QC H3T 1E2, Canada",פתוח עד 11:00 PM בערב שישי (אחרי 21:00),פתוח 11:00 AM–11:00 PM בשבת (חופף ל-08:00–16:00),confirmed
8433,Glatt Cafe & Makolet Larnaca,Larnaca,Cyprus,"Apollodorou 4, Larnaca, 6020, Cyprus",פתוח 24 שעות (כולל כניסת שבת),פתוח 24 שעות בשבת,confirmed
7343,"חב""ד לימסול",Limassol,Cyprus,"Porfyriou Dikaiou 5, Limasol 3095, Cyprus, Limassol",,פתוח 10:00 AM–7:00 PM בשבת (חופף ל-08:00–16:00),confirmed
7350,"מסעדת ירושלים – 
חב""ד פאפוס",Paphos,Cyprus,"Othelou 5, Kato Paphos 8042, Cyprus",,פתוח 8:30 AM–9:00 PM בשבת (חופף ל-08:00–16:00),confirmed
8445,Kosher Food at the Chabad Latchi,Paphos,Cyprus,"Box 66091, Latchi CY, E713, Polis Crysochous, Cyprus",,פתוח 8:30 AM–9:00 PM בשבת (חופף ל-08:00–16:00),confirmed
7356,שלום,Prague,Czech Republic,"Maiselova 250/18, Josefov, 110 00 Praha-Praha 1, Czechia, Prague",,פתוח 11:30 AM–2:00 PM בשבת (חופף ל-08:00–16:00),confirmed
8374,5th District by King Solomon,Prague,Czech Republic,"Široká 8,  Josefov, Prague, 110 00, Czech Republic",פתוח עד 10:00 PM בערב שישי (אחרי 21:00),,confirmed
8377,Mansson's Bakery,Prague,Czech Republic,"Josefov CZ, Bílkova 6/8, Staré Město, Prague, 110 00, Czech Republic",,פתוח 8:00 AM–7:00 PM בשבת (חופף ל-08:00–16:00),confirmed
8382,Trdelník & Coffee,Prague,Czech Republic,"Josefov CZ, U Starého Hřbitova 42/2, Prague, 110 00, Czech Republic",,פתוח 11:00 AM–7:30 PM בשבת (חופף ל-08:00–16:00),confirmed
4694,Florence Kahn,Paris,France,"24 Rue des Écouffes, Paris 4e",,פתוח 10:00 AM–6:30 PM בשבת (חופף ל-08:00–16:00),confirmed
4695,Chez Marianne,Paris,France,"2 Rue des Hospitalières Saint-Gervais, Paris 4e",פתוח עד 12:00 AM בערב שישי (אחרי 21:00),פתוח 9:30 AM–12:00 AM בשבת (חופף ל-08:00–16:00),confirmed
8195,Canal Grill,Paris,France,"153 Rue de Crimée , Paris, 75019 , France",פתוח 24 שעות (כולל כניסת שבת),פתוח 24 שעות בשבת,confirmed
8196,Chabad Champs Elysees Shabbat,Paris,France,"122 Av. des Champs-Élysées, Paris, 75008, France",,פתוח 9:00 AM–3:00 PM בשבת (חופף ל-08:00–16:00),confirmed
8216,Doron 17e,Paris,France,"73 Av. Niel, Paris, 75017, France",פתוח עד 12:00 AM בערב שישי (אחרי 21:00),,confirmed
8220,Friday Night Great Synagogue,Paris,France,"Synagogue de la Victoire 44, rue de la Victoire  , Paris, 75009, France",,פתוח 9:00 AM–12:30 PM בשבת (חופף ל-08:00–16:00),confirmed
8238,La Délicieuse Voltaire,Paris,France,"234, Boulevard Voltaire, Paris, 75011, France",,פתוח 7:00 AM–8:00 PM בשבת (חופף ל-08:00–16:00),confirmed
8270,O'Woks 19,Paris,France,"115, rue Manin, Paris, 75019, France",,פתוח 11:00 AM–3:00 PM בשבת (חופף ל-08:00–16:00),confirmed
8279,Shinzzo Manin,Paris,France,"68 Rue Manin, Paris, 75019, France",פתוח עד 10:45 PM בערב שישי (אחרי 21:00),פתוח 11:00 AM–10:45 PM בשבת (חופף ל-08:00–16:00),confirmed
6422,"בית חב""ד מערב ברלין",Berlin,Germany,"Münstersche Str. 6, 10709 Berlin, Germany.",פתוח עד 10:00 PM בערב שישי (אחרי 21:00),פתוח 8:30 AM–10:00 PM בשבת (חופף ל-08:00–16:00),confirmed
6423,"בית חב""ד ברלין לישראלים – אלכסנדרפלאץ",Berlin,Germany,"Karl-Liebknecht Str. 34, 10178 Berlin.",,פתוח 9:00 AM–6:30 PM בשבת (חופף ל-08:00–16:00),confirmed
6311,hummusbar,Budapest,Hungary,"Budapest, Október 6. u. 19, 1051 Hungary",פתוח עד 9:30 PM בערב שישי (אחרי 21:00),פתוח 11:00 AM–9:30 PM בשבת (חופף ל-08:00–16:00),confirmed
8400,The Bretzel Bakery - ONLY THE BREAD,Dublin,Ireland,"1a Lennox St Portobello, Dublin 8, Dublin, Ireland",,פתוח 9:00 AM–4:00 PM בשבת (חופף ל-08:00–16:00),confirmed
2196,תחנה 4,Afula,Israel,"זלמן הוז 1, עפולה, Israel",פתוח 24 שעות (כולל כניסת שבת),פתוח 24 שעות בשבת,confirmed
6662,BIGA נוף הגליל,Afula,Israel,"דרך העמק 41, נוף הגליל",פתוח עד 11:00 PM בערב שישי (אחרי 21:00),פתוח 8:00 AM–11:00 PM בשבת (חופף ל-08:00–16:00),confirmed
2638,הרופטופ של עכותיקה,Akko,Israel,"רח' 10 31, עכו, Israel",,פתוח 8:30 AM–12:00 PM בשבת (חופף ל-08:00–16:00),confirmed
1444,קמפאי סטריט ווק,Ashdod,Israel,"גור דב 13, אשדוד, Israel",,פתוח 11:30 AM–11:30 PM בשבת (חופף ל-08:00–16:00),confirmed
1837,גרג קיטשן,Ashdod,Israel,"הגדוד העברי 1, אשדוד, Israel",,פתוח 8:00 AM–11:00 PM בשבת (חופף ל-08:00–16:00),confirmed
1892,מקדונלד'ס,Ashdod,Israel,"בלפור 14, קניון לב אשדוד, Israel",,פתוח 10:30 AM–12:00 AM בשבת (חופף ל-08:00–16:00),confirmed
1928,T-MIX,Ashdod,Israel,"העצמאות 4, אשדוד, Israel",,פתוח 9:00 AM–5:00 PM בשבת (חופף ל-08:00–16:00),confirmed
3214,בורה בורה,Bat Yam,Israel,"דרך בן גוריון 96, טיילת בת ים, Israel",,פתוח 9:00 AM–6:00 PM בשבת (חופף ל-08:00–16:00),confirmed
3506,מרכז המאפה,Bat Yam,Israel,"אהוד קנמון 27, בת ים, Israel",פתוח 24 שעות (כולל כניסת שבת),פתוח 24 שעות בשבת,confirmed
3553,ארומה,Bat Yam,Israel,"יוספטל 92, קניון בת ים, Israel",,פתוח 7:00 AM–9:00 PM בשבת (חופף ל-08:00–16:00),confirmed
1324,סומבררו,Be'er Sheva,Israel,"בורנשטיין 801, ירוחם, Israel",פתוח עד 3:00 AM בערב שישי (אחרי 21:00),,confirmed
6582,Cinnabon באר שבע,Be'er Sheva,Israel,"שדרות טוביהו 125 גראנד קניון, באר שבע",פתוח עד 9:30 AM בערב שישי (אחרי 21:00),,confirmed
2180,דלאל,Beit She'an,Israel,"הארבעה 1, בית שאן, Israel",,פתוח 8:00 AM–11:30 PM בשבת (חופף ל-08:00–16:00),confirmed
2694,בויה נקניק מגולגל בטוסט,Beit She'an,Israel,"אהבת ישראל 9, בית שאן, Israel",פתוח עד 11:00 PM בערב שישי (אחרי 21:00),פתוח 6:00 AM–11:00 PM בשבת (חופף ל-08:00–16:00),confirmed
2702,מפגש מאור,Beit She'an,Israel,"ירושלים הבירה 31, בית שאן, Israel",פתוח עד 12:00 AM בערב שישי (אחרי 21:00),,confirmed
2983,מפגש השווארמה,Beit She'an,Israel,"אהבת ישראל 3, בית שאן, Israel",פתוח 24 שעות (כולל כניסת שבת),,confirmed
5455,הבית של זוהרה,Beit Shemesh,Israel,"לוזית, Israel",פתוח 24 שעות (כולל כניסת שבת),,confirmed
1907,הפיצה של יהושוע,Dimona,Israel,"דימונה, Israel",פתוח עד 12:00 AM בערב שישי (אחרי 21:00),פתוח 12:00 AM–5:00 PM בשבת (חופף ל-08:00–16:00),confirmed
1724,כפות תמרים,Eilat,Israel,"אילות, Israel",פתוח 24 שעות (כולל כניסת שבת),פתוח 24 שעות בשבת,confirmed
1728,פיצה מטר אילת,Eilat,Israel,"חיל ההנדסה 6, אילת, Israel",פתוח 24 שעות (כולל כניסת שבת),פתוח 24 שעות בשבת,confirmed
1789,פיצה האט,Eilat,Israel,"אילת, Israel",פתוח עד 12:00 AM בערב שישי (אחרי 21:00),פתוח 11:30 AM–12:00 AM בשבת (חופף ל-08:00–16:00),confirmed
1869,גולדה,Eilat,Israel,"אילת, Israel",פתוח עד 12:00 AM בערב שישי (אחרי 21:00),פתוח 9:00 AM–12:00 AM בשבת (חופף ל-08:00–16:00),confirmed
5566,ארוחות קטנות,Gedera,Israel,"ההדר 94, קדרון, Israel",,פתוח 7:00 AM–6:00 PM בשבת (חופף ל-08:00–16:00),confirmed
5688,חוות אלבואדי מסעדת אג'אויד,Hadera,Israel,"זמר, Israel",פתוח עד 1:00 AM בערב שישי (אחרי 21:00),פתוח 9:00 AM–12:00 AM בשבת (חופף ל-08:00–16:00),confirmed
2034,כתום,Haifa,Israel,"חיפה, Israel",,פתוח 11:30 AM–4:00 PM בשבת (חופף ל-08:00–16:00),confirmed
2520,סטיישן סנדביץ' קלאב-STATION SANDWICH CLUB,Haifa,Israel,"דרך שמחה גולן 54, גרנד קניון חיפה, Israel",פתוח 24 שעות (כולל כניסת שבת),פתוח 24 שעות בשבת,confirmed
2692,ברוקלין 17,Haifa,Israel,"חיפה, Israel",פתוח עד 12:00 AM בערב שישי (אחרי 21:00),,confirmed
6530,Greg חוצות המפרץ חיפה,Haifa,Israel,"החרושת 8, חיפה",,פתוח 10:00 AM–10:30 PM בשבת (חופף ל-08:00–16:00),confirmed
6583,קפה מנדרין,Haifa,Israel,"צפרירים 1, חיפה",,פתוח 7:00 AM–2:30 PM בשבת (חופף ל-08:00–16:00),confirmed
6694,Jorno בייקרי הרצליה,Herzliya,Israel,"הצדף 2, הרצליה",,פתוח 7:00 AM–9:00 PM בשבת (חופף ל-08:00–16:00),confirmed
6828,Jorno הרצליה,Herzliya,Israel,"חבצלת השרון 36, הרצליה",,פתוח 7:00 AM–9:00 PM בשבת (חופף ל-08:00–16:00),confirmed
4370,מיטאו,Holon,Israel,"הפלד 46, חולון, Israel",,פתוח 9:00 AM–7:00 PM בשבת (חופף ל-08:00–16:00),confirmed
4781,בנדורה,Jerusalem,Israel,"יפו 36, ירושלים, Israel",פתוח עד 1:00 AM בערב שישי (אחרי 21:00),פתוח 1:00 PM–12:00 AM בשבת (חופף ל-08:00–16:00),confirmed
4845,בר יין,Jerusalem,Israel,"עזה 82, ירושלים, Israel",פתוח עד 1:30 AM בערב שישי (אחרי 21:00),פתוח 8:00 AM–12:00 AM בשבת (חופף ל-08:00–16:00),confirmed
5060,שערי שמחה,Jerusalem,Israel,"שכונת גאולה, ירושלים, Israel",פתוח עד 12:00 AM בערב שישי (אחרי 21:00),פתוח 7:00 AM–12:00 AM בשבת (חופף ל-08:00–16:00),confirmed
5072,קפה עלית-אספרסו בר,Jerusalem,Israel,"הר הצופים 1, ירושלים, Israel",,פתוח 7:00 AM–9:00 PM בשבת (חופף ל-08:00–16:00),confirmed
5081,מסעדת טרסה,Jerusalem,Israel,"נכון 6, ירושלים, Israel",,פתוח 8:00 AM–1:00 PM בשבת (חופף ל-08:00–16:00),confirmed
5282,אימפריאל רד,Jerusalem,Israel,"קריית ענבים, Israel",פתוח עד 12:00 AM בערב שישי (אחרי 21:00),,confirmed
5300,מזנון רוקפלר,Jerusalem,Israel,"סולטן סולימן, ירושלים העתיקה, Israel",פתוח 24 שעות (כולל כניסת שבת),פתוח 24 שעות בשבת,confirmed
5324,גריל B,Jerusalem,Israel,"המגיד ממעזריטש 70, ביתר עילית, Israel",,פתוח 24 שעות בשבת,confirmed
6544,באב אל ימן,Jerusalem,Israel,"דרך עזה 29, ירושלים",,פתוח 10:00 AM–12:00 AM בשבת (חופף ל-08:00–16:00),confirmed
6580,Mula Botani,Jerusalem,Israel,"הגן הבוטני האוניברסיטאי, גבעת רם, ירושלים",,פתוח 9:00 AM–6:00 PM בשבת (חופף ל-08:00–16:00),confirmed
2210,DINER BURGER דיינר בורגר,Karmiel,Israel,"שד' קק""ל 98, כרמיאל, Israel",פתוח עד 11:30 PM בערב שישי (אחרי 21:00),פתוח 10:30 AM–11:30 PM בשבת (חופף ל-08:00–16:00),confirmed
2545,שניצל 20 טעמים,Karmiel,Israel,"מעלה כמון 5, כרמיאל, Israel",פתוח עד 11:30 PM בערב שישי (אחרי 21:00),,confirmed
6510,טגלוס,Karmiel,Israel,"מתחם גן העיר, כרמיאל",פתוח עד 11:00 PM בערב שישי (אחרי 21:00),פתוח 9:00 AM–10:30 PM בשבת (חופף ל-08:00–16:00),confirmed
3688,חומוס כספי,Kfar Saba,Israel,"יהודה המכבי 61, תל אביב, Israel",,פתוח 10:30 AM–3:00 PM בשבת (חופף ל-08:00–16:00),confirmed
4014,סקיצה,Kfar Saba,Israel,"דרך האורנים 13, רינתיה, Israel",פתוח עד 11:00 PM בערב שישי (אחרי 21:00),,confirmed
2435,פיצה מייקר,Kiryat Ata,Israel,"סוקולוב 40, קרית אתא, Israel",,פתוח 12:00 PM–12:00 AM בשבת (חופף ל-08:00–16:00),confirmed
1313,פיצה סופיה,Kiryat Gat,Israel,"אמציה, Israel",פתוח עד 12:00 AM בערב שישי (אחרי 21:00),פתוח 2:23 PM–12:00 AM בשבת (חופף ל-08:00–16:00),confirmed
1870,הקוסקוס של רותם,Kiryat Gat,Israel,"דרך הדרום 9, קריית גת, Israel",פתוח 24 שעות (כולל כניסת שבת),פתוח 24 שעות בשבת,confirmed
4672,קולינאריק,Kiryat Ono,Israel,"המייסדים 3, קריית אונו, Israel",,פתוח 9:00 AM–6:00 PM בשבת (חופף ל-08:00–16:00),confirmed
2837,בית האוכל של מושיקו,Kiryat Shmona,Israel,"קריית שמונה, Israel",,פתוח 11:00 AM–4:53 PM בשבת (חופף ל-08:00–16:00),confirmed
3206,בונז'ור מלך השווארמה,Lod,Israel,"הרצל 64, לוד, Israel",,פתוח 8:00 AM–8:00 PM בשבת (חופף ל-08:00–16:00),confirmed
6751,בייגל קפה מבשרת,Mevaseret Zion,Israel,"קניון הראל, מבשרת ציון",פתוח עד 9:30 PM בערב שישי (אחרי 21:00),,confirmed
3507,ג'פניקה,Modiin,Israel,"לב העיר 2, מודיעין והסביבה, Israel",פתוח עד 12:00 AM בערב שישי (אחרי 21:00),פתוח 12:00 PM–12:00 AM בשבת (חופף ל-08:00–16:00),confirmed
2494,סחבק,Nahariya,Israel,"שד' הגעתון 20, נהריה, Israel",פתוח עד 10:30 PM בערב שישי (אחרי 21:00),,confirmed
6678,BBB נהריה,Nahariya,Israel,"ויצמן 71, נהריה",פתוח עד 12:00 AM בערב שישי (אחרי 21:00),פתוח 12:00 PM–12:00 AM בשבת (חופף ל-08:00–16:00),confirmed
6773,איבן בית מאפה,Ness Ziona,Israel,"הסנונית 18, נס ציונה",,פתוח 8:00 AM–2:00 PM בשבת (חופף ל-08:00–16:00),confirmed
3232,מקדונלד'ס,Netanya,Israel,"נחלת יצחק 20, תל אביב, Israel",,פתוח 11:00 AM–10:00 PM בשבת (חופף ל-08:00–16:00),confirmed
5903,צ'יקו,Netanya,Israel,"דרך דגניה 14, נתניה, Israel",פתוח 24 שעות (כולל כניסת שבת),,confirmed
5990,הכרם אירועים,Netanya,Israel,"גד מכנס 6, נתניה, Israel",פתוח עד 4:09 AM בערב שישי (אחרי 21:00),,confirmed
7170,Jorno בייקרי נתניה,Netanya,Israel,"קהילת צפת 1, נתניה",,פתוח 7:00 AM–9:00 PM בשבת (חופף ל-08:00–16:00),confirmed
3330,בורגרים,Petah Tikva,Israel,"בן ציון גליס 30, B סנטר פתח תקווה, Israel",,פתוח 9:00 AM–5:00 PM בשבת (חופף ל-08:00–16:00),confirmed
4126,קסאנאדו Xanadu,Petah Tikva,Israel,"בן ציון גליס 50, פתח תקווה, Israel",פתוח עד 12:00 AM בערב שישי (אחרי 21:00),,confirmed
5791,פיצה פארטי,Ra'anana,Israel,"ביל""ו 21, רעננה, Israel",,פתוח 8:00 AM–7:00 PM בשבת (חופף ל-08:00–16:00),confirmed
3189,קפה לוגאנו,Ramat Gan,Israel,"החוגה 2, רמת אפעל, Israel",פתוח עד 11:00 PM בערב שישי (אחרי 21:00),,confirmed
3302,הדרים קייטרינג,Ramat Gan,Israel,"זיסמן שלום 14, מתחם הבורסה, רמת גן, Israel",פתוח 24 שעות (כולל כניסת שבת),פתוח 9:00 AM–5:00 PM בשבת (חופף ל-08:00–16:00),confirmed
3410,מפגש בר,Ramat Gan,Israel,"תובל 16, מתחם הבורסה, רמת גן, Israel",,פתוח 8:00 AM–12:00 AM בשבת (חופף ל-08:00–16:00),confirmed
4268,פיצה קראסט,Ramat Gan,Israel,"קריניצי 12, רמת גן, Israel",,פתוח 11:00 AM–12:00 AM בשבת (חופף ל-08:00–16:00),confirmed
3130,מאנצ'י טוסט,Ramla,Israel,"אבא אחימאיר 15, רמלה, Israel",פתוח 24 שעות (כולל כניסת שבת),,confirmed
5461,מאפיית פארין,Rehovot,Israel,"הרצל 192, רחובות, Israel",פתוח 24 שעות (כולל כניסת שבת),פתוח 24 שעות בשבת,confirmed
5538,טרי,Rehovot,Israel,"הרצל 194, רחובות, Israel",פתוח עד 11:30 PM בערב שישי (אחרי 21:00),פתוח 10:30 AM–11:30 PM בשבת (חופף ל-08:00–16:00),confirmed
5567,הרצל street food,Rehovot,Israel,"הרצל 210, רחובות, Israel",פתוח עד 2:00 AM בערב שישי (אחרי 21:00),פתוח 10:00 AM–12:00 AM בשבת (חופף ל-08:00–16:00),confirmed
5610,שווארמה אקספרס,Rehovot,Israel,"ביל""ו 2, קניון רחובות, Israel",,פתוח 24 שעות בשבת,confirmed
3386,גולדות,Rishon LeZion,Israel,"רוטשילד 83, ראשון לציון, Israel",פתוח עד 4:00 AM בערב שישי (אחרי 21:00),,confirmed
3475,כל טעם,Rishon LeZion,Israel,"רוטשילד 64, ראשון לציון, Israel",פתוח עד 3:00 AM בערב שישי (אחרי 21:00),פתוח 10:00 AM–12:00 AM בשבת (חופף ל-08:00–16:00),confirmed
4375,שווארמה רוטשילד,Rishon LeZion,Israel,"רוטשילד 39, ראשון לציון, Israel",פתוח עד 11:00 PM בערב שישי (אחרי 21:00),,confirmed
7182,"B-FRESH - ראשונים ראשל""צ",Rishon LeZion,Israel,"שדרות נים 2, ראשון לציון",פתוח עד 10:00 PM בערב שישי (אחרי 21:00),,confirmed
4067,מאפיית הכפר,Rosh HaAyin,Israel,"הרב שלום שבזי 26, ראש העין, Israel",,פתוח 24 שעות בשבת,confirmed
216,חומוס הבן של הסורי,Tel Aviv,Israel,"Yigal Alon St 121, Tel Aviv-Yafo, Israel",פתוח עד 3:00 AM בערב שישי (אחרי 21:00),,confirmed
3313,מסי,Tel Aviv,Israel,"השרון 10, תל אביב, Israel",פתוח עד 12:00 AM בערב שישי (אחרי 21:00),פתוח 12:00 AM–12:00 PM בשבת (חופף ל-08:00–16:00),confirmed
4049,פיתה בשר,Tel Aviv,Israel,"נחלת בנימין 75, תל אביב, Israel",פתוח עד 5:00 AM בערב שישי (אחרי 21:00),,confirmed
4295,מסעדת הלובי,Tel Aviv,Israel,"אליעזר פרי 10, תל אביב, Israel",פתוח 24 שעות (כולל כניסת שבת),פתוח 24 שעות בשבת,confirmed
4690,Miznon,Tel Aviv,Israel,"23 Ibn Gavirol St, Tel Aviv",,פתוח 1:00 PM–12:00 AM בשבת (חופף ל-08:00–16:00),confirmed
4691,Meshek Barzilay,Tel Aviv,Israel,"6 Ahad Ha'am St, Tel Aviv",פתוח עד 11:00 PM בערב שישי (אחרי 21:00),פתוח 10:00 AM–11:00 PM בשבת (חופף ל-08:00–16:00),confirmed
7020,Banana beach,Tel Aviv,Israel,"יוניצמן 21, תל אביב",פתוח עד 10:00 PM בערב שישי (אחרי 21:00),פתוח 7:00 AM–10:00 PM בשבת (חופף ל-08:00–16:00),confirmed
7083,"דלאל הקונדיטוריה, נוה צדק",Tel Aviv,Israel,"כל ישראל חברים 7, תל אביב",,פתוח 9:00 AM–4:00 PM בשבת (חופף ל-08:00–16:00),confirmed
7238,"Jorno בייקרי ת""א",Tel Aviv,Israel,"ויינשל 6, תל אביב",,פתוח 7:00 AM–4:00 PM בשבת (חופף ל-08:00–16:00),confirmed
5466,אורו,Yavne,Israel,"גאליה, Israel",פתוח 24 שעות (כולל כניסת שבת),פתוח 24 שעות בשבת,confirmed
4058,ביג בורגר,Yehud,Israel,"צבי ישי 1, יהוד, Israel",,פתוח 8:30 AM–12:00 PM בשבת (חופף ל-08:00–16:00),confirmed
6629,ארקפה יהוד,Yehud,Israel,"אלטלף 4, יהוד",,פתוח 7:00 AM–10:00 PM בשבת (חופף ל-08:00–16:00),confirmed
2437,דונסון,Zichron Yaakov,Israel,"חוחית 16, זכרון יעקב, Israel",פתוח 24 שעות (כולל כניסת שבת),,confirmed
6698,משיגנע,Zichron Yaakov,Israel,"המייסדים 41, זיכרון יעקב",,פתוח 8:30 AM–6:00 PM בשבת (חופף ל-08:00–16:00),confirmed
8353,Bona Pizza Romana,Rome,Italy,"Via del Portico d'Ottavia, 7, 00186 Roma RM, Italy, Rome, 00186, Italy",פתוח עד 9:30 PM בערב שישי (אחרי 21:00),פתוח 9:30 AM–9:30 PM בשבת (חופף ל-08:00–16:00),confirmed
8451,First Grill Marrakech,Marrakech,Morocco,"Av. du Président Kennedy,  Marrakech 40000, , Morocco",פתוח 24 שעות (כולל כניסת שבת),פתוח 24 שעות בשבת,confirmed
6415,סופרמרקט ג'מבו  Jumbo,Amsterdam,Netherlands,"Kastelenstraat 70, Amsterdam.",פתוח עד 10:00 PM בערב שישי (אחרי 21:00),פתוח 8:00 AM–10:00 PM בשבת (חופף ל-08:00–16:00),confirmed
8327,Jewish Museum Cafe Amsterdam,Amsterdam,Netherlands,"Nieuwe Amstelstraat 1, Amsterdam, 1011 PL , Netherlands",,פתוח 11:00 AM–5:00 PM בשבת (חופף ל-08:00–16:00),confirmed
8385,Chabad Barcelona Tourist Center,Barcelona,Spain,"Carrer de Sant Honorat, 9, Barcelona, 08002, Spain",,פתוח 9:30 AM–8:00 PM בשבת (חופף ל-08:00–16:00),confirmed
8401,Chabad of Bangkok Dairy Cafe,Bangkok,Thailand,"18 Phra Sumen Rd, Talat Yot, Phra Nakhon,, Bangkok, 10200, Thailand",פתוח עד 12:00 AM בערב שישי (אחרי 21:00),פתוח 8:00 AM–10:00 PM בשבת (חופף ל-08:00–16:00),confirmed
8410,Burekas Ramle Koh Samui,Ko Samui,Thailand,"200, 15, Bo Put, Amphoe Ko Samui, Surat Thani , 84320, Thailand",,פתוח 9:00 AM–12:00 AM בשבת (חופף ל-08:00–16:00),confirmed
8417,Oria'Sweets - Banana Market,Ko Samui,Thailand,"30 Chaweng Beach Rd, Bo Put Ko Samui District, Surat Thani , 84320, Thailand",פתוח עד 12:00 AM בערב שישי (אחרי 21:00),פתוח 3:00 PM–12:00 AM בשבת (חופף ל-08:00–16:00),confirmed
8429,Le Triskel,Pai,Thailand,"28, rue Saint-Hilaire, Saint-Maur-des-Fossés, 94210, France",פתוח עד 10:30 PM בערב שישי (אחרי 21:00),פתוח 11:45 AM–10:30 PM בשבת (חופף ל-08:00–16:00),confirmed
8422,Chabad Phuket,Phuket,Thailand,"9/6 Rat-U-Thit 200 Pee Rd Patong, Kathu District, Phuket, Thailand, Phuket, 83150, Thailand",פתוח עד 10:30 PM בערב שישי (אחרי 21:00),פתוח 8:00 AM–10:30 PM בשבת (חופף ל-08:00–16:00),confirmed
8425,Pistachio Restaurant Phuket | Patong,Phuket,Thailand,"9 Rat Uthit Song Roi Pi Rd, Pa Tong Kathu District, Phuket , 83150, Thailand",פתוח עד 1:00 AM בערב שישי (אחרי 21:00),פתוח 8:00 AM–12:00 AM בשבת (חופף ל-08:00–16:00),confirmed
8122,Hot Cut,London,United Kingdom,"98 Golders Green Rd Golders Green, London NW11 8HB, UK",,פתוח 11:00 AM–12:00 AM בשבת (חופף ל-08:00–16:00),confirmed
8131,M&S Muswell Hill,London,United Kingdom,"Simply Food, The, 126-138 Muswell Hill Broadway, Muswell Hill, London, N10 3RU, UK",,פתוח 8:00 AM–9:00 PM בשבת (חופף ל-08:00–16:00),confirmed
7540,Dairy Star Ice Cream of Lincolnwood,Chicago,United States,"3472 W Devon Ave, Lincolnwood, IL 60712, USA",פתוח עד 12:00 AM בערב שישי (אחרי 21:00),פתוח 2:00 PM–12:00 AM בשבת (חופף ל-08:00–16:00),confirmed
7542,Dunkin Donuts Skokie,Chicago,United States,"3900 Dempster Street, Skokie, IL 60076, United States",פתוח עד 10:00 PM בערב שישי (אחרי 21:00),פתוח 4:00 AM–10:00 PM בשבת (חופף ל-08:00–16:00),confirmed
7543,Dunkin Donuts/Baskin Robbins,Chicago,United States,"3132 West Devon Avenue West Rogers Park, Chicago, 60659-1427, Illinois",פתוח 24 שעות (כולל כניסת שבת),פתוח 24 שעות בשבת,confirmed
7547,Graeter's Ice Cream,Chicago,United States,"1347 Shermer Road, Northbrook, IL 60062",פתוח עד 11:00 PM בערב שישי (אחרי 21:00),פתוח 11:00 AM–11:00 PM בשבת (חופף ל-08:00–16:00),confirmed
7560,Rocket Slice,Chicago,United States,"3918 West Touhy Avenue, Lincolnwood, IL, 60712, USA",,פתוח 10:00 AM–12:00 AM בשבת (חופף ל-08:00–16:00),confirmed
7713,"Tom Thumb Bakery, Kosher Deli and Fresh Meat Market",Dallas,United States,"The Market at Preston Forest 11920 Preston Road, Dallas, TX  75230",פתוח עד 11:00 PM בערב שישי (אחרי 21:00),פתוח 6:00 AM–11:00 PM בשבת (חופף ל-08:00–16:00),confirmed
7699,Pita's,Las Vegas,United States,"5115 Spring Mountain Rd, Las Vegas, NV , 89103, USA",פתוח עד 9:30 PM בערב שישי (אחרי 21:00),פתוח 10:00 AM–9:30 PM בשבת (חופף ל-08:00–16:00),confirmed
7580,Bacio di Latte - Century City Mall,Los Angeles,United States,"10250 Santa Monica Boulevard, Los Angeles, CA 90067, USA",פתוח עד 11:00 PM בערב שישי (אחרי 21:00),פתוח 11:00 AM–11:00 PM בשבת (חופף ל-08:00–16:00),confirmed
7582,Baskin-Robbins (LA Cienega Plaza),Los Angeles,United States,"1831 S La Cienega Blvd Suite B Los Angeles, CA, 90035, United States",פתוח עד 10:00 PM בערב שישי (אחרי 21:00),פתוח 10:00 AM–10:00 PM בשבת (חופף ל-08:00–16:00),confirmed
7593,Cold Stone Creamery of Sherman Oaks,Los Angeles,United States,"14622 Ventura Blvd. #119, Sherman oaks-Los Angeles County, 91403, usa",פתוח עד 2:00 AM בערב שישי (אחרי 21:00),פתוח 10:00 AM–12:00 AM בשבת (חופף ל-08:00–16:00),confirmed
7599,Erin McKenna's Bakery LA,Los Angeles,United States,"236 North Larchmont Boulevard, Los Angeles, CA 90004, USA",פתוח עד 10:00 PM בערב שישי (אחרי 21:00),פתוח 8:00 AM–10:00 PM בשבת (חופף ל-08:00–16:00),confirmed
7616,Julie's Bakery and Catering,Los Angeles,United States,"9030 Owensmouth Ave, Canoga Park, CA, 91304, USA",,פתוח 7:00 AM–8:00 PM בשבת (חופף ל-08:00–16:00),confirmed
7624,LA Burger Bar,Los Angeles,United States,"8581 Pico Boulevard, Los Angeles, CA 90035, USA",פתוח עד 1:00 AM בערב שישי (אחרי 21:00),,confirmed
7638,Modern Bread and Bagel Los Angeles,Los Angeles,United States,"6256 CA-27 #1200, Woodland Hills, CA, 91367, USA",,פתוח 8:00 AM–5:00 PM בשבת (חופף ל-08:00–16:00),confirmed
7643,Nothing Bundt Cakes Sherman Oaks,Los Angeles,United States,"14622 Ventura Blvd Suite 104, Sherman Oaks, CA 91403, USA",,פתוח 10:00 AM–7:00 PM בשבת (חופף ל-08:00–16:00),confirmed
7644,Nothing Bundt Cakes West Hills,Los Angeles,United States,"6524 Platt Avenue, West Hills, CA 91307, USA",,פתוח 10:00 AM–7:00 PM בשבת (חופף ל-08:00–16:00),confirmed
7654,PopUp Bagels Los Angeles,Los Angeles,United States,"11710 San Vicente Blvd Los Angeles, CA, 90049, United States",,פתוח 6:00 AM–4:00 PM בשבת (חופף ל-08:00–16:00),confirmed
7669,Sweet E's Bake Shop,Los Angeles,United States,"4574 W Adams Blvd, Los Angeles, CA, 90016, USA",,פתוח 8:00 AM–2:00 PM בשבת (חופף ל-08:00–16:00),confirmed
7676,The Bagel Factory Cadillac Avenue,Los Angeles,United States,"8986 Cadillac Avenue, Los Angeles, CA 90034, USA",,פתוח 6:00 AM–2:30 PM בשבת (חופף ל-08:00–16:00),confirmed
7677,The Bagel Factory Sepulveda,Los Angeles,United States,"3004 South Sepulveda Boulevard, Los Angeles, CA 90034-4202, United States",,פתוח 5:30 AM–2:00 PM בשבת (חופף ל-08:00–16:00),confirmed
7445,Carvel North Miami Beach #1657,Miami,United States,"725 NE 165th Street, North Miami Beach, FL 33162, USA",פתוח עד 10:00 PM בערב שישי (אחרי 21:00),פתוח 10:00 AM–10:00 PM בשבת (חופף ל-08:00–16:00),confirmed
7471,In & Out Bagels,Miami,United States,"18800 NE 29th Ave Suite 9, Aventura, FL, 33180, USA, Miami, FL",,פתוח 7:00 AM–4:00 PM בשבת (חופף ל-08:00–16:00),confirmed
7473,Jajaja Mexicana Wynwood,Miami,United States,"2775 NW 3rd Ave Miami, FL, 33127, United States",פתוח עד 12:00 AM בערב שישי (אחרי 21:00),פתוח 11:00 AM–12:00 AM בשבת (חופף ל-08:00–16:00),confirmed
7480,Krispy Kreme #1049,Miami,United States,"16851 S. Dixie Highway, Palmetto Bay, FL 33157, USA, Miami, FL",פתוח עד 11:00 PM בערב שישי (אחרי 21:00),פתוח 6:00 AM–11:00 PM בשבת (חופף ל-08:00–16:00),confirmed
7481,Krispy Kreme #1177,Miami,United States,"590 NE 167th Street, Miami, FL 33162, USA",פתוח עד 11:00 PM בערב שישי (אחרי 21:00),פתוח 6:00 AM–11:00 PM בשבת (חופף ל-08:00–16:00),confirmed
7483,La Pistachio,Miami,United States,"7500 SW 120th Street,  Pinecrest, FL , 33156 , United States, Miami, FL",,פתוח 10:00 AM–6:30 PM בשבת (חופף ל-08:00–16:00),confirmed
7486,Levy's Shawarma,Miami,United States,"3575 North East 207th Street, Miami, FL 33180, USA",פתוח עד 9:30 PM בערב שישי (אחרי 21:00),,confirmed
7489,Mama Pizza & Coffee Shop,Miami,United States,"19200 West Dixie Highway, Miami, FL 33180, USA",פתוח עד 12:00 AM בערב שישי (אחרי 21:00),פתוח 24 שעות בשבת,confirmed
7493,Miami N' Ice,Miami,United States,"1214 Washington Ave, Miami Beach, FL, 33139, USA",פתוח עד 12:00 AM בערב שישי (אחרי 21:00),פתוח 3:00 PM–12:00 AM בשבת (חופף ל-08:00–16:00),confirmed
7499,Morelia Gourmet Paletas,Miami,United States,"76 Miracle Mile, Coral Gables, FL 33134, USA, Miami, FL",פתוח עד 12:00 AM בערב שישי (אחרי 21:00),פתוח 12:00 PM–12:00 AM בשבת (חופף ל-08:00–16:00),confirmed
7510,Playa Bowls Coral Gables,Miami,United States,"6620 SW 57th Ave, South Miami,  FL, 33143, USA",פתוח עד 11:00 PM בערב שישי (אחרי 21:00),פתוח 8:00 AM–11:00 PM בשבת (חופף ל-08:00–16:00),confirmed
7511,Playa Bowls Miami Midtown,Miami,United States,"3111 NE 1st Avenue, Suite 200 Miami, FL, 33137, USA",פתוח עד 10:00 PM בערב שישי (אחרי 21:00),פתוח 8:00 AM–10:00 PM בשבת (חופף ל-08:00–16:00),confirmed
7512,Playa Bowls North Miami Beach,Miami,United States,"14881 Biscayne Blvd North Miami Beach, FL, 33181, United States",,פתוח 8:00 AM–9:00 PM בשבת (חופף ל-08:00–16:00),confirmed
7515,Pure Green - Juice Bar Sunset Harbour,Miami,United States,"1915 Purdy Ave Miami Beach, FL, 33139, United States",,פתוח 7:00 AM–7:00 PM בשבת (חופף ל-08:00–16:00),confirmed
7516,Pure Green Juice & Smoothie Bar Aventura,Miami,United States,"2960 NE 199th St, Ste. 4,  Aventura, FL , 33180, USA, Miami, FL",,פתוח 8:00 AM–8:00 PM בשבת (חופף ל-08:00–16:00),confirmed
7519,Serendipity Creamery & Yogurt Cafe,Miami,United States,"9457 Harding Ave, Surfside, FL 33154, United States, Miami, FL",,פתוח 7:30 AM–12:00 AM בשבת (חופף ל-08:00–16:00),confirmed
7522,Silan Fusion Cuisine,Miami,United States,"5225 Collins Ave,  Miami Beach, FL, 33140, USA",,פתוח 11:30 AM–2:00 PM בשבת (חופף ל-08:00–16:00),confirmed
7523,Skoops,Miami,United States,"401 Biscayne Blvd S10,  Miami, FL , 33132, USA",פתוח עד 12:00 AM בערב שישי (אחרי 21:00),פתוח 9:00 AM–12:00 AM בשבת (חופף ל-08:00–16:00),confirmed
4697,Katz's Delicatessen,New York,United States,"205 E Houston St, Manhattan",פתוח עד 11:30 PM בערב שישי (אחרי 21:00),פתוח 24 שעות בשבת,confirmed
6401,Bodhi Kosher Vegetarian Restaurant,New York,United States,"77 Mulberry St, New York, NY 10013.",פתוח עד 9:45 PM בערב שישי (אחרי 21:00),פתוח 11:00 AM–9:45 PM בשבת (חופף ל-08:00–16:00),confirmed
7714,16 Handles 3rd Ave,New York,United States,"428 3rd Avenue, Manhattan, NY 10016, USA",פתוח עד 12:00 AM בערב שישי (אחרי 21:00),פתוח 12:00 PM–12:00 AM בשבת (חופף ל-08:00–16:00),confirmed
7715,16 Handles Amsterdam,New York,United States,"325 Amsterdam Avenue (75th Street), Manhattan, NY 10023, USA",פתוח עד 12:00 AM בערב שישי (אחרי 21:00),פתוח 12:00 PM–12:00 AM בשבת (חופף ל-08:00–16:00),confirmed
7716,16 Handles Chelsea,New York,United States,"178 8th Avenue, NY 10011, USA",פתוח עד 12:00 AM בערב שישי (אחרי 21:00),פתוח 12:00 PM–12:00 AM בשבת (חופף ל-08:00–16:00),confirmed
7718,16 Handles Upper East Side,New York,United States,"1569 2nd Avenue (between 81st and 82nd), New York, NY, 10028, USA",פתוח עד 12:00 AM בערב שישי (אחרי 21:00),פתוח 12:00 PM–12:00 AM בשבת (חופף ל-08:00–16:00),confirmed
7722,Ahimsa Garden,New York,United States,"204 East 38th Street New York, NY, 10016, USA",פתוח עד 9:30 PM בערב שישי (אחרי 21:00),פתוח 11:00 AM–9:30 PM בשבת (חופף ל-08:00–16:00),confirmed
7730,Anixi,New York,United States,"290 8th Ave, New York, NY , 10001, USA",,פתוח 11:30 AM–10:30 PM בשבת (חופף ל-08:00–16:00),confirmed
7733,Asia Glatt Kosher,New York,United States,"4813 New Utrecht Avenue Brooklyn, NY, 11219, United States",,פתוח 11:00 AM–10:30 PM בשבת (חופף ל-08:00–16:00),confirmed
7735,Avenue P Appetizers & Bagels,New York,United States,"466 Avenue P, Brooklyn, NY 11223, USA",,פתוח 7:30 AM–5:30 PM בשבת (חופף ל-08:00–16:00),confirmed
7737,B & H Dairy,New York,United States,"127 2nd Ave. New York, NY, 10003, United States",פתוח עד 11:00 PM בערב שישי (אחרי 21:00),פתוח 7:00 AM–11:00 PM בשבת (חופף ל-08:00–16:00),confirmed
7738,Bagel Boss Murray Hill,New York,United States,"544 Third Ave New York, NY, Manhattan, 10016, United States",,פתוח 6:00 AM–2:00 PM בשבת (חופף ל-08:00–16:00),confirmed
7746,Benjy's Kosher Pizza and Dairy Restaurant,New York,United States,"72-72 Main St. Kew Gardens Hills, NY, 11367, United States",פתוח עד 10:00 PM בערב שישי (אחרי 21:00),פתוח 10:00 AM–10:00 PM בשבת (חופף ל-08:00–16:00),confirmed
7750,Beyond Sushi 56th Street,New York,United States,"62 W 56th St, Manhattan, NY 10019, USA",פתוח עד 9:30 PM בערב שישי (אחרי 21:00),פתוח 11:30 AM–9:30 PM בשבת (חופף ל-08:00–16:00),confirmed
7751,Beyond Sushi Herald Square,New York,United States,"134 W 37th St, Manhattan, NY 10018, USA",פתוח עד 10:30 PM בערב שישי (אחרי 21:00),פתוח 11:30 AM–10:30 PM בשבת (חופף ל-08:00–16:00),confirmed
7755,Blue Grill - Catering Only,New York,United States,"3502 Flatlands Ave Brooklyn, NY, 11234, USA",פתוח עד 11:00 PM בערב שישי (אחרי 21:00),פתוח 11:30 AM–11:00 PM בשבת (חופף ל-08:00–16:00),confirmed
7765,BUBA Bureka,New York,United States,"193 Bleecker St New York, NY, 10012, United States",,פתוח 9:00 AM–4:00 PM בשבת (חופף ל-08:00–16:00),confirmed
7766,Buddha Bodai,New York,United States,"5 Mott Street New York, NY, 10013, United States",פתוח עד 9:30 PM בערב שישי (אחרי 21:00),פתוח 10:00 AM–9:30 PM בשבת (חופף ל-08:00–16:00),confirmed
7782,Candle Cafe,New York,United States,"388 Third Ave, Between 28th and 29th St, New York, NY, 10016, USA",פתוח עד 10:00 PM בערב שישי (אחרי 21:00),פתוח 11:00 AM–10:00 PM בשבת (חופף ל-08:00–16:00),confirmed
7784,Caravan of Dreams,New York,United States,"406 E 6th St  New York, NY, 10009, United States",,פתוח 11:00 AM–11:30 PM בשבת (חופף ל-08:00–16:00),confirmed
7786,Carvel Coney Island Avenue,New York,United States,"2744 Coney Island Ave Brooklyn, NY, 11235, United States",פתוח עד 12:00 AM בערב שישי (אחרי 21:00),פתוח 10:00 AM–12:00 AM בשבת (חופף ל-08:00–16:00),confirmed
7787,Carvel Manor Road,New York,United States,"762 Manor Rd. Staten Island, NY, 10314, United States",פתוח עד 10:00 PM בערב שישי (אחרי 21:00),פתוח 11:00 AM–10:00 PM בשבת (חופף ל-08:00–16:00),confirmed
7788,Carvel Union Turnpike,New York,United States,"161-02 Union Tpke. Queens, NY, Flushing, 11366, United States",פתוח עד 10:00 PM בערב שישי (אחרי 21:00),פתוח 11:00 AM–10:00 PM בשבת (חופף ל-08:00–16:00),confirmed
7795,Chloe,New York,United States,"185 Bleecker St,  New York, NY , 10012, United States",,פתוח 10:00 AM–9:00 PM בשבת (חופף ל-08:00–16:00),confirmed
7801,Cold Stone Creamery Rosedale,New York,United States,"25301 Rockaway Blvd, STE 25A Rosedale, NY , 11422, United States",פתוח עד 11:30 PM בערב שישי (אחרי 21:00),פתוח 11:00 AM–11:30 PM בשבת (חופף ל-08:00–16:00),confirmed
7802,Coletta,New York,United States,"365 3rd Avenue, New York, NY, 10016, USA",,פתוח 11:30 AM–10:30 PM בשבת (חופף ל-08:00–16:00),confirmed
7816,Dough Donuts UWS,New York,United States,"133 W 72nd St New York, NY, 10023, United States",,פתוח 8:00 AM–7:00 PM בשבת (חופף ל-08:00–16:00),confirmed
7817,Dough Doughnuts,New York,United States,"646 Vanderbilt Ave, Brooklyn, NY , 11238, USA",,פתוח 9:00 AM–7:00 PM בשבת (חופף ל-08:00–16:00),confirmed
7818,Dough Doughnuts - Astoria,New York,United States,"21-70 31st St, Astoria, NY , 11105, USA",,פתוח 9:00 AM–7:00 PM בשבת (חופף ל-08:00–16:00),confirmed
7819,Dough Doughnuts - Flatiron,New York,United States,"14 West 19th Street at 5th Ave, New York, NY, 10011, USA",,פתוח 9:00 AM–7:00 PM בשבת (חופף ל-08:00–16:00),confirmed
7820,Dough Doughnuts - Rockefeller Center,New York,United States,"10 Rockefeller Center (48th St. between 5th & 6th Ave), New York, NY , 10020, USA",,פתוח 9:00 AM–7:00 PM בשבת (חופף ל-08:00–16:00),confirmed
7822,Doughnut Plant Brooklyn,New York,United States,"245 Flatbush Avenue, Brooklyn, NY 11217, USA",פתוח עד 12:00 AM בערב שישי (אחרי 21:00),פתוח 7:00 AM–12:00 AM בשבת (חופף ל-08:00–16:00),confirmed
7823,Doughnut Plant Grand Central Terminal,New York,United States,"89 East 42nd Street, Manhattan, NY 10017, USA",פתוח עד 12:00 AM בערב שישי (אחרי 21:00),פתוח 7:00 AM–12:00 AM בשבת (חופף ל-08:00–16:00),confirmed
7824,Doughnut Plant Lower East Side,New York,United States,"379 Grand Street, Manhattan, NY 10012, USA",,פתוח 7:00 AM–9:00 PM בשבת (חופף ל-08:00–16:00),confirmed
7825,Doughnut Plant Queens,New York,United States,"31-00 47th Avenue Long Island City, Queens, NY 11101, USA",,פתוח 6:30 AM–7:00 PM בשבת (חופף ל-08:00–16:00),confirmed
7826,Doughnut Plant Williamsburg,New York,United States,"198 Bedford Avenue at North 6th Street,  Brooklyn, NY , 11249, USA",פתוח עד 11:00 PM בערב שישי (אחרי 21:00),פתוח 7:00 AM–11:00 PM בשבת (חופף ל-08:00–16:00),confirmed
7827,Dunkin Donuts Kings Highway,New York,United States,"373 Kings Highway, Brooklyn, NY 11223, USA",,פתוח 5:00 AM–8:00 PM בשבת (חופף ל-08:00–16:00),confirmed
7828,Dunkin Donuts McDonald Ave,New York,United States,"1080 McDonald Avenue, Brooklyn, NY 11204, USA",,פתוח 6:00 AM–7:00 PM בשבת (חופף ל-08:00–16:00),confirmed
7829,Dunkin Donuts Riverdale Ave,New York,United States,"508 West 259th St (Riverdale Ave), Bronx, USA",,פתוח 6:00 AM–9:00 PM בשבת (חופף ל-08:00–16:00),confirmed
7830,Dunkin Donuts Staten Island,New York,United States,"995 Manor Road, Staten Island, NY 10314, USA",,פתוח 5:00 AM–8:00 PM בשבת (חופף ל-08:00–16:00),confirmed
7831,Dunkin' 1903 Kings Highway,New York,United States,"1903 Kings Highway, Brooklyn, NY 11229, USA",,פתוח 5:00 AM–8:00 PM בשבת (חופף ל-08:00–16:00),confirmed
7832,Dunkin' 2419 Coney Island Ave,New York,United States,"2419 Coney Island Avenue, Brooklyn, NY 11223, USA",,פתוח 6:00 AM–7:30 PM בשבת (חופף ל-08:00–16:00),confirmed
7833,Dunkin' Audubon Ave,New York,United States,"398 Audubon Avenue, Manhattan, NY 10033, USA",,פתוח 6:00 AM–3:00 PM בשבת (חופף ל-08:00–16:00),confirmed
7834,Dunkin' Avenue J,New York,United States,"1410 Avenue J  Brooklyn, NY, 11230, United States",,פתוח 5:00 AM–7:00 PM בשבת (חופף ל-08:00–16:00),confirmed
7835,Dunkin' Avenue P,New York,United States,"418 Avenue P, Brooklyn, NY 11223, USA",פתוח 24 שעות (כולל כניסת שבת),פתוח 24 שעות בשבת,confirmed
7836,Dunkin' Avenue U,New York,United States,"6620 Avenue U, Brooklyn, NY 11234, USA",,פתוח 5:00 AM–8:00 PM בשבת (חופף ל-08:00–16:00),confirmed
7837,Dunkin' Coney,New York,United States,"906 Coney Island Avenue, Brooklyn, NY 11218, USA",פתוח עד 10:00 PM בערב שישי (אחרי 21:00),פתוח 5:00 AM–10:00 PM בשבת (חופף ל-08:00–16:00),confirmed
7840,Dunkin' Flatbush,New York,United States,"1922 Flatbush Avenue, Brooklyn, NY 11210, USA",,פתוח 5:00 AM–9:00 PM בשבת (חופף ל-08:00–16:00),confirmed
7841,Dunkin' Flushing,New York,United States,"79-27 Main Street, Flushing, NY 11367, USA",פתוח עד 10:00 PM בערב שישי (אחרי 21:00),פתוח 5:00 AM–10:00 PM בשבת (חופף ל-08:00–16:00),confirmed
7842,Dunkin' Fort Hamilton,New York,United States,"4912 Fort Hamilton Parkway, Brooklyn, NY 11219, USA",פתוח עד 10:00 PM בערב שישי (אחרי 21:00),פתוח 5:00 AM–10:00 PM בשבת (חופף ל-08:00–16:00),confirmed
7845,Effy's Cafe,New York,United States,"104 West 96th Street, Manhattan, NY 10025, USA",,פתוח 8:00 AM–9:00 PM בשבת (חופף ל-08:00–16:00),confirmed
7892,Hummus Kitchen Hells Kitchen,New York,United States,"768 9th Avenue, Manhattan, NY 10019, USA",פתוח עד 11:00 PM בערב שישי (אחרי 21:00),פתוח 11:30 AM–11:00 PM בשבת (חופף ל-08:00–16:00),confirmed
7894,Hummus Kitchen UES,New York,United States,"1613 2nd Avenue, Manhattan, NY 10028, USA",פתוח עד 10:30 PM בערב שישי (אחרי 21:00),פתוח 11:00 AM–10:30 PM בשבת (חופף ל-08:00–16:00),confirmed
7895,Hummus Place,New York,United States,"305 Amsterdam Avenue, Manhattan, NY 10023, USA",,פתוח 11:30 AM–9:00 PM בשבת (חופף ל-08:00–16:00),confirmed
7897,Insomnia Cookies - Penn Station,New York,United States,"One Pennsylvania Plaza Suite C108 New York, NY, 10119, United States",פתוח עד 3:00 AM בערב שישי (אחרי 21:00),פתוח 6:00 AM–12:00 AM בשבת (חופף ל-08:00–16:00),confirmed
7898,Insomnia Cookies Fresh Meadows,New York,United States,"176-69 Union Tpke,  Fresh Meadows, NY , 11366, United States",פתוח עד 3:00 AM בערב שישי (אחרי 21:00),פתוח 12:00 PM–12:00 AM בשבת (חופף ל-08:00–16:00),confirmed
7908,Juice Press Tribeca,New York,United States,"415 Greenwich St, New York, NY, 10013, United States",,פתוח 9:00 AM–5:00 PM בשבת (חופף ל-08:00–16:00),confirmed
7933,Krispy Kreme Penn Station,New York,United States,"Two Penn Plaza Amtrak Level New York, NY, 10001, United States",פתוח עד 11:00 PM בערב שישי (אחרי 21:00),פתוח 6:00 AM–11:00 PM בשבת (חופף ל-08:00–16:00),confirmed
7934,Krispy Kreme Times Square,New York,United States,"1601 Broadway,  New York, NY, 10019, USA",פתוח עד 2:00 AM בערב שישי (אחרי 21:00),פתוח 7:00 AM–12:00 AM בשבת (חופף ל-08:00–16:00),confirmed
7935,Krispy Kreme Upper East Side,New York,United States,"1276 Lexington Avenue (and 86th St) New York, NY, 10028, USA",פתוח עד 10:00 PM בערב שישי (אחרי 21:00),פתוח 6:00 AM–10:00 PM בשבת (חופף ל-08:00–16:00),confirmed
7941,Le Basque,New York,United States,"15 Union Square W,  New York, NY , 10003, United States",,פתוח 11:30 AM–10:30 PM בשבת (חופף ל-08:00–16:00),confirmed
7969,Mezze Mediterranean Pizzeria,New York,United States,"100-18 Queens Boulevard Forest Hills, Queens, NY 11375, USA",,פתוח 11:00 AM–8:30 PM בשבת (חופף ל-08:00–16:00),confirmed
7978,Mill Basin Deli,New York,United States,"5823 Avenue T Brooklyn, NY, 11234, United States",,פתוח 9:00 AM–8:00 PM בשבת (חופף ל-08:00–16:00),confirmed
7983,Modern Bread and Bagel Chelsea,New York,United States,"139 West 14th St, New York, NY, 10011",,פתוח 8:00 AM–5:00 PM בשבת (חופף ל-08:00–16:00),confirmed
7984,Modern Bread and Bagel Midtown East,New York,United States,"630 Lexington Ave, New York, NY 10022, United States",,פתוח 8:00 AM–4:00 PM בשבת (חופף ל-08:00–16:00),confirmed
7985,Modern Bread and Bagel UES,New York,United States,"1427 3rd Ave New York, NY, 10028, United States",פתוח עד 12:00 AM בערב שישי (אחרי 21:00),פתוח 8:00 AM–12:00 AM בשבת (חופף ל-08:00–16:00),confirmed
7994,Mozzarella,New York,United States,"264 Lee Avenue, Brooklyn, NY 11208, USA",,פתוח 8:00 AM–7:30 PM בשבת (חופף ל-08:00–16:00),confirmed
8002,Naim Pizza,New York,United States,"3904 15th Avenue  Brooklyn, NY, 11218, United States",,פתוח 10:00 AM–8:00 PM בשבת (חופף ל-08:00–16:00),confirmed
8006,Next Stop Vegan,New York,United States,"88 Livingston St, Brooklyn, NY, 11201, USA",פתוח עד 11:00 PM בערב שישי (אחרי 21:00),פתוח 11:00 AM–11:00 PM בשבת (חופף ל-08:00–16:00),confirmed
7354,המלך דוד – בשרי,Prague,Czech Republic,"Hybernská 1674/42, 110 00 Nové Město, צ'כיה., Prague",פתוח 24 שעות (כולל כניסת שבת),פתוח 24 שעות בשבת,needs_judgment
7355,המלך דוד – חלבי,Prague,Czech Republic,"Hybernská 1674/42, 110 00 Nové Město, צ'כיה., Prague",פתוח 24 שעות (כולל כניסת שבת),פתוח 24 שעות בשבת,needs_judgment
8392,Hotel da Música,Porto,Portugal,"Largo de Ferreira Lapa 21, Porto, 4150-323, Portugal",פתוח 24 שעות (כולל כניסת שבת),פתוח 24 שעות בשבת,needs_judgment
