id,name,action,reason,old_photo_url,old_photo_source,new_photo_url,new_photo_source,new_photo_attribution,google_photo_name
6354,Delicatessen,update,,,,https://res.cloudinary.com/dn7vbd6nn/image/upload/v1783405612/restaurants/google/restaurant_6354_google_800.jpg,google,Sam Aberman,places/ChIJo4qjTZoadkgRv5EqJr4Vwzo/photos/AaVGc3njryNairK5mmTcY04POcX_megjQBGlW3xZj031YRa7FIOYbJVmRBvOA6uBWzQy5bVdM18sZ8XRjV8zS5BlH8KQD24IQnC_s6rU8b1pG_WKBCao1YS4vSiRHcHLALxFpDsPMylnUjkzIpU3HeGJsFSI7onoJDVNtZRqxKq48x-Nyukm7yIh0LrvHjDqfP1d2pGYFAsoKLYqNh8kVx-snw4mY4TkGiKQGoNC_nx4567C7qSOx69RXXD2wigGTSIGC_z5Rn0Q3b78-4uPpPdEpQjkYEXPhz99vou0UTesHSpDDAfVNDDCrfbV-_182ix3l4xJ0_rnMXR7ahmG6lAUshD6AnYe3Tn61M10J5uFSEIVndFpdl5sUDRkKlRF7vOhCzbtDZ1jhN5HEVAT5Kb5Q6OaQtWvyGN0kC5hTxQd4Opvpsg
8093,Amor's Take-Away,update,,,,https://res.cloudinary.com/dn7vbd6nn/image/upload/v1783405614/restaurants/google/restaurant_8093_google_800.jpg,google,The Mask,places/ChIJ0cUgGb4QdkgRzApsZOIkIMw/photos/AaVGc3lF-jqtJHDGEcyKY72IaYPAp0Oo6xONEUWAQUpEknE3C3qb44BJhqdwnSQIIWrqAVi0SqUVIbvPM-Mhb0Rd84n0X5yKcZDEFVCuKmuA-OZ8XU4uQVtbmydK9sXScxJa-M9EDwrTg_bUxxmN4I4VRton743DEXFXT1GmcAzhUGTLo1Qbw-Y3luBo9_rgZ__E0lCAJrbV8jWrNd6XOfUbT9_G_Ght2_1bQLuAtpAYD9VlU96v3HqBcmkb48FmX1jhuWEB_VEddLW7G0I6IgIh9KNnMlJWS_eP9HN520YzuTUfoKphE7CJi_p8CS4tOYgqG5HXMk9i4eB472TGONT-O-bSzqXsr6sqxgYywirlkqqZlcaJ8_99v_-vyLcE-FWEicypYvJDuQIL2Tq13tBmblesiVe88nXslz0X-OanwV1qj10t
8094,Asado Mediterranean Bistro,update,,,,https://res.cloudinary.com/dn7vbd6nn/image/upload/v1783405615/restaurants/google/restaurant_8094_google_800.jpg,google,Asado Mediterranean Bistro,places/ChIJgWbMmIEddkgRlNvmmro2kgU/photos/AaVGc3nNSmy4zshGy1idAW_yobA_1emx5D79LDMwqZT2aNzYEZIynTi9sgFDVFffsm3FfOvT8q1m-nYOgEHQ5r0PSoxNjhQpF8eOP_2cDVm_dRoxSa_3cByKiAdnUQjBl4k6T7aumWA1g4txT3fChMx0sseuz1vIrDrzuo7bvrDUZT1KoWbuY2NPI4qQgdhXL0YCWa5qXj9o-Mmxijsa8aVjRr1QSrgUwO-LW9K1N8zmMFWDRPhX7qGZSOsFkblehMUBf_raLgmoAKaoNmW4A6STK2AwOO9EkXa9cH5prQm6eJX5hSvsMQERmh9qzvyyvqGzgDx2N93jah9zqIsgbOyhi45aoEeyj2jnfwCrjPx6F5Shys6ThrCsUP-oC7Pc2PUomQvfLYOVTZtcBUghWPQEmsvJPMWrBqrmNzwOcQxvuwYqKg
8095,Aviv Restaurant,update,,,,https://res.cloudinary.com/dn7vbd6nn/image/upload/v1783405618/restaurants/google/restaurant_8095_google_800.jpg,google,Sam Aberman,places/ChIJgcbJTqYWdkgRvm6VPEuL-bs/photos/AaVGc3nav40TiRav0iYT8Y_m65A75963ZppZFhJJxzBS1QjKxXhmUKLSYoybmQUPbDTjl0XzkLxeXp_YESDD3YHDrqR5kuxTtbF0ijAYQ_oaMUPEwXxiAZvLjvMCviUtiuhR7CvxjkHWNtH0Uxe0Xe53v08ElsB2XAmZkUVlvFq71GHUGkn4LQqNDT-pOczg_zVzbKM_S6sls47ZbyrJYa4z-q-wb0ky0OvWabUFFPjs6hhhoVo3p5_xzimEKeQzvrfDs6Ucs4yLr-rSp2dhPKROILln3xMTYYJQOJUxlWV64kNWQmsGmy1RLHeU_j55PXc4-_30ZWm8yK4jghgcxbmrxqNPQ1iEXBaBB3mOGNi4ztRz-ZmrHTQ6Zq0cp1PxvNCO9S5bZRMmCRy9DFCZhgDG_ZHUSxqhojmNiQy5TeEF9DWw7MZ24B5XSsctqS2t9Zht
8096,Bagels Bar Coffee House,update,,,,https://res.cloudinary.com/dn7vbd6nn/image/upload/v1783405619/restaurants/google/restaurant_8096_google_800.jpg,google,Bagels Bar Grill House,places/ChIJv2FEOsQQdkgRk3tPEPW6HLs/photos/AaVGc3mJI58WlXlkTvFb6hLnXUKLG6sW-uV1hvT2J6H0WFcuz2P4rv-3FrCgZwduAKvaPGChdZbwbU9ffKB_J_B-upn9n1kiwhTbfydhaLQlYnAFCKL_uGUpPOknN_8A7KlI0JqHsCrXX7xdEzdaXFbQs5SL8e-GZKa34sEul7v6qQiFxjtncYYGhGnk10vqrWPT3s-cPyS3rFfpPG0eG0eb2jmUy2Yl6cehfXPMm9K-NwTR1XlaelRz77rXGcTszb9jbxpP0mEPByz46dcX-5aMG6W44wA2OpltBWzh0ICLqKCdbfWaDYasR0k2lGu-6O9SdM7QjtR2n1Hb6wz_v1Tn5EpJPMT0U_5E0XFbVeqXGqhCWag-zP144zR-HfjUXoVK8H3lovl8KjTlGjKLX4p4wK61_M9PSAFoBeQTHGc
8097,Bagels Bar Grill House,update,,,,https://res.cloudinary.com/dn7vbd6nn/image/upload/v1783405620/restaurants/google/restaurant_8097_google_800.jpg,google,Bagels Bar Grill House,places/ChIJXf7gMH8RdkgR1c_U8WpSWwU/photos/AaVGc3nx8U5V-NCTVt1VA_IkllC1gzNawjM5FC2Yrlwz4cdyJApVq7uwfnEfkmHx381V1x6WJNMIOjDQn6JqIDLPSvjreBrArrcZVote6ELwpY6me5SwlY2Ka9BqSFio4RwXCfuF5euJXqwe_Gmlcc4ZFcq72fNUruRYRCexi44oY3CjdmENi0BbfuhMpgjpPYJ1oJSfvOgZVds2FsX_7mRfSU-2LB-enBRiGC9O6I2R1YHG15rcgHSlkT95Wyzta9nGep5dGWXuAlUzg-k25_lLOyjOSiWVYseRKsEqAZ-u07n6kda5w3dMkqzTY5FMBiMlfOxm9W4OHN-O4XSlLTMVeQ9vkhKWo5yJj_RI_5u74tpgxYEp8oWOXbU3YwqmvB7_rL5G6y0Aghrrk5HzlJ2FDooK7OJnYSXQjKcV38E
8098,Beit Cafe,update,,,,https://res.cloudinary.com/dn7vbd6nn/image/upload/v1783405622/restaurants/google/restaurant_8098_google_800.jpg,google,goldie s,places/ChIJn-Sy1Z4RdkgRv2BjXCLllB4/photos/AaVGc3nLEU8ZDrfYbADN-4gTS12OUH2kh7YCkykTzwMPpRsMzJUFT3Fe9Bd-j9copFOYCWq9iBoif5MOE6USLhPpknw6CXMA-_fG16XMwvE1FM-n3MMCNBdqAwodj2CH8tT0cpc4bktQd-3nfnbYxa8ADt1o1tVMEbfqnViKjAIcHNVswKvixGMRQFxaHU6lM1mm0FrxxPz9yHIb3L2z4QDQJJwibiqu3L1BfYjVrM4vzz55KL0U-X6undFm6sXHkHayH2y98bPq00U4KwUFXOmiPy91g_xS0Y4v36EjFQrl0YA6TYEJZRSpaC3udyTJOrsfCqAs4OdUCfXHHa7IC5yVEORqaqnIdJ5--6SpaKy6JYiBctD3ouYrst8ZEgKUHvHB-EyjXmHbjqMxvpaG5mpDrrn4JnzAkqMItF1Thyz7uq0kdrKU
8099,Beit Hamadras,update,,,,https://res.cloudinary.com/dn7vbd6nn/image/upload/v1783405624/restaurants/google/restaurant_8099_google_800.jpg,google,Beit HaMadras - Kosher Indian Restaurant,places/ChIJIUG-n8UQdkgR04Cw-uysEIc/photos/AaVGc3n9qb8RQZLnHKM9JE3NE_4vt8FZmwxSmnSus5aA47yLDuTPkbV9uzHb4RutxoePYCfu1tbuyTAVzLsyLjpBYf2JGvLCBTlF6C2z1usa8kvHd_cYtGCfTKDwlT2C-UA_20hwDciuytb8LlqMYSWFacUefnjMsqKmC8FIy9M3mObMd1pmGSyXE0lVl_PsMUfV6qDHywpdfNK1mwFIULrBioABoK_ePzvRilepn81-4UzrcWcHCBFdmhnS7MrOIsumrlgLI4tmL_HigrRMvAxV6wYcc_hwAKHH1kB9KibOu3M21mf4bJpuK5bnVUIqXXfgWPAoLFjY7oTjp_89W1qd5rsELSx0q7953vmdj8oa89edGtfnm4ybkSNEwHpbGMw2z4YOAvdmFXknaQHIBXSLrpzXG0eWoFXm1FEVtqlznXpkAw
8100,Bonjour Bakery & Café,update,,,,https://res.cloudinary.com/dn7vbd6nn/image/upload/v1783405626/restaurants/google/restaurant_8100_google_800.jpg,google,Sam Aberman,places/ChIJlxuEN8QQdkgRn_Ukrc8L9os/photos/AaVGc3lctJ70PHvyiOeQxS-pdqe7CtqgEqu-q-vRSSt4gSb0qkznA4nvLKPxXe-wMtRlFfz96yfaGsVbwih3FRgD63WALfuwq41vBs-QqJmb9LTU9bdxsc-_ZbUXWvUAoJMX2xDDKSeTI_3Uk9JFOzOi4Plpsr0wzQWx-MpsFt0fFJzXXTPblQp8glqimAZP9WXodmjTSQ0rSXW05EQE9FxqlKPdwP-9JKPilFH5eFEL6573FHJEzahLmlRbsKurii8Zb2fanV-IKAC0fX1Q5Yb7YKmKsVX-BJ9k1601fD4eu14nY9XXaFHRMjnI8Z6DHGIoxk1BOMX3NF4S59WhCfa-5zxy_9gpO7oD-Lx15U59K2cK2TS3K5_jD-dHpxbBM8VmMisFAL87P6llYbYbgsYg2Sb8foggsuo183WmRNh1kSBZgZ59
8101,Booya Kosher Gelato,update,,,,https://res.cloudinary.com/dn7vbd6nn/image/upload/v1783405627/restaurants/google/restaurant_8101_google_800.jpg,google,alex alex,places/ChIJH7I5wOARdkgRV6SPnBfhvgk/photos/AaVGc3mL0wQ5zFGr3aQsBFWHfw5xLZMjU-Ci14vjo-Cjg_ygPJuCzn_Uyp0AfZGoS65u7UYMjujmDXg07oY4SKIVaErnHY63oF1JKol6MIUoO-x_z3WkY6DNYsaudhTMMzBxtssF87fkLqYKprkB_dlj7lfs3ApQUlJz246yRKPy1Uwwk-ChOaSAko76LdrdRSexTrRhd5WMqAsUtxTBY4rRXq6Tkq_Jf6XVqQ2S3Bmz1aYjHZfPOMjWyWeGQoP_RdG9dhsQLedSNXx66cD1X3emj_mPCVEWV1rbr3h3JNJkV99aA8r72lUfIFhGyR43tyw48jCceigYaL34-kzFHqE9whS1xGB5Fg4sFLqK9sinXhUXRQoXVDAk0sT4BPUBGC-laHR9bImcE6j7HpP0blOAAymuam69rkAk1QrViqJrMyhp38R9YQwX5krdv7ZR6g
8102,Bracha - Street Food & Neshama,update,,,,https://res.cloudinary.com/dn7vbd6nn/image/upload/v1783405629/restaurants/google/restaurant_8102_google_800.jpg,google,BRACHA - Street Food & Neshama,places/ChIJD3jdc9oRdkgRICyOWW-Cq5U/photos/AaVGc3lAZr-Kmjan_olS2ELXBHWbNxD5lVE8lAk6Qv4pMPMV9ZBzetA5T80JB4BjKZqsUMhP9zEAWTmVK-_4f2_tRHzR35WeVBErYbsTDaLYlOoyjZJUz2aY8DVhh0LMIlBvdGbPyKkgDMV-BzPs55OptdoBchu8OxPgcnMPcLxia576PiiWYy-L08P2I1-a5WuxSwmGH37hdtEvDcH8vawup4zgi6fsaIQW4aRGMCWy-b7L9Hst8nFlV8ZFZELHl0d1k6PKlWjeG-MkcV2O-xPyGu3XvKFlDZlu9up7-1hHXVITkxaVwWIa1aMsb9e2-7lcPttOp99QYwMMhA6bJ383Lobgr0eNw8q3HyzgUhWq6xAX5l0EG3kcVDnlfFP9hHd7i8B43SBg1Y_sTPIyaETE-nxV9aROQxK8SFwOkLIuwfPeZjzHlTZMX6Unnu8fW3pr
8103,Bread Bakery,update,,,,https://res.cloudinary.com/dn7vbd6nn/image/upload/v1783405631/restaurants/google/restaurant_8103_google_800.jpg,google,Y maps,places/ChIJ5TQcRqMQdkgR9MwQ7Ou0RTs/photos/AaVGc3lzTbNj3BXr0rdlzaWwTradc5aZRMK3z7IMn-W7VxEhyQR_JP2cCfsd5z75KXW6si1ZRXXzL8q8Xa5fqoQJj_SO83VPWPvHM-Be4oj1fHmtIq7qUmSyn8JNJ8guOuyrltNCnqzcVWDJh7-qBX0SUFM8rczE3LQyO0zdp-4WqCgv4V6keKwvpS9F-ig3JuopVCi33uLLo65TtxUxYhchCnkApUpMixxgp6E-m910icuXfKULurDCy6IbNPY6A4GUueNyIMYieWwdTKF0-n-5X3w5byp3uhrUWaCTenwEl0E_6IVrPwI0WUwg3Z3ziSItmhrjDYC04Qc5h5nureaRZ9onrj-1rqnGCACIHd-5teJpjqMUemL0iiYzzPa77hqJDW8FwnujUA8aZrTKFDimm_JFbGVXT5QWaJ2MaWClGirGiw
8104,Burger Bar,update,,,,https://res.cloudinary.com/dn7vbd6nn/image/upload/v1783405632/restaurants/google/restaurant_8104_google_800.jpg,google,Y maps,places/ChIJQciZSKMQdkgRSsSBUYEwx7A/photos/AaVGc3mVsWZgdZrP81L0u6ZRz7w6HE5_5C3xDXy52Zw5vGaWA4KvvT2U7ymqgv6Q_FBOmlNNge-EZs4lWk0Xfpcq6-lhKkpUSqXy_p9W5Vm_l3_QOrYl8rSjav82kPO-NNre78W9bFnmM3aNi-McRMIxCZGfDpYKOxz3JWA7g08qWMVWKpqnY_XTvlVid2-_D_TwilfmGUFqgDHt2Hm4F5HHOyRP4GI2DR01Zv3hh_wCiyg7wIhP9nZKOQNjqT-Scf7hD3ylQB6PsXTVZ2NaWccB_m9uU-gE7UDkfjF0nrOdDfMeO4mlhjrn-e3_hQMkd5i96btj443-WYcRlMcH7pR5Ppol7a6GLSkdjTQNkNehAEpZ-HdSwjxiCSj_OjfXL6f-_TuS3mMAZlPdLMM687yE9ysE4bt22kljd2rkSNIH3QEbgIVL
8105,Carmelli Bakery Ltd,update,,,,https://res.cloudinary.com/dn7vbd6nn/image/upload/v1783405634/restaurants/google/restaurant_8105_google_800.jpg,google,Kol-C BeL,places/ChIJf8WDZ5cQdkgRTcjU2kdNKLE/photos/AaVGc3nIzgU8Lrqf5phbOYCnikmJkoTkywORBD63q6RPclb-IngX5STK1Kalb6MJ-feCZiV-cX0dpVkaC2ggkmrRkyNRod8J8B0oR16WZ5hCPLdTgIGb0cbwM7GP9bBE6266fDgJ_LxBrbzUHTYLmz1_3ngfC_fs67Mp_YIyg_62nkVKdBRZqVc363puiZwfO42aEMsYemqNmqsUgCKB7xXRfFfscE1PUmbDhp5s2akYhkGRhnY1e0mAfaeMJrfJCPcrfahAaRiQjgtz4YoRkiSrJONlLbFjtzdiBB-vIor19Et6H3QB3O01kjUWonVcimhYd0zZEPjGVoffUqRxKSnO5KbSQnLot4pDttxl2uRReaqTfyEDF9iRFrQl2-ae9ft1oxHHE0CFYYKKIa4niYBryDEeIINzegTJWNFJPme_ybw5Pg
8106,Chabad Wimbledon Kosher Shop,update,,,,https://res.cloudinary.com/dn7vbd6nn/image/upload/v1783405636/restaurants/google/restaurant_8106_google_800.jpg,google,Michael Freed,places/ChIJR_9QA7gIdkgR8b0znW44k9I/photos/AaVGc3kGpnwkDuZhkXCY38vtjVjkMJBgN7rvyt85fufNwq5LRYesWXAfB-HubLMoBQxpkhuW8__OANykGWV84BQxI5bAyRKd9nzKoHV257nwN9_qHoekORjobyNKT37gVsqnwZX8figkRDA16RY-A2eVi1BKsN8X6PMpFSKA3JYY6vyWRFFKNoGwhPgo1lfiUe0kIX6vmImzUbdWjAhERCKZsdAAofge5zhqNJ56wxRMCcy9msM31npeScwSE3721td-NHWzw_8JFYTht_7HSiF6QkgFEbR8lbK2gg5kXX9TKfG8KTxHRr5pfwCkvYy2ODKJD8sF3iWpy2SwVRyMKAeet1H-IVqssFUIt6AF2NUdCAtZNwOTZnjuDv98nTtZFCGcNpn3VebWPPqYPJdpk_0RgxZUVD1BesxuPSrNcCZc-m04i2I
8107,Coco Bakery,update,,,,https://res.cloudinary.com/dn7vbd6nn/image/upload/v1783405638/restaurants/google/restaurant_8107_google_800.png,google,Coco Bakery,places/ChIJ4aCWKjwRdkgRc8b1MlVZDIg/photos/AaVGc3mnnGzy0AcgwyJFdw2O_nRgmXAYkErb280sR44Ry5-q1Qa_5Bgq6Z_pA54RCWNwYpfg3Jy5MKrre5swYSaWpQN9KBzX33gD8HoS0rOX6hkUPMGIDA6JqNOuEa1S6cDKeyi7SGshiLpsup5Ena4gGWpc6QcM5iL0FZCrDIXLO59vDtKeaIQshvwH5tU75ppOFtVUyI0YsuapT6ZARsOJljKaG6ot64ySQhCxn3cwCwIdRUZf1R41mVyrcQkCUQSXV2l5GaF0CBrxk77yfMSYE-HCZk2IL9rbVMBelfP5l3stTmwnFmLAMGzbEP_FMHgvdUOlmbtObnL4UVbQRZqC3qx_wgtRUqaEwrHdyDJFNW1e2HubiZyF8PTJVjnX0Uv5ezFMp8-wgdSZii8bePz7C_4jbfxhXZiFeIPHLzmaxQ982bqK
8108,Creme de la Creme,update,,,,https://res.cloudinary.com/dn7vbd6nn/image/upload/v1783405640/restaurants/google/restaurant_8108_google_800.jpg,google,Y maps,places/ChIJZyg5UqMQdkgRyfSplvPqkJk/photos/AaVGc3nHIPuGxv1rbvpnAKwRShaRr4lkyceVS2G0NM_SXeXNAMxRZNU2nzB9S3rPgb2tnN47ur94jfHJicRf3YT-6SC3Gpt5ZKcj-V7vyeWyjqMX3LE9hzDpRUl5vHNnNpaYJuMr0ilOBuD6DojSyn94ukRCvEZ_umHAL6KyF2rUutilwFdi6frRVfo2pvFwzMNgYKQtj2860RT71gLOszBDMJ8rzt0gO-60ogAKJ4o38KH6PU4N5bx9ILxTVZv_dxxbFlKtNMOQyqxMR8NmM5Mx0b3Sd5KYFsJO48ENcbRakpFbVvUeMoaAvOGVoHHp2Bwj5N06yuDabYZLkDiDVuUee5vgWiXxF-4GqZy0xDWoeUeiIdQZFMW-QjHCyONbiN0SfIsMIJPhp2eFkag_qPm2s_EoU9iRVLFVnc6OOHiBlgBIzoa-
8109,Daniel's Bagel Bakery,update,,,,https://res.cloudinary.com/dn7vbd6nn/image/upload/v1783405641/restaurants/google/restaurant_8109_google_800.jpg,google,Y maps,places/ChIJt81q1KQQdkgRWHemtJpjXHg/photos/AaVGc3noiiJMugEJ8oVDAtaDBPOfAKhS_1IF4mKe8tOhT5aGTqD1sazwlHZxupHzHDfdemc3XkXUaZa2CIlo9NoJL3PqtGfvdy_amczJd6wdG_ka0p-0N7aVok1n2LRF8w4iLAhDZ1yK7dN3z7rkkIaHvAnWxBOwWutz8CV_ZwyR5ixoq4MaVMw0YafmjlOGixw_03D6q9070YMIkp5PBUSn01GnlAZ2IeyQzrmSzvD5KYyoveuf_hLXni3RJzR0ivxR2N8eBAdxl-aquqIxImIJjK2XX2_eeoE1InVgHlUKmpsbTZ5yDTQ9oYxSh344ZyqZu5jkzyRZD7F8lO85DBtIZhT03L-vrfq2aNcKAV8QqsypxygEMCHV-flSny0agK0TeRA6XGOXFhaOpT7MYbMtQD3JXdFYhpx98DRnE35OCEn9-A
8110,Deli Ninety Eight,update,,,,https://res.cloudinary.com/dn7vbd6nn/image/upload/v1783405645/restaurants/google/restaurant_8110_google_800.png,google,Deli Ninety Eight,places/ChIJaXDGMRUcdkgRO05piW3QD3g/photos/AaVGc3nri19NJGpSi_m-qD2l6zSrVUiBbLx721JFcxtkXsaJO2maVJwlMUxWw4Zzl3o3qstV-BxV-VvemY-nTAsTIbuK1ue_Uu05SEJAzcHLXPy-YeYiZNHHbQdzZ7w12j_oS5fYj13_I-0Kgtvup83Ul1VfUpml3iKAUnOAfujkWZKaolFUe8_C1A1N4UkO4zu-BMtkfbCoFrHWB1vQ2czLQyIDmSS-b5-CeUkm_qJrg48shAYLHgk8AsYYEeXTk0hjfXgUxzwy0JL2Z4FfSLZGAJnwiQf8mAPDXXBO9xjEA-Th5gUdE01xhhIYEh6bZbkYmN72-pTJ6xbdJ5Yb3ARBDLF67s39UbgX1i8c5cNHkV-MnqAThY-Z7M4RbKkMIq1uCF-cw6gdCCReZuShJl5qe8FKTIj-jWtm89ekHemDCaHkMYip
8111,Eli's Pizza Edgware,update,,,,https://res.cloudinary.com/dn7vbd6nn/image/upload/v1783405646/restaurants/google/restaurant_8111_google_800.jpg,google,Eli's Pizza (Edgware),places/ChIJzQx_stcXdkgRH8ewSjrNUdM/photos/AaVGc3m1Lvjgkug2EsdcCdIDMB39m7-13210Lwlj68_BAYmCHLMdXYgt3uTTTEy_mqDd7PfHk6pOd2ea2O2_4YwoLp-yQ0433C4sJ4wzP3aYdois55PiYcjvHheq0DI-3EOkNU7Frfz97ad-1OLjNa54hO_Qfaiftfq9KPHyhC8Oy99FidlO77J7ZPkXTVlqLL8ff5Z2vUOA4HKR7kDaYloqqteWMJj3r3UtCnzBgyzT4tQZblOt0gLpRPx0E8JkUH3WQZdiL9WaP06vC8eAWI3NlbiBb8reGnRkrj5k3fjYCE9wIq1Us9c40rsK5WZZeo8wMO2lFJKq4sV5bZ4QHAzkMP344_giMDePR1_VXgjdY70PVxpVGD-Oo5rjlopUIrFz-TZdonbkxKGOCqCLX6A0Ec5-_vYwXY-CzjK9kY1ODmnxiQ
8112,Eli's pizza Golders Green,update,,,,https://res.cloudinary.com/dn7vbd6nn/image/upload/v1783405648/restaurants/google/restaurant_8112_google_800.jpg,google,Elis Pizza Golders Green,places/ChIJi1kgom8RdkgRSdceNZCdbS0/photos/AaVGc3nE7liaBLNckpsG70d38Htspt8z-EmJDwzCq0SLvM4XGXYHZaf2Q2T7T7_dEE7a35W_frSYoXH4rmJN2juJdgKBKBjSQCm7xNo5PetJMSYHe3yN-VvFx7R9xlKsgSjbvmO4mxP1ihiYvavpib1NqL2HLW0Kf8CEWwKQDmA2g1OceOFZDR8pFBTSYJevf8fDe1qkp0hKnlqAh1xLUrD5JLZo1GDmUwFQbm7154GIzw05Ao6eBJaUWEOypRrNsW5wryZUjiWAemM9SgXgLftmSrw2d5K0QHfFEQsDZDbrnI6WsoFP4qkP5phBJQVknnlsi8_p3TsdDDAhkXPE8rE4E9Du3SSefoxvuB5er5WmhdCdDgHsTsmmesoW4Hr3hb4qBtjXTZYoyo2Hmy03WKdRa2DY0ETCWmc4LPOfF_SBEVWiig
8113,Grodz Bakery Edgware,update,,,,https://res.cloudinary.com/dn7vbd6nn/image/upload/v1783405650/restaurants/google/restaurant_8113_google_800.jpg,google,Grodz,places/ChIJe3YjwKMWdkgR-RF7JYO2YwA/photos/AaVGc3lVjLYk88XwyVVJyOWFthAVlfEY_n7wkGsyYrqLfxO5hZOUL4ddAz2h9aYPfVbcypYLiWYy0-TktEDuOh6bWWrq2OvqkJuL_64GFHSQcfMD20RxvxZK8Z7Km6vauYJ2pi41BLEHmnipPPbRgil416VRn2C0Sq84_FnXbbG8ogfa3RhSWFnyxO1F3SXfanrFUjHT6rbLaqUs4aLNrhEIG04S1mLb38PAgh2TaB-2LQI4FAv77MtLIo2kGO5kUCNGMStJ4wCiOd3qbFWZWPeBudCcJurFxJbkFdsTHkEHVAgCt1BDLMfajGkfCAVHbik7D8RlunU2LWMHtoaYwC14doBOlbdDA6jQJKSVzYFFZKMWJuSpbE9dR-btgPkfSA21ccSeR8eKxSGz6b66V2k4kCIfn4XrbYGWpqshJdnuxMQ
8114,Grodz Bakery Golders Green,update,,,,https://res.cloudinary.com/dn7vbd6nn/image/upload/v1783405651/restaurants/google/restaurant_8114_google_800.jpg,google,Israel Zilberman,places/ChIJqZH4uqkRdkgR8aYatpX_NWw/photos/AaVGc3nCdr1FQwrv1_7jgZOb7d2HahZBifn2kXt_-AyiUwqIN609ozuJzKXD7TJcYx2xVYiI_cxIXn6XdilgohosCHWO_AAObGyrXbyq-BBt_RdjP65Qfl1nFfRBAGy7EH33f2Rr9-p57PxTSGL85iVSQJCSmNqRroXDEMZunA4b0cD0iA0k3n4eEqkjlUlm1jpb2ywzLbWXc7XzFscY3UV1_IG8TsRzIfvOJXJHoge5H4UgLKXMq3OrjaAeOhtUKHLPLDWGLrW72NjDprDYo6aXE7pUGuTgyeUnJ3bPFKcm7SP01WfVz3Rsh8OY4EWsqO4SOIfZz1Vdaon_ykq_fLBURfwgNXs46R_orPlV_LBdCOof7uptt2rxjXuX4-i93Rl8Psr2XHLl95m0oro7nBEvTWyTwbiwKw473T0Y5GF5WmhGM5gC4jmC8FxgkuxbZNgb
8115,Grodzinski Bakery Dunsmure Road,update,,,,https://res.cloudinary.com/dn7vbd6nn/image/upload/v1783405654/restaurants/google/restaurant_8115_google_800.png,google,Grodzinski,places/ChIJayYm_G4cdkgR95F5Zb1i928/photos/AaVGc3mECOcu6h9EjBBTJ2BBE9rCwNfyLR2lwtj0UGw051o28zbMjeBF9PPTG_MLBrA_h93tyeJsWixAcsf7SvuqnN47SU09Ns4zYag1TWms7tx5OrVTIvnx3SM_U-p4OcQQVITi7fBAHvc4QarzofAN6qfR1nVHJpV2M82PvUj7LtXDiYz3rje5lmfORRXRKzbTQZD01d0B3YxR0EDIFMuuXhHB9-6qXDG6YDC3F_P66pADKNq7spWMENObwbMegy4o1xnwnbCgXhDaZUHTj8OK7w9AAKkNeWs6_IFiwh_5y_VqqveDnRMhy3SjB5Yo7OLkH7GB4sh4uqIioizDPt_4ViDAw54ip16lRP5CCAaGIF9I9Xa6dxois5eiCuYd0KVd8jj9a5LkceTg7EOJfERyipjJA_U8ZJJ9Q5mGgHNYGTnPiQ
8116,Grodzinski Bakery Stamford Hill,update,,,,https://res.cloudinary.com/dn7vbd6nn/image/upload/v1783405655/restaurants/google/restaurant_8116_google_800.jpg,google,MARI CARMEN GÓMEZ PLA,places/ChIJm4RJGmocdkgRU3Ybwm9lCMY/photos/AaVGc3kfFYtbnzjUIPO8x-EdnlMaWBUK2GD2B-xbD3L_TsSz93GRekkLh4Cz2C7W54mLWqsYH9DcZNzkTL5Nvnc56dbwcBvThZrug7FlUPy2BXTUmtUVo2kVlno-AB1mEyQzOv5UlgKoZmdhiNl9dP-Oh_qllq4ERrDubken4G0yUPxMOA1ALWXm_d6qiITEw35QBmPVEGEQmpduiUF3SIy6-5Wz9RBfaxxye_oHngTbjBFh7PMibaRp8H2yqoWHFtP_GlDxw89YrJE3-Nx2tTmLgcbddHuNiNwA2LmmfVFmAy4g5XExJhgL3Dp0xbmoWrMmKRQoK5G9eTOpen-ciUmFwbafovaT9jMNa1iDLLad35gd1wRwS6KCgHanwhKSIU-86g0l-S07ZyKJYu_wBuah6ayxgHkQnCVaUWoregcHYAjJ9A
8117,Habiba's Smokehouse,update,,,,https://res.cloudinary.com/dn7vbd6nn/image/upload/v1783405657/restaurants/google/restaurant_8117_google_800.jpg,google,Habiba's Smokehouse,places/ChIJ1wn0oyARdkgRZH14CoZHkRc/photos/AaVGc3nXg3G4PEM2C94bN73HZEg-fXLDxvxYJVzHPLHfk-scasufVh-lj6DjfvIiowOTV92dnYzzXUyKJmI-BCxUN2qLMh07z63N1i1AjVf5M06gdj0yB9mdXS-gsXWw3VrfVnpjo7-BzHFFWtdCnU0vuk-pwy8Bsuoxx5EVdB6K0AJ9YtTOjylr6ALKh5hRLWrUiSHQV2jqkDIF144_1Dt_SgJki_yxYkxCSUZw97CWPAEJ4ibIMQS2_wiidrultWGdVTHia2PFYH5K53ekn4GCtv2NdKn1_Kc2FKGrHDTbDu1ChJPz70OZoIstXIj7uRAxEqJjsCZIMIMNJwKl6c17dEIZwCcYACXqyxmrZjCITLRBCKzkhdd495TlfqaR1ZYIZQan_RaXaPcAZhXn8fJe3QzqDvI0d0FPmrKA__wXby8TUSEM
8118,Head Room Café,update,,,,https://res.cloudinary.com/dn7vbd6nn/image/upload/v1783405658/restaurants/google/restaurant_8118_google_800.jpg,google,Head Room café,places/ChIJ3RvV95kQdkgRTz8J-aSb0hs/photos/AaVGc3kS6KCHMGl4C_8Wxamn_GI8jYhKNgZrQ5m7zJRO7F_XqsjCuzfkdUkyLqlDgMGoUYf6gqZSiUNnbeEjdZjLxZUbccTLVhRALLlLs27FYPkvxddcHkOdo9dcjlqAw8L_fg8MxmFJCx3Q8Hekd4atzTZxQ5SRHMWBtFTeyaG9ze_XrNuder3NZ-rihXlkjuZCsmo4zunigMyWO0mE3kGytqvAp9RT8wymOpCSUhPGsKP6ut6JNrzvIBXp2nShakBylBMbtXI0dihjIYi768yXG8jouFrt13OG9doTdGqD9qw7X7NIy6oNnywH6KIl5Jl-lLE6swOXZ_IZwf62hSMAh0gTU5PFNnaYFcyTCkx8nYKQxBObzm__2MmXvu71c_fhvPSuHW4Zg1oYkyDejDCbpe7SXyF7_EnqmlwTlIVZWhOh5A
8119,Hendon Bagel Bakery,update,,,,https://res.cloudinary.com/dn7vbd6nn/image/upload/v1783405660/restaurants/google/restaurant_8119_google_800.jpg,google,Daiva P,places/ChIJsSMN388QdkgR10UzUR8h2qw/photos/AaVGc3nj3va60Z6HXDYYrIZInTYBD2AIWPLKbYrN-ZVXuNiX7XEdyDhtTBJiqXYWK-vWN5osQWnotc3EZ1VghoHppe0BHQ7cjPOCcP125kJdE6IVlwYbZn7X-PEV4n22gJXjZz7f_eGu8KwbSRJfuD7W595DSl8OF8AK75Wow29pl1JR8y5VAW3pcG-38AS_HOQq02v0sNbBiSeGkO_MSs0yFWAyZrWsbPiYDqU4VErEF2j0yT45CQfMjiByhGESjwrUKK3hKyqVwhwc4WD5k-H1BBEJEME-3e7B84MVpllrXcrmwoHfqh_luOWzCFlSeLdPghrq-oT1_tgMh-u5beBXjA7TD0HXbuWYUmbs-zOTz7MONgNzoUSbyL8JQ3uOW-XWlStzyBaB5Ml7peEcjWA81yHUuJdl1y2xiHTEiEm8wzUeRbn8
8120,Hendon Park Café,update,,,,https://res.cloudinary.com/dn7vbd6nn/image/upload/v1783405661/restaurants/google/restaurant_8120_google_800.jpg,google,Hendon Park Cafe,places/ChIJG6cQrNwQdkgRh5_yG94MSss/photos/AaVGc3k7vzoJiuQWg_XMyQju2Io9O9u0HUJFFWQhcBHkaj0JYxbtHhE4n4qaL1m-E1tXcAR8eDwcVdJtOIYIYLqWk9X5d482U2hNkz4oxzXU42BgvyIc4tv20TB7mFsh8RQ1wxb7SWmf3rcLYuF1-MrUgGikYrjPvD6Ruvt3rSdr7b1eolz84Vm3PGypk2FG621SBkARnMyWgAma5i7TSPvd0ESvicjhQyJ1SwTPsyUR0ihG9D2JWgSLeysz6vg0HxpiZkG_bD18POxwaqr5DZMZruU_-LFLYsCyfIcWILE-gjXx0AftPrVQdgi2UELB2-VgZ9Zw47EW95YbVWF4f8Kshh8hWV0tSykKqp5CWYnlmMIrFQgGfaKw2QqIVaxkxMzhqfIIsZx5cqa_9cx6WMTQ9gQ3W9oUNp1uOM1R_fp0DbzYUA
8121,Hermolis Catering,update,,,,https://res.cloudinary.com/dn7vbd6nn/image/upload/v1783405663/restaurants/google/restaurant_8121_google_800.jpg,google,Hermolis & Co,places/ChIJQZU5HyESdkgRkIx2YAPvbg0/photos/AaVGc3m7wtIMLGWUEnXjHm9__KcsYJoMw6hmSARKJcrqqgWLUd4q8q3kpepUPdIlBcBhUOg8pfj-4LnbQ28QTs-xi5euIY4J18lddEHjnXEGHM-CPyY1VkbZbv6kdk4AeNFB8X_JlajEjoaDHKqImo-dI-7tTQoCQ1-5m3AxDxJcMdGNN3P6nLlwMmw5MFBvdNO9LIUVRdcAMyPTzh0S3FzVgSFlXXCc2KVbKB83WxQmBVU6GFpV2Z98-rDMbl0Ju_i7wciZ5ANtsXoIMrl3IS8sxQGh3JfgIpr3fDHe9Jwf1T9fiEEWyMYko2H-R2zHfTYchadvvAaTAXG3ZTd5Utfqfor-AtHLY4_kJElsG_rolSD3QewA2ZcptY_bI8GQTZzlmeasO8tHb6lCntXsCJTZNggS4qM-HVJCWq5pNWAhepYrp2zi
8122,Hot Cut,update,,,,https://res.cloudinary.com/dn7vbd6nn/image/upload/v1783405664/restaurants/google/restaurant_8122_google_800.jpg,google,Hot Cut,places/ChIJRVzzG-0RdkgRezXmFC4tyhI/photos/AaVGc3lF65HTqWGxrqj2W7OKL-3qfE5-Xm6VGxx34tOSnMn5MVRKHsyVfqoDoi_gfOola-op85Mhz1StPfK_9secXuAtjXa6D220clgyfvoFlKD-nGkX5QXECx6fQF7L0yi4S0megMiMZR-5CeHLAmdTqkEd0MvWVQ3I0sWSM6WOegl0Citnxc6H47SpxeevdyKPFJqMSXck8pUGXN8mqxMRNvop_q5D5LNChlde6VUEwExPDOYgVvLFLzoajxJTiymrvyzMuLmEEXv33ujizC-C1c4KR5UVTDYBwFuw57ZJAxVkFbtm2w_iBfTxcmyPkhLfQQJQJOBTksLePKkK0-Sk1DifjQNmq_vs1XwF2IeAL0Ce0xNBccRWafpdZDc96xh9d-WlzY4aW_VYgNMQO11NxpBPTX55bmB_x6YojIwPwYbuV8M
8123,Hummus Bar Golders Green,update,,,,https://res.cloudinary.com/dn7vbd6nn/image/upload/v1783405666/restaurants/google/restaurant_8123_google_800.jpg,google,Mimi Sharon,places/ChIJHVnb9pkQdkgRBz4WohT_kO4/photos/AaVGc3mY2tHOLDlJJvYL0dR5aFyzPipoF6jj2Dnm0VaVWdAAWniNl-4815VEbhOUM2xQDe41t2-R7q1CjtxbHYCM-SeKw66J3Ol8V-99b6PVOx3-sSsGAfF9E39D9q0bAMd_g2tL7u26W0b5nU63kU1H0ztFEVxTULe9yn9OxzYVjdzVtwEMtoxFAkOVAuxKnD6zEIbGNrk-3v_xfhAgBvThemNrdNLFR5YXI7gkXgqVBWFqUod1et5ueMVKsbxVkAzRreegXpx7Bp7W61zYa0F4djjffhPdcXzAlQ3pbUI3mskDXQFComuMbs-qHAB37CKYw3bvKNUTMH1HuPc7-y0lO3wq33UMUZhO53RvIYQud5awQyZbncK2vkQh8saIDb5g3HKa6RWV6cSaa52Zx8ib4e6s94YLD5VpVcjSo2EXI69Ngg
8124,Hummus Bar Hendon,update,,,,https://res.cloudinary.com/dn7vbd6nn/image/upload/v1783405668/restaurants/google/restaurant_8124_google_800.jpg,google,Hummus Bar Hendon,places/ChIJ5WZedcUQdkgRIqW1pwi0iuU/photos/AaVGc3mie3IEXW3LUNiQqu9-CYZjOWDA3YJRpLpPd3rUDVDUjDHTvqBf-c7mwFleySwN-2_OO-WbmZn9ZIxy9HDmXfyylHraHa90WaLU58VCvacjR3EvguzPExyF3QTDcgQn74cHUp0Hi_oMf9ia2_ChJsqcKPe84UBXSnADvo6HYabA-i7W5fpc1eD3UdO9Cv37OBKCkqzn7nGKs9H6vX3nQV2YTUcO_fKQ06Y35aPbyc9RglhP13oo965V6WPTqv4MHixVs84Z63BUVvYNoiBIP8l6260vwG-8QJTQ7wTaGfKKbE9R-Qg1Gn4v6HJXgI-O_QpZPpFZb2tHR6i7L20jTvViohynwNy7TS8nF9xWcbkLbJ-YFJ2BzjNB6GCj-gOVTP92KFKEOnWHprBfAtpdp4Mt6h2VPI14NvbhSrQFqQ73rQ
8125,Kaifeng,update,,,,https://res.cloudinary.com/dn7vbd6nn/image/upload/v1783405670/restaurants/google/restaurant_8125_google_800.jpg,google,The Kosher Reviewer,places/ChIJu5Ow388QdkgRv-o7V7xTIVg/photos/AaVGc3mgCv51RPKAxSeZxkuTJ89ZuAjnyG4dLZP3JZk9SVYO47WFHmTxq3EFWKEa5Pkt_lXNTTScNLGwZ1-q5VfztOMJmQk1rzvRLVcXrYuIFCRoiDUB_LrIzpfMMxX25pW2NcYyaWdDG6lxd2zVJ0W-oEo-fm3QJeOgGzZXN6m32eswEMAZHknDwhhBtdSc6dagcZHvL4VkSlwDUOA1euyfkLObPyB22IEwEMTwioR3gH9P4ROwCdPUjTqelS77FDQrIKKU4GjQml4r6Iu2YlkgEKM_TT6h2UbVKf6ucxoNkWUkx03n2bkpLU5JoVfc18ZsZUIYaNjq1crk9Hhx_X6HF9DwM_OAAJf27kWMhnXoFkY4s8llVva15faVGp4L9WP1QQWTLV3KITMaR-JkEH9i-OxgIW2EWBqUatnr2l_dvnca2A
8126,Kasa Bar & Grill,update,,,,https://res.cloudinary.com/dn7vbd6nn/image/upload/v1783405674/restaurants/google/restaurant_8126_google_800.png,google,KASA - Bar & Grill,places/ChIJR3mQg4QbdkgR0virrgJnebI/photos/AaVGc3nEu3bmmdkZ42iwmlGQrIaf3auqN6jq71_LADtuZJX7rG9lKvV5iXNSi2WA8h2_bxnTWgkL4xaacmRjPfqpocusYO7d6YE5inPlGar1SoVGP0eNp-x1aWLoyeY59YCuCJ_6j8L0eHYyOYEXRVBtl1U2fr-D9ImPPzdddK9HGMYwD1ZgqYJglKStZogW3tNJ-Xlc81hDC2b5g3wtHUiWo9jPC16Hi6tTGtuRparUWSdoVDbN69ZrzfhBP57rUkN2GoBzGzZc9xI4_crLiV5hqPpByr0EV1NW77k_MMsBsxbGeulQh6yC8VBrDyU7yxVuga_Dzupog6fHkfuhE_aXudif64sfu0mCUWTlnQo94xmvCddMXk4vCKNS_9w3v8vezUAuuC1TCtaoB8L2eU-oV90IuyFb4iLmZyRVSRL3id_qphKt
8128,La Brioche Edgware,update,,,,https://res.cloudinary.com/dn7vbd6nn/image/upload/v1783405675/restaurants/google/restaurant_8128_google_800.jpg,google,B Hammond,places/ChIJ31ej6yIUdkgRJPg9W6cNR2w/photos/AaVGc3n8er5WiiVdGQTUcsJ4tD-kXQg5XwqE8f13yWHXBWXRaxM1z8hetDsQx04ZGwpdanqVyQ7O8o_giMXl6bcdUO1Jkj4A6hTVRu8nF9bGmfzaVpdth9BYuxlaw06Tpd-isuLy2AFxM3ytvvEfc0YOvOfRCnV56zPrI_x52YLYV_Pr3m6g2IFGWE-1mibEzXPVzfbkKiii_xJVr4SgthTLNyDTLdZW_pH4qOmyE2ksOZUGvN7ny5E9rXxXH1Cv8m4dIysyoetLlDOXSLzgF4tlxfmxn3gKWI35Pk8S6aHp2pfAZOBWim3zhve3SrDr560hX9t4FHr2K7UguB8TZhhjDE00KXOK2rSJq9DQeimT8GHmVs6CkfiobsraGpz0Im5HMasHZOohrA3TbnRgj1CTMG2r_2hLDY8YW5tsQFqRrYTN4dHj
8129,La Brioche Hendon,update,,,,https://res.cloudinary.com/dn7vbd6nn/image/upload/v1783405677/restaurants/google/restaurant_8129_google_800.jpg,google,Patrick N.,places/ChIJNRRYw1wRdkgRLMbV6gwD2zk/photos/AaVGc3nJlxfmAEgMWZyIHgtg_I77XOUw-yHEK6lfCT6akUeIKGGDMK9G_J9Ml5UzDiIRQiSOzuGLqzsHio3cvlddJpIGsJNfmFZ4t6ZA5_w769kDD_uPF6ahROLQKYtlAvH00g8IkenyWTHM--cMQGrKbaxgSndRBuFUnajOGtM1KzDg_IgOM-f14P3uF2YbAyOOAy2bsw9k11XdW4oSrqbW9cXyGXggEiTD9CzXC6fZAqu4Cc8LjrphM2GeMcd71mjyDCjnA-7tdKa414hTooBK5usaUCKhDpV1oZBG7aiSYlHkpZnKkfa_aYBUtmYgoK9iavelby2S0uK0b5MnLtDQESKmPpmH_wvJNvcCDmqF6Wt6xS9u7nyD5u2O2CZUbg0c1mUkymppdYOevTb1GyjkEPmGx2i1xMFxH3pvF2_-RsDS3w
8130,Leveyuson (Fish Shop),update,,,,https://res.cloudinary.com/dn7vbd6nn/image/upload/v1783405679/restaurants/google/restaurant_8130_google_800.jpg,google,Samuel Mazo,places/ChIJ8VmLTMQQdkgRza6tNHp8v0g/photos/AaVGc3kms7fhHHkA8NwM5TJc7ixf0wTFCp4LRh9gdtVJU4bCNVsf-ue06VMf5bcXCpF336tqEaa7X9rxkeVm0PGnLp7kJhPTrE1tz_GLBu6SlVFNnZjaPBQ0VAhT0x0O7A8ynEC_y9XPncAhxcvKp_f6oUw5VnULtiJX46MiJ_0CzR6Z9iuDJk3HU9_jQY2-SPy5EANOLjkeC1lWJhgA8d-7HbaCzsTTgxOS2k7qtThxykdi33ImRy_vKftHnbX9bxLzOigU5aBTUTlIztsSOLw-hysuqMO-HSPVVaPQi0cWdDv9fNblL6qB1x2867VztU49rzPWz-0X2pNPEgqyJOqlRmjSEiqwkEhPjWSJ3EBFixlu2b39bQ_c2nG-Dh8Pki24a2np6XqN2Sb2PSis8OlYbARMSUJuXiqLMODvi53H8wUN59IBaqAOjjUreINnY8HZ
8131,M&S Muswell Hill,update,,,,https://res.cloudinary.com/dn7vbd6nn/image/upload/v1783405680/restaurants/google/restaurant_8131_google_800.jpg,google,Manuel,places/ChIJt6HwEC0adkgRBP7FytfpcKE/photos/AaVGc3koPiygmTgA2dl_L3ZVSqqeOzxGHGV5sPTKw21RinPsL5r6H-2hELSfPG4Y6u54AXgQ439D5MBKa5TqZLmmKANBx_izVULY1MbvWCEeyLWa4_17i6nRs1I_TL8uz2dNcz6QpyrdDylW3dmX-_a4lX4ypr4nRAA8JvjAUHj7UPHweetinLtvFN7Lp1sokJi2dtTnmshvTkAxozmrPa-6dvdBjpcRO7VLVRSHFroZOpBfF9-vmUPZLv0x85hdm8VAPLT7589ZHaF6jS2Mn6QqRbhmiWMlBijdqcPJnCmjjHDdOepYnIJbxHew4I8QE6-h6-DdxgZIsc0e5q6Y7B0VbN_mpFOTwMvtFDHcRu6fThPQkjhBEQwQR54VNBiNwvw0HazYVJ6SmGQd1napCu2zQ8CpuKmNf4WbSGQu5BdZdAjL0-3v
8132,Manna Deli Catering,update,,,,https://res.cloudinary.com/dn7vbd6nn/image/upload/v1783405682/restaurants/google/restaurant_8132_google_800.jpg,google,Sam Aberman,places/ChIJb94vnMUQdkgR6Yac8cFUWkM/photos/AaVGc3l2qVEFzM66SqITOx6zNqwQvrRk2z7ZKfYM7s4fk5sJoS295vly666Ht_vksdFmQGTYr4gjprtBCUxLaAVQcm3_akHGDH-WH8w1VLWU9Exqpki0yc_fJ1Q6tVMUdV5R7csc1PN3YE7H2t16LMMIynsJ2qeixhTd90Dfn94JG7R4qrhju4SzO4sXXDl4tn3lnfdZUkp09hrzYCPeOUV3yj7neJMERpI5NUWIg2hKQxM0lOmtAQqZqn1eoL5-2mNuPE77JW9itaUFMU_70fc8FzLuJdNVR74Ne284g52zLBRgXieRWk9-i_UzMOYcfe6fUaCI_lFv0712NF9Q3tFjY1AEmGMgWAGyuv_8BkAAfunVWBa1Ii6Eu98pdXjQoQ65Ppk3tfaJV4A8gbJzPcV5zTbpnTs_s1Duzcv29nhpfVMZiA
8133,MAZAL - Original Shawarma,update,,,,https://res.cloudinary.com/dn7vbd6nn/image/upload/v1783405684/restaurants/google/restaurant_8133_google_800.jpg,google,Serene Dubois-Lee,places/ChIJ_clTdh4bdkgRNbqKHx9x0ZQ/photos/AaVGc3n-VefRhnG4zm_5Nee7F1NmIMGpsdbxsBhwkaXPAkHMok6rHkZdglDhNnEqrZnIjhGux8nGzYNH9j_eQJ30biybv-1soUjZQU8V8mrNVl4TqKaUJNgg5ffBgpOuHoF_ThrlP_cXf4aFiKOHwb3iPy6GhO4mD4vn634wem7e0be7C7joCdJuYuwv34OKHStbZI_FsEak5XFoIEtg9r8me5JndL6l8eG26wcEOt28W7NRQO2WPKy2inD6mVrQM3Tmwr4oSD3Jv2xdx8WJLEX4ekoAROzqMzvA2l9J9-LclF_UT2o6OCMMD0IjGWQAuH3XkpYncB4SUuZs-6gshn7fQn_HNuMACkAHIlEXeKlEKew7l20idfYtvsuEx5WziAiW4TgmoAxhqkepq0MDjo06Ipd3vXapJ1YGC7OYSq4YaCgYnRWk2ZPSpV9HyBn976OO
8134,Met Su Yan Golders Green,update,,,,https://res.cloudinary.com/dn7vbd6nn/image/upload/v1783405685/restaurants/google/restaurant_8134_google_800.jpg,google,Yisroel Kornbluth,places/ChIJ6bOJaJcQdkgRVGEmjhenpGY/photos/AaVGc3lgJ7HZnTB4UhfRJvteqDqixwxW_3dediO8z6BSVko_c8dbiWTo6QMfiTFpE8UzbagQBVFRx9guIzE-Av51FDW9RAvnUmeNQ5HwtrwWfQuW32CLGTcj9StoN3QtTXtvxxzIcaeuY9xtqzstG1gDSxms4pDlzL1-SCBIhDs4OyJJRL9RS2rACAKy_N5pyaeZ1aoS-grC5EF2Xb3Lm5yIFWs4jETrqMjB4jz1KBedJ38dOxJjIcGmLbuQpEVUjEuvNYdkpCVz64iZsI1MT-wiu3gG1a9pgBXm3tv5w756lunRQeCumzgr4j_l6FZJnpSlTAVN_XYJNNJoW0Ug-VlYOGMzI7zxf8qQj2y0TCrnWl8nKqtm9ZAIgEpe_SJ7Ugq9BgcXcBq2QL2D58ZBlUxE9VaDYWnkA8k8wjv03FAT1hv2BSsL
8135,Moss & Maple,update,,,,https://res.cloudinary.com/dn7vbd6nn/image/upload/v1783405687/restaurants/google/restaurant_8135_google_800.jpg,google,Pini Smus,places/ChIJ-yWTMXcbdkgR3BWqAQJx0AQ/photos/AaVGc3mZYvo0Hb0AXl0tXolVHbi7uVJ2jBgqgGX5ul2xJzG7CgX37icirhhBgUHS8mY87pA4aNXmv2Wy8N0Y4fHGxWRVf7bEt9jloyL9cfTE65TaAza8KJXAwG01mlM6NWLY4Chr39PmoTx2fIR5n1x6Lwx-izCsYrZp5N0HMdEdctneApGo1F7FdYV6jZPtcTRk3CHkc8uVrYXRkhQo-AjcdmOeu8zBlZRjGBi99M30Zm98QrcOJoUrF7kLYI6DOwNI3ogQDPT2mCEY2kejuoNuqgD13R0d3FDCXXuiAB_QwX2I0IAcx3dMt0nVCIowUH9v08ws1llFt5zsPn_aJf2Ooa1Yu7GSN00UNLEEmvqRwDFNK_Cu1H2Rh_Uf5nqtlya_selww0zuNIOP7izJXRi_RMb_K7WRAFb2fud_6DTm5Q3qgnNb-udqOYUEBK3sCbva
8136,Mr Baker,update,,,,https://res.cloudinary.com/dn7vbd6nn/image/upload/v1783405688/restaurants/google/restaurant_8136_google_800.jpg,google,Tal Potishman,places/ChIJrziQdsUQdkgRoqdJSNw7XdE/photos/AaVGc3njERSzWEk6PMnxGBdtEHtRPs8ghGubTs-FyyafOgn0FLO3m9ppCzAkGhSQZ3PEK3S2A79TiARPjsWJWJA6Q4nNS5ZojaIdw4sK7VvwCX8VRKFm79CiN2HBJfuAZqdz5GSrdq5xh55O0p8LTud3_Vh-zZuHdsITMYjBrE9T7YjxtFy8ERUk_w9Iq8cQx4nNUVM6AoOnNUdHgtvcM3ELZ-bGoDEaLE_rvlDuJD-fgzfke6rMqUT91npAh2O7qoWkLJr2i4IAqv5Rlh4s-AveqGrIALtLHZcWe0RgOKYSGoeKUSllEtM8Mp_-InRo7x1qdoaPmxy2KyM5j9ApIDQMhkHtqA4wYHkbLi0vf8K9x4MT-ip8YElaT1yrF9vyFlQ9MAow2ht_OB097BRdwQdrbsUxzacJmYNoMZuuZStXxMlNPQ
8138,Novellino,update,,,,https://res.cloudinary.com/dn7vbd6nn/image/upload/v1783405689/restaurants/google/restaurant_8138_google_800.jpg,google,Novellino,places/ChIJgRFgHZoQdkgRzEcmwcWIqCk/photos/AaVGc3nG3lJQcjJFZZjJzm0UPBJMW1t0nffN9IS6gI_zCKZy7T770MjRbDhS3JC3RwYpkTMyso6o8xMEN6iIg_wxcWUPBM_Hq8Q3DkQifXJfwiIgGNy-rgMxU5azAD4-RHdadbAZ7eHWuNmo6icikUu7-r1geSmUvoGFDvKywQVOJdOXjRNR-OPfGwuxjejeijOVgcia3wAQ4KJC1Re-75Cs5Q9NQ_-VZTsWUC0-mE9QPT3Y8earTUH9AIUirg6UtDYFOhDLR42wzH0qIG_QXZawKOHBW7apZT-c9rGPiHOi7AJEAVRhJfG1CWtDF_yzyo2WocrTV0ERZMP-N301aSRdcCJg-NC9JumFOH80ae97NgzcmAY0S3mbn6XbI-altzn8OgOGr_5kdtTJuBE2bXivjHX5sCEcZzeLa5LzVw
8139,Novellino Bistro,update,,,,https://res.cloudinary.com/dn7vbd6nn/image/upload/v1783405691/restaurants/google/restaurant_8139_google_800.jpg,google,Novellino Bistro,places/ChIJRQaueOMRdkgR894V9GnFbHU/photos/AaVGc3kEw1k88K3XeV47tx6OSH71NpCga-0rPrTUOagwtTQE6l_KbH-3574MPeb4xUIKI-gMwO1f0ev0mrjQJO2oT8XSryf8gP4Mg3WflmbzV09p9wAM0EcJCieiaCnhIE9MW0gB3ImnhAH-JfA0UUJhVzXHUH71BXGolYElmtmm_FE7N2x0aE9sQ6w1R7tk5fHjv7tazD5LP8p0Bn7pmki-L2Zjvqutq2_-o3RdN5t-jQPkZvZ-qzonreNRv7a0ISGsVsMZfbHWuCI1I6U69f3XlBjTsKVny7cNLxnXdrpkHUCeq9rwwMsixMsqrxBSCTbbF2MwEtft3daBaRZN0SvbANQsmh9X3mi9YHL3wrpR2YCCPgyexI8ZhvsW2NM13NF61et8uWAXA0oilW8LLRkyxPkujdDCJ4qEPm5kon0BD0CxRg
8140,Omi Sushi,update,,,,https://res.cloudinary.com/dn7vbd6nn/image/upload/v1783405693/restaurants/google/restaurant_8140_google_800.jpg,google,Omi Sushi,places/ChIJvxMLozERdkgRBLnsEyZnFUY/photos/AaVGc3kZjTvC6iY-o7yiaggKPQGTHh1Ilw2ieC2TwxtcrsnDjsAc3MVekiC41ih3F6Z-pw5AmlBjX1jJMu4BPCUGOSgVkBPza_uEu38bZmEGMXd5Niotu1eQdc6bcN91LF3jMKiKyfxevsj-tOEnyXg3kgEjmW_ooj-D7pNMz-kQAcQ7ax6V_47ooMN5O6cufJFm2QRXC4uCcO4DFj6wE-CzAT_Xss0hZgk_zztWDXO0vs-Ec4DKc8o1WuN7OwUtV-zaIMrtDSBv1-LbP9405WBcqG8GsGiUffp8b2PRBZ54-RvKIa_-c3Zwi3yKYRAu0_cVAIFV6hZHGYVW2e5rS7IpGL3XK1AY1aa0oau4GvoGVa8QrxyeDLAhv347BPsNNrnoW1lb3-_TOQw3aMdIjmMW2Lo3eQPlINqyL3e7W4GXbcgi8amiSQrWY2ALeuIWzg
8141,One Ashbourne,update,,,,https://res.cloudinary.com/dn7vbd6nn/image/upload/v1783405694/restaurants/google/restaurant_8141_google_800.jpg,google,One Ashbourne,places/ChIJ15GavkMRdkgRWD2jkqolTdQ/photos/AaVGc3knxJnxh1RO1Ev9ouCS8rXYIjZzHHtm7R2-PM6p2OZcdPapzwff1jPRdl_zHTxPgVIAwMVnhQjcWLRaQhT3pJhdbG4vVWLS4kgOXnohIrNvQ5qswgFkO9CPdg-9H9nTPeuAcOM_NrhsNUfw9ikOp2bq-kOUzqhNaaH38WKE-bMK3n1iwMzVOdcg5k3aAyeBAPKTQGE6pR3LqvYDsbcReRLYQ5AEPEc0qBS5FzkDO0R5orMK7Gj1545tbySd6bQPhLXJpPmIRSbvCDfMo7ifdRqE8sWtxZMfx_EH2H1T_-BkCKWvf8Lcoi9dDZfiv_yaewok4t5JIVq0xYSObISWLtLHXj9VEenRw3Hr-ix1NGuOuHO66UaChPgMVEjLw3hpLXSN-pEH6_6Z5acwyWyFdS1HcFiOxi0GTdqd0yymopxtNQ
8142,Parkway Patisserie Finchley,update,,,,https://res.cloudinary.com/dn7vbd6nn/image/upload/v1783405696/restaurants/google/restaurant_8142_google_800.jpg,google,Parkway Patisserie,places/ChIJD3qdXlMXdkgRnHcsGDiV54k/photos/AaVGc3mbKdSdGdwpeqv51-__kZDCU8xaQYep1huJ1tsuRqSyOeyxDoZQ6edooVMQyeDM_A2SxVBE1tHytlwMnctcnfoMk-Oed23JqJzS-1WQymIMITOWkxja_6vmpG7cnUINgTCKCdqRXT0UtMw_IPtGcilVjEhZYkF83gTE-JgC8zyxjoLp8UEDqiZA6teCzFc_vF1p25iPyGilyBxsoDm7LsQZVwFkBxCMd8IrY1j-SrEbJtgCeU21pInzpa5BC3vSqMvCRSo21DKFlDHLKRREsCeUzJsA6LtiYTdXZrU9OcHVN2ZSxD-BUbQbPVvBMaEs-H0AxhFQ4W0BoG5-pptUPpEtaoyWwh6eYBnVbBjWD9je_MR49Pep-uUt7wPEwtqZPYAVlmjB8lGFHvtgpm-_Z5G9KHLur72jz78WEaU3ojQ80C9g
8143,Parkway Patisserie Golders Green,update,,,,https://res.cloudinary.com/dn7vbd6nn/image/upload/v1783405698/restaurants/google/restaurant_8143_google_800.jpg,google,lior berman,places/ChIJN0yrcpwQdkgRz3m38GiAcq8/photos/AaVGc3lOkr44O27X-q7gD91slryT4CezFhSdJ73wy8WZX5Yxi8wH8q8F6LNyysGpCGVY_17BEpbXxXTbonBw-SibsKnw6Jh5qg6eGI5oHDImiRhjvTFhRGhNyg2Tw_i1eJGBrXCJaAQgpPVATdgPD06T0Rx7oIztVl3ovPmo1X4VISs2Vcx0SQ2J77sNHZJSeNPvLWoeSP3ObKuEMLKKsE2aVAvQhVA1c9pdCtfs4iHSr5tn0kVQNZR4qczh-kJZogbOUfjZFgqMTA4R3XLWvBGbF9Rsy98orYYQQanxZ2-LBqAhGm7BIMYwCfXt7xmbCWGWWjWql6SNp3gNQCok043_tsbod2f4PXqkqItYr-Ws3mnOQo_ybltvgCJRy9JQsFfe__4pe3pOzq8Ii4tbsdFZ9BbWpIXg_TNhDbDtVVXUmcKOvOiW
8144,Parkway Patisserie Wembley,update,,,,https://res.cloudinary.com/dn7vbd6nn/image/upload/v1783405700/restaurants/google/restaurant_8144_google_800.jpg,google,Giovanni Pintus,places/ChIJl_TsMtsTdkgRx9kQFPrK7Is/photos/AaVGc3mWIsnnQOUbvW8DeWjdun9zjn0iOQOwwcmVgP8p2rkMRm_aaH1PzCCmliYSK0mlZtiVfXn6WXBTTwI9fEJbpXs6gdkCbM_FWKxIyt35Y4-Ji6eJwbbjyqPYoejPUVScwIxXIWc43hqNpzKGh1FQSWIirHznyZ1xlpYsXU0RwPas268tvV54ERKvNJxDpirRtZtu3nzgO-qbcFqlv64IlUg9Nu7rwDjNPBkgi9nvucCL5wypzfqT9vNgtjJvQT4uthelXqZXQkByVB2IaVTRcTdlttt-K_vE4eXzQ9BqYGSAutR-hzvdkfwC05L4dAsGZZ4dB5n6HEHlM4Mmo6YLSuLNK-PIinVViA6bAHu2bnxQmNMv63iTUKAWp5wjTOBH62mbE6w1Til805UtG8XWSqODVsECyw9a_CaZ1V5LJxotVXZGhX_8Wr4Z2dh5d0jg
8145,Pita Restaurant,update,,,,https://res.cloudinary.com/dn7vbd6nn/image/upload/v1783405701/restaurants/google/restaurant_8145_google_800.jpg,google,Pita,places/ChIJs9JpXpcQdkgRqGdKBr3d76s/photos/AaVGc3npvitCAhigUdINaFgF4M5iRPO1uGX_hCPzolRtUa0J2bZ0YRm1sEdEpD71Ecb37Ye5w2ScNqSIvAw1eMro6DMIYoVeedi1DYFE9MWgh1VyulTiruvvMkdnJq2Ep2b7XZZHehAXOx1GaMb_uGOIV6ne5cohisu-LnCJWldR4vXdYaB1-mnQYY156Ws6CUIwTesNJ082ccbY7vGCCk_nlq-CMHUhTtgNBhfmdKifFuXQtnQC-cWCLhFGPCb21Xticbi5hlc0oOSkCaYwo7p7zAOws3vhL3KfElGyFgicgvea4GWySzFaFYYcgB-ZdG4u2SfJiaBvLqLpLM7mNYANGghuBPBuxYC3Ifx03u51hc-nyI0zKSCq22MsW_jfmEnai7ypGu5DHRn6c8lzCIfju_pBFZUDuUCupQJBr0qbusVkIyhglVD124LMMXmUojIH
8146,Pizaza (Edgware),update,,,,https://res.cloudinary.com/dn7vbd6nn/image/upload/v1783405703/restaurants/google/restaurant_8146_google_800.jpg,google,Sam Aberman,places/ChIJlfZ-NNIXdkgR0ywnfJIe6Z4/photos/AaVGc3lKvyCXNPHJCWFpFrmbbvBMeUcILHxQ_Z7utTGNWPC8axs3wEc1TX6hdoNsc8ZT1UplW-YzPtoUqY0xaBDgqx1c2030U-Xnn8hOxLKeI8gmsOV7BmGKToiBufDYsmkiLDSMrui1m86DpAgrpa-pm7g_PbFSsZH23gt5o1iG4UjqKajXhpZQOH8MzGLF5FlgSkTPdEpJMeMZsrPAFvPLVze7QAFI4LkxaEpF-dh3jsUwP9h6KVC0WucJbFNt1VEW-B40XGrApCxaIdC_fyCwKnNKVMfIUFUbpULl2bqiREtdrrZJyzmK8An_XDFP_1D0Bgth6_Y-IH9B05qb4pww_dhs1cqvcZFDehvW2UlyVK4FeL-Jb6dBdK30Ib5OsybsixOb2gj_IU93bBsEdrhPJDJfcWE7rmhIWaisnVaotA4
8147,Pizaza (Golders Green),update,,,,https://res.cloudinary.com/dn7vbd6nn/image/upload/v1783405704/restaurants/google/restaurant_8147_google_800.jpg,google,Pizaza,places/ChIJs9JpXpcQdkgRzkZ37T4f4hs/photos/AaVGc3kjPtunCG94sdW4TmEK_Gc5pu82Kl_Vr3QznWFSJkiWn7_40sKnsS8FcpzdzOCevlOg6BwJTPjZiH7u-RdF2l3ynAjMPwFfTPLMw7kI5vgHCbSu0hnJnc8vompXe-rkjOikyjR35mrALpWTktQOk_4qZJJDFwib_wS4-28ByRdm3Q9Sz5bh0j22TJ4_JklGqx13QkmhGfZ2qnNRVA73Rdem88exr2YfAZuSf_XNavZrL0wxzQey8N8iJKqqgemHf7qieCxkLP71wiYr_0A-aaeFWF_wgG2DGP3SXYZBKyRLcInjNBoIjwpeQcoKwY0Xz2O6ODVUTtbNk1HQtUdVAqedAkyg-xhc9jQXbjk1wE6U2HdqcHL7NLzHQ5skCCrU0Ce0JJX6rQD-Y3__hrQC3MbMD5CTUyG1xaWUEF24Y72lsg
8148,Pizaza (Hendon),update,,,,https://res.cloudinary.com/dn7vbd6nn/image/upload/v1783405705/restaurants/google/restaurant_8148_google_800.jpg,google,meir hecht,places/ChIJ7ZAsTcQQdkgRFdnf_TN_yx0/photos/AaVGc3m9d_R06ley-SjpuUwanj7z2SkwOzJLRCAhJrE81eSMcRj_V_0enoHZBFJ8FPS-pXTkc2M_l5p2T90aIs3pu2J158EraiSCNTT7SDEzQhx8Q6ReGaBo0Q7OjY28kgJ_ovkh0pN0XB0v78a09ZE2uNqSmeOKNItVTjtL4dmqfLPTwkrD74npwhsB-TtdJcoeu7WT3YlRUmvJeveO1X2HLNwysWgcT5QXtDvC7RdN-cL_oLDFilJgMdMyP6ZpHs2Ail2qRi8Txwe6e7tNovwzva0BOFqzLnCS6oroiX8aX9qbK0xqFre7iOu_LZDODUU64RFVU2z41Icnod9LcZ7PwOG1cm46ajBAyR0NhfmyIOJk37OfF3ZW1pkz0PlpfKSTgBbTxksgqohe2S9ZqADW4MMr4Olt2Z_5TdSnyxkL253xJq3d
8149,Portoberry London,update,,,,https://res.cloudinary.com/dn7vbd6nn/image/upload/v1783405707/restaurants/google/restaurant_8149_google_800.jpg,google,Portoberry,places/ChIJa38V5pARdkgR84KbP4b8pRo/photos/AaVGc3nxlqKGE6E6ceitvzbv16Ov2YVoJ4wegpVpCfMNkJ1FEfkwtV6Ko4D_gtF-mmVukUq-3efpCjPN8oS9RWNZ5nrdqWZx09AhDxz_nad81Ka1cLZGRXKUYBnKeK0gvcDeseyQDrPfvYKFtM_i-d2MtcMYjJ-409mlAKX-mqexl7FYzE7W_QkO_HXsH5ZzlCAibKi0w0Q7Vi7iOerfrVAFOuhNX4ADGGpeXkFhHiZVal1U7sRrwOJhXk61dRQrbi-R83cigC7HGf2u5D9n7lzXqO7nwCweBm-wSVmDED_96rK6ybdiu1H65B4xDY3dAl4YAsJ2owOaWE_KZRhNgRyRWrHhIviGOsYMrKf6JnkGKmG1KDiY66ftA6s-neHtEOOXiP2wSRlw8-XOzqo-ctS-aeDZ6X_tZndENt8A3EF6byo
8150,Pukush,update,,,,https://res.cloudinary.com/dn7vbd6nn/image/upload/v1783405708/restaurants/google/restaurant_8150_google_800.jpg,google,PUKUSH,places/ChIJ4ZL1oxERdkgRL7Vjb1gD5ns/photos/AaVGc3mfyE80bHFK93pSN6lAulvSEbC7egqrBrMum9fGbUkIYsc-sZM-zSZmPEzt8J1jGOf6ZYwg7rA1kBT3A0rr9Jc2oI2JieoPHGB0Sxe984h3KC2eez9ml1EeyU35j7t5tNKkre-VLUJoY8l4jLrGnnuW-br7Yqe6Ho8KLpwnIjzkpnDeH7qSJJlw58hyds2Mf5riBWY-YwfynwrgvAvRNgtbVTV-GLVs0qycEqJOcdE8oZO3LtciyMcmqt2n1lw74We1pMx9mQxkkPOztrzXjxxULTB12p5v1eohFomQX5fPPa6bCe1ukkY6s8JoO2WllRtr6es7KqyTmmNKoLVp4Rp3yAL-gpAPH9qtjg_ADeR-Ey43Ony8T5xdHbPotj33ppS99re58bhwkKlbkpUGUMsdes_rCdV8xLMcO8Po9skdN9U5IVEPBIWOfyH7cw
8151,Reich's Catering,update,,,,https://res.cloudinary.com/dn7vbd6nn/image/upload/v1783405710/restaurants/google/restaurant_8151_google_800.jpg,google,Tova Photography,places/ChIJ01S9r78QdkgRMFO36DyznQg/photos/AaVGc3mcWm9ph6niZDI8d_7qo8dczmktvlJtsxscX--v6lQXy-7jxnlOc0NnVrun-eyXGKv3KaogR-PIEhftLMSLjyuO1X3jI9-NVLl2o0RnQCHGSmhnOD-dskBN8jZPCo4J5wparYe5RD89WZxs7ftwosjjr6SEL7qyjJuAX1ynvyolRzwR-AQy4CzfoHQhsCYClU8c_uGDAUtZCM_Juax51XOLGlkB5kvLepa3zD3PDVrmRpGU2AwIs96PQ8uzckXfBbBnD1l_m969JKyIWyPqj_cLriUDW0Wuo4qCWMjPojI_tLGxDuYgK5AiG7P4O3mag5gbiuGF4HKiadx6hAfsNp_Xew7WQwuBUIQg7bHefd_oLZki2JxiVIbw68tExFbHvF2cj-uh32Kr6fhtraTIbK4NILOA_UoQ6Oif2zDuGIIKKf9NXRk5GHeqEUy5ilh_
8152,Renbake Patisserie (Commercial),update,,,,https://res.cloudinary.com/dn7vbd6nn/image/upload/v1783405711/restaurants/google/restaurant_8152_google_800.jpg,google,samuel grunsfeld,places/ChIJkXj4PEccdkgR8xCxljgdKOM/photos/AaVGc3l7Vccml28vRuDwPwCeJv5Sulq38MM45COTSV3f9HPkqQPZ6YSon9OCti38pPsXPfJS2eZfxi5kbBJl1YoODdr92NjjbP_knEuHhWhws2FaZQrBsLNBYs4W5oWf4xBscXY64wpAziUaLd7A5_WJk0AVTj_dOHh6FJkzaC_1dBf-fNU2IE9xe34OYGrx0jT9qsD0_wgA7KfeMcd7ON_YJM2sKRODAl23q2OG9OllrJvHyJOOP_sSydtJMUm9PkPGRG2cOT3-Q4BbZlJHYwZz1mlGNnyM_7QyGk7-rNVe2KlPJ_M0h-yVsPFJUecFzjJcosuTAKLOhQbcRqDRPJ3qldhSH8z15GC7hvyn5y_5In9F5TM7GE0Gd40MGhRpaWihI52jMa1qHBtGRYyCSw11xgNOV98OqyRzKEjQHEBhhqUohQ
8154,Reubens Deli & Restaurant,update,,,,https://res.cloudinary.com/dn7vbd6nn/image/upload/v1783405713/restaurants/google/restaurant_8154_google_800.jpg,google,Reubens Deli & Restaurant,places/ChIJe67jI8wadkgRgzf7MLltS9A/photos/AaVGc3lDAXXJwK_UgKXlZT7r67buppACcLn3gpt85ZcjcYNYGrV5WN1FfuFmNXKcWaNAgzGKVFxPvfHcuAgW0fedPoMQeMLlmPkOkZe8vcrOh4h_sQX0aWVoojKb0nSTCMJV37xLGorxAHTJQg7NLktxwTQMNWyt3x7yIomK7KjRV-2gLXuthri8qBoVo2DZHj1ihHHK81Fq_SNMbV05eKSr-_IAQPFyfCMCRszTJNm_AwJ18ecWAwWdY-VCqU1v1KbCZ2RHUGGZCuXN96YutTA4mq6y7l3ddzVUrwSYV1-it4QACaoMV_7LK8QM5DK6FNZUKGucLY2oG6XkJ8iNNPQPZ-0Yt0Mq_9xE6wLDWdsDOSxifLNWFyKY0yYkHo-EAs2b_I2W7mX1HZcTKXPIsjk1bj-c5-dh3brBxniYzoph5VlDNw
8155,Rodo Meats,update,,,,https://res.cloudinary.com/dn7vbd6nn/image/upload/v1783405714/restaurants/google/restaurant_8155_google_800.jpg,google,Rodo,places/ChIJe1hnZn8XdkgRKxWyP4c4M50/photos/AaVGc3mROmSNOjhYC_rJNjtetdeOFfSL-eynFMBMAJhB3diBjacP99IRLeTusb_CmngkexvAL6g7Mo6bjsui_muDivBA_9SdKemV-vy5ldQZvDd_18BARijIwG5nKkUGNIwC4XNsmX_i4TpuTs7-7DJC3V3IWC0BzGfRocEdJu9PfdyKclxSH0J3HZ5uOcMOBU_HZVoGZ_V4T5g0LJUQo_xtc8rJaKeosWz8EGv93v6cP9k7C7g_soYcZClwBqN5jd6wyRa3Tc7v1iVa1as-4aJhhl2cfpy9lMktsB0F_vuyh3jvLKxlz0mD-M_jC06UWaf81roVU6ke0DOJ1dZJArfjSFdUCvZcg3xKx5BPWmwoZUpITyjw60smy6fBolz15f1T14wM80C6-1QG49zR-WVK8GwdbU-t0GrzYIQvNx0MQ3lCDdgBmnQVkTEvD1KI2Bn0
8156,Sami's Edgware,update,,,,https://res.cloudinary.com/dn7vbd6nn/image/upload/v1783405718/restaurants/google/restaurant_8156_google_800.png,google,Sami's Edgware,places/ChIJLWX5oaMWdkgRt6AUNerwD9A/photos/AaVGc3mgnXiM7_gESyKu1VqZmQu-MHhvnkiYDWMtuGewYyRzJWH6JtPGOtL6yzWxRYMiKAK0yy2pReD1Zj4jhNyMTNcRLxCH3nQn8QTfMQNfuP0p5nH-lpsstXuhk4I2MS_pXQfoHCxcFY1VNkydIkB2LwgzF91DQfFfpGLP503ajvWZmjNzjsl7Mqq1IYKhCr17hU4yfF-XxdZPYZn5DSEFJmv9jcFxZMUcG0MdhUFKwa8xWbGTu-OkojrnK04bXkryknWRCZjbw16vmrV40mjcL0hQbOhA1mXQVfDlXRJg7nN7cIEt7tDOQsWUnWAGX65EMv3piYGBVrkC5xAp8KIyW0SE0TQDsNlP2-Egch36oh_jpx7dy_MMgiIZ0Sar-QYbv8OBSdjGLzAdwwkxmXqAL0WI5uI7vlMUcOqT8rIbcRa5-A
8157,Sami's Hendon,update,,,,https://res.cloudinary.com/dn7vbd6nn/image/upload/v1783405719/restaurants/google/restaurant_8157_google_800.jpg,google,Samis Restaurant,places/ChIJ_x7Ems8QdkgR_v7Y4YvLNvE/photos/AaVGc3nFwhDWAjLiCI9mfVgyethaD92BZI3HIcblo1m4O-aAml2fPVSZwSS1iOxEVIW5Nd8S4mf1McU1UXjuKV4W-RXay4--dAxop3oRtah5ukiYMZwnB1CJIDjFvCn2JYePiU0zY5OpCVED991piQvqZOdShYiJbUYKYVCpTEhMoDr6abhQ7-hgzrg2mTM5zhlsJUA_nTtHUa8t0dLCN4rKQ8JXLoO4RkrWtVjdKCJsJryoK7BJmtIa3DWbywzg3E9U16uIYY_8_QstNF1rwlQQofUAviCPPENyOljxqBoga3ycsGwlgedkikFRSDE7VY5cYIFc8cjosGgR7nRJ1mct50HOFpnNw7FVXvBXzPrKvAAaHz11Ix8p0_zzdZtxcDGXDsA1m7OjRvZTVKClITSNFOvuNHSPBLpIhDC3n72IhAuyzMRv
8158,Shai - Pizza & Coffee - TEMPORARILY CLOSED,update,,,,https://res.cloudinary.com/dn7vbd6nn/image/upload/v1783405721/restaurants/google/restaurant_8158_google_800.jpg,google,Shai- pizza & coffee,places/ChIJSW5EBQsRdkgRaGcHkJFnjM0/photos/AaVGc3nhTYXuD8V6urXis63eW0Y_IntZIgAHpyRDKjDxM80bNEYjUbTGg5UXwHKwIwupaMV3VPh1GE8NqYCQDiHkiktKfXYGNF2e2bywge3T6dBa7_zGEel6vDJHYBLgOXg1Kczu70qv5te801xbExNoMckyJ9e8PIL82q-7PZKtTTlnzU50E1lbeUe5Mf2uPJW5impOAixU9Bbaw7Gm_fBSK2s29HC4n8ETh7GRkNJ1sQ5Nfsnq5qHp-rjkg-2Y1EZ_yb4POt44R0n5Yq5kBx_d1Xct39vA7lkJrTWtFsDknjxUlAelSw0uEYZMGHuf-8Q4QNtHJOdnCVY5EljdbWvtXORBmlqJI379D1ld70_DzELupVm3TnxnD0156TI8loZMI4Odb41c3IHcnU4NavA4CXrp2JiHiSdF5qXM7xhvuVA605jB
8159,Sharon's Bakery,update,,,,https://res.cloudinary.com/dn7vbd6nn/image/upload/v1783405723/restaurants/google/restaurant_8159_google_800.jpg,google,Sharon's Bakery,places/ChIJv-ew66MWdkgRSNaABRkb-PQ/photos/AaVGc3nhvgguC8NUXhg5oVrnlTuuxF9zM2QS5f-GXYyTBEAZFCpGkHaOd--nAErxTY-eV515MGU8f16bmhD0h34CBkMpDBph8hV2keKKnONEySly3CpT34ZB7yOJCHyzI6w1vU5Bq0oA31KSWs3dP_woblTfhWRvrixzspkADM-s84WjdJ71RunpSFCPUKtfvJb4vVORvu1mjcmczXjxaTKVWpiReW8W8uNV6kJDttHFbCnYmMXMl0HAWct7pINDd7734IpcnIZazFVBtFFEMFzy8pa3p3GgjxdJzbWj0bqWV3nA-yBOqWKnEQHQGXWYEWfZq_GHgWK3KlYSi3mkdKodEPZ1zf61rQYz7AwdL4Beqpa72HUGmMY9rq-PqJjMkuOxap84a3T9_ve0zIWJMnDfV8GZVqI8GviuS_jKJdtqiSX3052w8gxnXmsNPYzh2g
8160,Slice Dairy Restaurant,update,,,,https://res.cloudinary.com/dn7vbd6nn/image/upload/v1783405725/restaurants/google/restaurant_8160_google_800.jpg,google,Sruly Gross,places/ChIJW19LsL8QdkgRGMipSwsXIu4/photos/AaVGc3lkwQ7415h5Pb-IqJXc7VDUulbP3ii0jtiEvrhLie9sgt10i9370TTmSyI16TJCeSAVuXCWgEHRIPCfu0fDdX_ULzfUckWd3pc1tTeAvZmJ1HDl-Z8uUShiw5dGqe2jAoD6F6PIdaQHln31GAaP5i1m0pd-bHT0_wa92fSveGN396uslorlo5HbcSzeCOojSvytQxNso65LGpRe4gNfgAEyZ8AxCKugCYekDY5OaCvXlK9L4IZsLzydaQeODthF3H7dC6CtGX7f17iMKo9ODuonLdESjVvYXyiCyOgivLZavavnIHdJaVnoxn6sfHjNrBVfx7E6d0Uo61uJ4QgGbfKeiW0U7UnxNnxJdHsT9EoJnkKz7ABnDwxnvxoTXToXiMR0Ef4HGQR3G3f46cvEvK754vEkW_GZfCpM8mwntyQ17g
8161,Soyo - Edgware,update,,,,https://res.cloudinary.com/dn7vbd6nn/image/upload/v1783405727/restaurants/google/restaurant_8161_google_800.jpg,google,Soyo - Edgware,places/ChIJMWLUcgYXdkgR6fuxwmvLdPo/photos/AaVGc3nKVzH_dzW9oEtKLVt2LHd1xFCbpCnWSS4MFoG174SsJeoueyr0lOsi9BGfkI6S7OnmC66htYP0wZcpOVMv-l62jK60Y0gLeHlK5cnCB3NREsSgUniVWQu1Htdi6_6FW-rTroT0BEOh3z-HYgq_FTcMoier-sIO3JOs3fkzv0rgh1l2gfnIpkGlG3IlExQbPfZjKZ19XEDdtZ0pW7ZnHD-RrCeTxGGfmqbuHxVMAG6uUt-2l8RjtdgF3Hj5zF2RSGVyZEPVwCGQVLDKwV4A0tm0VFF5jfgPYNjhvWuuq5fKwsjHhGPaSrfVsHXQoHAW80zwpssO6cXGG6UA5SMsc0Pu7XPm8_G23UEqiNy3cjqHeSPRv_EgJuBVQ8Vdj9KH6DfqCYycluc8VyDIhlmo8yjvf9fcbez6PypLZRdr4pd38br7
8162,SOYO Golders Green,update,,,,https://res.cloudinary.com/dn7vbd6nn/image/upload/v1783405728/restaurants/google/restaurant_8162_google_800.jpg,google,Soyo,places/ChIJ5a5j9pkQdkgRjlx_x6cI2iY/photos/AaVGc3lwq02osXgLAfemn0NpoYCJlXCocPR3MKczW85VPgTHaOcG-2FrJ44pPAt_nfktu3f0k5LjUSxJ7re9dqhe2IJmgPeAmUuokZB1b5ASCvDO13RFhGeoPQPfewPvOMNHcvaez9OJDaC94PNYAy-0ahXJ2OUmczGZa2Bsz1RSCfO6FVARuBB63nvIgnDc2Ru6Q1jxn2Uo_c8vR6biuukJ-HE92WLPdeKes-4qrKDa3yRD4lpEqv1AXi8epk1AylfiNYB_dtXytB0KaUUHT59m-jqPqMFr1PvoTAMIqJLhnowdj3XSKRRTuUCINpfoWOMt6mJunYZYixNPvVUFTowQav4bR7zfoVFNa67rJ7nDP7BsBRa36UGDTcN6cWW2TPnf64kScetrNsnKwqX62wPelp27Gox_mkOqJM06z6g8WVO-HmSb
8163,SurFin Poke,update,,,,https://res.cloudinary.com/dn7vbd6nn/image/upload/v1783405730/restaurants/google/restaurant_8163_google_800.jpg,google,SurFin Poke,places/ChIJ4_oR_dcRdkgRwzWXbsj3puE/photos/AaVGc3nHRqkA-sJT6Mf6MmruTIQqmAVTJTx3i0hum_S8ynkYV-lTltDPpALb5PqtxD8PllCrqI1DkO_d6jM_UgSvI9biEB3dfdm4MIrbM6tWhtD6z4DTwj7YB4XP25Iy2gd7MHS_n9Z2NwGga0bzqzG_SG-yX7Cf8anE76A8HYPhj1JeXP0PIMM-8E7C1ArVke80E1c-zh4yzB2Ofg36yhwndj3x6U6cExUg8rg94FOaCW4qqMZcuoa7QWcpfnFc_dTyB69ndGJdZPtA4XxCBKeSbmij-qJWBwyHoNkXejz84haVaMYn5VL2TYFQoodxGN4G5gdxhl7Ffy9lMh3O9InhQsTAdHWwYX7-23v-2swuqGODsPfMtZsdC1R_kxjUTwfMBmAqj_CRMGJbFXoBjhA_0GOulUO8R4L6ZgA9smHiRBg
8164,Sushi Haven (Edgware),update,,,,https://res.cloudinary.com/dn7vbd6nn/image/upload/v1783405732/restaurants/google/restaurant_8164_google_800.jpg,google,Hadar Sushi,places/ChIJT8WaJ9gXdkgRO4QYnagb8jg/photos/AaVGc3nJqN-wHbRAFsofaI--L9bjpPomJ3oPOUajUj7PavUb2GUVEfzhjl-TunUOHS7v1zFo6i6Vfr3XoWitb3tzZ5Rmo_4X5eSDtQxNc44pK3fx-AIKlEIVKQCX2iTw9OTUR4rQTPVsXO_V7o7l5pHhwtTW0qDPJ9easGzN9LaMLSC2ATSJdgp6ExYqzlFFY3FqmIxi6n8sWND4fyJnsO5qXas74_Ie8pWnc_edtIINduKjLklUVtDdVfq380mj9rEHNgcnwC5luNU8CXW_vhD-jXCOuBHrGvsbtU3awohODD2ul3tgvcFQ-gWGJ6efoxTdQU26ZE4evCJvKLAdbK36ty9z1By9nW6eaDZYwHp5ys6s-lroWwolVxVNqGwFmTumMhWXKWv4vGlUtoqE9-kVostkS_K5GLtq-ibCt1oJClg
8165,Sushi Haven (Golders Green),update,,,,https://res.cloudinary.com/dn7vbd6nn/image/upload/v1783405733/restaurants/google/restaurant_8165_google_800.jpg,google,Sushi Haven Golders Green,places/ChIJW-zu5JkQdkgRjiYzizF6dg8/photos/AaVGc3mDptn0rQDQX6jhve7i-snjkiwCa4wIWR2xQcuE_iUxCzNwlpjILnqWlZ-Csowjcd_8khoACKJFBvBXtppO_Amc6XjCY8Hyow7zbTWzxwmvYGw0TP7y36Fp1oqH58ofO297N_TiFI6NWaErtwU6pg-dQeItNiaphHvfr03S04fH6PAAn4pFrdDMxZYTsFRxiPDtzjYckniSiLqR366SkG_vii7Ar5_YryROR2f_RtsA0lFc-4x3OMlu1zzU997iwZ8D11T0jOgAxiXDzMhm_Lz3NCWYTia2_LajE88mvrPD_P_sK_6q0snLVlvK4d9fVpsFMcu6KXq59fTLELP6ml-AdSLyvequXnofxpQ956_2x5ZxF8D_MIUFQeXOyz2pmNYEDTEvDxIIWqq044SO9BjImScIMHy0P5XnynVeajI
8166,Sushi Haven (Hendon),update,,,,https://res.cloudinary.com/dn7vbd6nn/image/upload/v1783405735/restaurants/google/restaurant_8166_google_800.jpg,google,Lauren Chong,places/ChIJtTW396EbdkgR-B9Q9OlBySU/photos/AaVGc3nDRfLtshFdy9hzGf7DR5xTE1gXA8m5FJ3iELma-3UJorDlqf7RWtKmEzoxS9kwCkVzB4yc4C_LY3TAV5ZFVtUYsYPzYZNUxnS3vEFyk3nq7q-tinwYR02X7LNRAmOLJ755aoB2klj4Ecz_3-ep1khZK0vT4RY8SirFPyd2z-l5DU-10rQJqxeg6zXKwu5Zm0wNAQEd5zTNnS42GYv8d85JwJE7L8Tz4UbyosWroOG_R19O8z8pqCdcKsEf4lkvog2Zi9KpvfX-hVe9KVlr9K0C0Yxb5H6Ykr7kV9CTIQHYDd1fSSrwSLO5H8NqJ9VpnvZqj1MoUIH7Jd4gcHoabYeVQVbJEn1bj5-8QOz0zWD4YzJIL8fYZy2UrV4FIbee7OVfNA2fMWTjkfSjf9C92z7AT7WM_-zVqxeiFUl9-dMQAA
8167,Sushi Haven (Kosher Kingdom),update,,,,https://res.cloudinary.com/dn7vbd6nn/image/upload/v1783405737/restaurants/google/restaurant_8167_google_800.jpg,google,Sushi Haven @ Kosher Kingdom,places/ChIJvxUzBNgRdkgRLj84-Tt7PSU/photos/AaVGc3lIfwlPg908D26mvnVoL1rmw-ZW4ZQS_EnPOAWCne6W061g7U6ilQFNw9VHG14XM_lgVnVY5KqoTT87mod2qweWM44R144kR1rRJJkogMI3sNxIO9R6N5_Qsx-pyOVOXImY9c7p5hLXQuARXYdprMUEgs2yFFsC5_floOVfZRp5Iz9CUXHKyIRJvkHlfOGC1MgDe4gZ687XA4CK4joo-6Zln-f7UrqnYcH6_p0sb8dDz23S-8nRhJQhKZtQDx0J5LegZwu9SlBNioczNEBxhaMEEuElFEXxag0DsLp1uzBxZBeJW-qPxR7xr1KUJBDMZFWmGJrwIyQA7DQI-2koPsI-Gdj4VwpnwwtpdLZUJMuD0-l14UAOR_y6LjsxbFVg5JY66nNLrir-NIkh8kV5fBnVdsEixQl-59oYbZaxOEq27Q
8168,Taboon,update,,,,https://res.cloudinary.com/dn7vbd6nn/image/upload/v1783405738/restaurants/google/restaurant_8168_google_800.jpg,google,Ian Davis made in England,places/ChIJ0cUgGb4QdkgRKRGrR0E5Kjs/photos/AaVGc3lbU8cmimGBLIQJtrNHnOCfgk2OSarM7ea0Yed2HERTYNvCymD52BDZql9cupM7zlR2231PwWGQKoL7qib83INj4eW1ebf14s3SL1MRTXw8NFVzvNjXKZFFKg_OnHD8taSAoKozgAkqK7yfwOckMOfB_UcwIV2520AC5Lx5xqWMk4qoGK1uuALodo2_GMPhJ9kcRz0ay_LK_8_JMErBSqaqpusi0-PneaYU5HF8bmp38Uhmy5IhiMwXnqLkFyhR7_eNibsILL56hXP9vhI4N8Cc79A8HKrZFq_MbZCNLUPETu3kYsaiqbxNFWqAlxGGRyk7nhw6V_MUFGMStRaX2-3EU8O2YdC4BJXfWhg6jPLiwZM_uGU3rip5C71OaPMq0_4O7a5d0sCLfEH0zTDh6G8ekMqBsUpsHqt5yRCKh54
8169,Tasti Pizza London,update,,,,https://res.cloudinary.com/dn7vbd6nn/image/upload/v1783405739/restaurants/google/restaurant_8169_google_800.jpg,google,Tasti Pizza London,places/ChIJpS3eymscdkgR3weo15jaPr4/photos/AaVGc3k1sL5gO0hDDl0Xb2ORO558cchq5E7zsRIRiaMpnL26o-21sUL-vBq7R4hbZ6UwZFSAy0TpzPPHtsNg_G6cTvggloR2-_AAhCy7CyJP_r58p39bQLw_LiISKQ1oSOtmMrPc1_wqI9K2IdyCYSpP6Egy-GJunkuRKo-7QYYPQhlxWwGuj84XUG3x4RQjOIOYiXo3bDS_-0nckhbNxUd7YUQVmXLuRs0qydnjzeaKTybRmDU9LxON9t6gfQFZtfhySFw7PwXak_xxT4dPVN2Z4VrpdbN97HRei38-rOCD0Z24BjcmdLrnEKW4cRyXA9kiGzRboh0hGo3G7reGPjohyfrA3rDaiH765_q01Ln2GZeWvdrGjG9PSRSZz5SunIY8w0Snt8qh4-mQlDRNxbd1m9tECnDuBTpc-mcpsejUJCYv6g
8171,The Kanteen Brent Cross,update,,,,https://res.cloudinary.com/dn7vbd6nn/image/upload/v1783405741/restaurants/google/restaurant_8171_google_800.jpg,google,Y maps,places/ChIJoxmA0ecQdkgRWBHRsI75Hxk/photos/AaVGc3lNh6vZn2xWm4XxYxFUTveHLymBJ-eHbbAX-v38WAFDFc5SlwY1rYB_dxNK4zrn1K3h9jVx-epqzfX4b7SEATQq7n077Kmnz9J9YJ4QlBOsPHDhgiyAmq9aNW1gUawt54l-2uezY3KfCz8RbDu48nujJQoonFzZrSMLkgE_7Xa_W7s78PaKyA6ETJW8VtYUviAElz0qbTp97jVU7GV8jpAfNX2LxRQ-70Qr7Yr2E6plKcLxNTlW_-EQMGXKaTh040jPk2A3XZ9Dzrh5CZYeJzchZUoDMOV3rZUn8VX6Q780ca4JSkRIFxk4VQzpvEP-HtrU4jF9rhdfjbmyDX3r7ff1DQRJWQv10ILTBFwD8bVTFKXyLhrkJ03DCSiPDObqr7RZtARmw08s3rZQ-VtCuwUE22R3h9YLIDngZ7_HhuKiH0IAUB1eeDrrBwyPzFJS
8173,Tish Bar & Restaurant,update,,,,https://res.cloudinary.com/dn7vbd6nn/image/upload/v1783405743/restaurants/google/restaurant_8173_google_800.jpg,google,Tish,places/ChIJgarU3ZsbdkgRcGqHAF2_E3A/photos/AaVGc3niKDWWWtwdeZf1yU-IKRBY0dirMozFL8ib4Ohjd3gi5pcUR3vd7Acr7xTQJqA556e85ArcP2ZPDBI8RJKMfTGJEaSojGIJZjvRdR8Nk5HMA1ykN-dexxiIlHNGIG2FgBKxTd-iusNeLO__ZAsD4SrtRlz7cbne2X_NSSr9zoAdC5LnaqzUq04DMqlp7du5-2bAyxoZe24DgzND-ukW75RoLoZk8ciCdFhz8nfO7ZGuVd7lgiS_ErDUEwZSzTpWyAWE5Z7a8j83aHdMvG-NVqrpTI_srur8yVbjikptXinqOswzWCObz3M3c4T_kYobJM_UyTQVOlGHMZYhfeLcww7amy6y77dXaaAxf4Sx79TsF6TruUYn2Z-TdElEYeJ9TymTqiL9vwhTdakoJZydv-ZjGa_xKmP_9s6NgaElO8O12eiC
8174,Tony Page Marylebone,update,,,,https://res.cloudinary.com/dn7vbd6nn/image/upload/v1783405746/restaurants/google/restaurant_8174_google_800.jpg,google,Tony Page Marylebone,places/ChIJaW2seFIFdkgRpkPaSwoDU5A/photos/AaVGc3kPRmhj26jxErbbs1B80mlkDOlmaBzgfeE5WcwWU6saRdKngjTvJ7b04Ol9lMuPPHMPB_VHGUkmCxw6dBZoeIsX-Cuo5a9H_--tkWp_41xFyPKgsf-nCq566eKBqFiSRNnt6huh9H5KlVuV_vSUpAPaJECLqKh-4_XvDRl7quPschTv99zh-R511N-1cich_39_vABsuBCbSavN4kmtIlPQuzJpDj55z51mIkix0JXX7SNSQOXZQ0vcVPdroUKa6LSul8yYGvNS_YvdmF1xiHzi_AwTlUtmrh_trcMAnBz8w8OJ4pC7JhWVxdB-G6nh9QHIWrAQJbrsNB6Ansk5ODOYKIco8H-JQJ_R2myYIvHZQjYtIb1E5CQ1_pxfORyEDj4wScNz7CR-aNgSeXI1S0jUQ7w3TGGa8YE7bJRjKEnIneLr
8175,Tuk Tuk,update,,,,https://res.cloudinary.com/dn7vbd6nn/image/upload/v1783405748/restaurants/google/restaurant_8175_google_800.jpg,google,TUK TUK Golders Green,places/ChIJhwUC3TcRdkgROU4SHHBzVNo/photos/AaVGc3lGbl-8tZIHMuYeLu-PjOyypYV_y2UHfF01oVNBIDrQT2aL3cKgW5gfZNdi-jTCBRU1cU8OnrIGni1arf0eUw1EO8WWz6Tx8TaRhYcAe1Xj7hGKzc8_KbvcpV_ZGpsHe6kKT8Uj9LfDHnfYCp_3PgohPys26xhsiP6r0A1Umjrb1OQKDfTArfhJMHupsONOKFZtS3KS4C8SOMy2HiAZAQEqB8TTwlOUMW1blA3vcAYX8HoC44KPH0ie26v-NxCnD4hW_mRkqQ6Es840EgmvIUd7VXtyBWD1ueQp-rJ82SZKkat97FxQZ8NODoZyie8DhqJwzP1ahHwKG9yBXCt23VdUeygt8lrP0GxqLc3Ef1T_JRxlNgHx1fKVpRfLwBPQLyuewOCwHSKWEbORdEz9pDuVYdP691-YExekx7UngPwCbuWF
8176,White Fish,update,,,,https://res.cloudinary.com/dn7vbd6nn/image/upload/v1783405749/restaurants/google/restaurant_8176_google_800.jpg,google,Petar,places/ChIJ0zMntMUQdkgR3HcCyTnXQMk/photos/AaVGc3lg-ZER8hl3fJzwel4_h-5LWZTyuJDt4qwu-7awZkmyEKvj5x9gaRPr0ql1xf7Qs6DFw1d5m6AltJQD2EAiD0TIa0eZJVFXWahvKZdtPPvQ1eVD5P7cKwgtszZ3nvUegQF4HkKzHQys1HltldfWV-pA3FFoqhGkhwBqcy5j2qv8U-JA9lWfWX2eHSryJjg_ta4haKZSw4WobYPDWqYW4CTepnp5-u_4bEwzzT7oqr8i-Ul-WUp5AKVyyn5bfpHe9BHmgkf7IWR627W9aSllydSkg-ILcGEE0Q_xB5413geaCw-N_T8ButyjsUJwFvKEvN6Evl9yo7Q8BLXvebB3kgqScoILt8p9ev562pnjag2IjWEbyG34mYXgS0E3DV2vJYQ_-XWlRG-6az1LEF0z3lqTyiu6stex_vGZ3-RnKqkUIQpYUNUEbtF11pgWCg
8177,White House Express,update,,,,https://res.cloudinary.com/dn7vbd6nn/image/upload/v1783405751/restaurants/google/restaurant_8177_google_800.jpg,google,White House,places/ChIJ0zMntMUQdkgR6LS3YY5ZxQc/photos/AaVGc3kWPMND0QNzSk-tmBTJOf5DLOLKnYOWCiPjsFTYSOVQ4sFSKVHAo-kcw_SyzJXYaB5kjPABwlPTtroXwTo8z_01s7DD6XD5O8nBz9Vqe9OWmVSAJxAknh4vPIR4fspKr3rCI9_2phn8a5TpllEKQf92-hSaA_Ao-D9K2J-46z-1tLysUIhPC451eKOQYzmHp1tvfs819j1kEOHLpVhtunct57hXIStukFNLWcMfl_ocZfZuX-KubRyKnka_LK9kpXTIKX9Ee9pJBmLRCjAgf21yHU6uDBKzL0MJRp1NkgADQSvWT8AB3a9Uk3Hh38jIM7r4UQRggVzuZaYriDEEmpdWIU5W8bWiypwZ1hFP7RKSQUWREEkHK8KQzu7Ql4C_ZMwJohn60GOk6M6JrFSwNzriAaFPPuKBlWDSSbrO1vTCuWRWUDogDrMtZ7UKZg
8178,Woodberry Down Bakery (Commercial),update,,,,https://res.cloudinary.com/dn7vbd6nn/image/upload/v1783405752/restaurants/google/restaurant_8178_google_800.jpg,google,Woodberry Down Bakery,places/ChIJJ-2gbhUcdkgRmeFkvJrrxVw/photos/AaVGc3k49KJ7_8aKKWrKgbMBF6ygEGDtHr3Vb6TltCHbuBEbznwIODSUOfTS_V_utVyj01EXHdm7wBrx2gC67SGgQojqDcR9KLxGnUo9BoTAuNGDuitaHxXkpb_eoG03RL7TOk9GfWAEniaiLL_u5pYLq4zbROr-7SQMOA8OMWz32UA7P3bnsoSAsU_f-QIe8_7cA7ujn1At9ZLGjymrYulDjlxEZ6Z2vWxBBcGSzxxnVhwu-n7EpygyFQrQuSSQ-DaPb0GxNPHZAJ2RnREfja2u6Sj8OaHDeCG2tB3Mk2_imnUvFmkjKPaDLHhDaajEEbYdX4jm_vEacttgAOFGLOald0zJnCmPkGxQ8L4BrCu0p4IUWQIOzboJ4UBEOtNevEXQCChZFS7NYyS7GGh_wNBSQNTXYf4xxD6rGlDqAARnfCLJDsY
8179,Yossi's Bakery,update,,,,https://res.cloudinary.com/dn7vbd6nn/image/upload/v1783405754/restaurants/google/restaurant_8179_google_800.jpg,google,Trusted Photography,places/ChIJ6_Bh3JAWdkgR3ZP_Lgbb44g/photos/AaVGc3kjZAk1f4Hb9y54H3RF4wFP_BwpHblc9r9BGtJ0zIoikjD65pGBFvVOXPpgR_g3T8XsBYL5KH1taSz92U3pB3YHadbo-tNgkTVxPgIR2OgeAFgPlQKcdVPfHKLO4sWq5PCv7ntB_KMohH6voXod_0BAvGhw6Q3uVlV01mZbMm17hpQx4WZIYLX6D9DaKLwjGA8NWYomaH1GtT2aDhepmc3Jatvg1p2QK56yA2sW1VCIBj62h0HoRBHW6QxWryO0TpfytcUANqSZqmgim0mpwTekP4J36PthR2WbT9eLZR3BGKmq0j6K1XCXn-iAp8GRp1z_EnLmCLHBc33WW7ulbQE16fY6sy_UIwwtWzaqO1XuD2UNl2VzQNYznT3sgVSpXjqwDGnnXHXW9aGwEGgd8lqS2ifXS_tbGFhwlEw8kr1FL0Ym
