id,old_name,old_address,google_name,google_address,google_place_id,google_rating,google_phone,google_photo_name
8,פטרוזיליה,"תל אביב, Israel",Petrozilia,"מתחם שרונה, Aluf Kalman Magen 3, Tel Aviv-Jaffa, Israel",ChIJXZMwQ31LHRURgNF5KTyf1JY,4.4,03-516-2468,places/ChIJXZMwQ31LHRURgNF5KTyf1JY/photos/AaVGc3mpHNmwNQtAvRMKCUu8op34GLvETMl17IaPHRzKxtg-OmyM41eIs-X1MILf4qskBXLXpuONCsxpwd-6Cpcvqkc633tD2AzjRqQfDmmzLIz0IFN5aD1B0M6e4jA2CVM2sT8RRrWf4_dN1rrZzf2_lDkAjKAJuCCDjSDJeI_hDORB2dfLJ19dhwzgDFOXez4XPL3CpCQpizpqU_y3kW5w2KX2YOUtQ4Z6AH42FKsSVfFQNrFu8_8vMC1VKtc3u0QGGe34BxzS02ta3NieRdPPy39QKvFDCrpypa6KzBgJSoLRHG2ZOaXx3QPCmDyseHDyhsKo-_lNXVJyqUrvZUQ7cu7f42Fac4-dRIVpNKr0LonIcWFADPDZaxVG7uXApOBpdzVYi-nu7msOmJJCR1SJFN5-1jx6LK87JuM7uTlDQMmHezI
85,ניו דלי,"דרך מנחם בגין 132, קניון עזריאלי, תל אביב, Israel",ניודלי Newdeli,"דרך בגין 132 תל אביב מרכז, Tel Aviv-Yafo, 6701101, Israel",ChIJdZvpDE5LHRURR0FdUK0f4jc,4.2,03-696-1000,places/ChIJdZvpDE5LHRURR0FdUK0f4jc/photos/AaVGc3n08muCS5irAAO9s4wwk-xqr4YA-q_je2IrFJlVyoBp-24St0d2r4lDEa1OGk0jKpf4IkvvhWQ-VcEzLvLInP1vMSCwJOYHKVNiP209B4xdZTTScpU-ZKd4_ej14PUAyThdPkHUd1M-DjhAPd-BFKPvSaWCIiO2SmXMHpLWLw35c_4hwFAmJ9AIFQeoUCtJLPQnG8kgTLTek8zzbOnjWgSnvB5QKaMHwc0LyKRHwoANgPAKaCjkWWcfuLkGnyh8lgjrmClDNTi06lhuLjzJ1jX5ldxbmbFff2GS8wmcIxJaqA-Om0Qqy0GdAfvVVmAruqAg_VXSLuJj2Edk0zCWaE36CXpyqLR1JD21PreUF_fazt2TfZ-OBABpuyZGsINo52f94ojC7FLxnq-zG1W8V5WVkJLEvR55XCJk46EMxSmS8Q
89,פיצה דומינו,"לסקוב חיים 4, תל אביב, Israel",Domino Pizza,"לסקוב 4 תל אביב טלפו, Tel Aviv-Yafo, Israel",ChIJZUo5iIJLHRURCv2YH04YoQ4,4.6,03-695-9103,places/ChIJZUo5iIJLHRURCv2YH04YoQ4/photos/AaVGc3nIayvhBY3W3Ua1uGcAv-PqvZOy7GHymT9K7sn0LhVb6u0Qhq_vneXc6mMaRVmZ2HAZjQaHCgJ2d45q4m41ubfzYVO98S_Ba2EMZA8tqGbrTY9iX-zi28oTQQaZmo--VTEbwCF-7UwWSHwPH0y6iXZbvwa6SyblX0Y40KEr_CejpweQtrzATBy2nVUrL4DwzcH6SDlZdj8YrJHLJ5E-EkTugReIVwBmCrirF09J5zjHDl6bbTs1xO1CIVlllqFYwOTJ8DvhAkin-9v5IJpe-y5nBA0NgG_a3IuGDj6fSmcEmsBL2uQSxTUWnp9KDAXuvQ2O5SkOIqkQ1nKXB8p2xwUyhQnEY-8QGgNK5eHo9VxBCFTMJfZXzbk7wtyPXF0fDAj2SqQQzT0L5gDNyW03C8upq2v6iWAGuAPlzHZvhy39ew
140,קנסאי יגאל אלון,"Yigal Alon St 94, Tel Aviv-Yafo, Israel",Kansai,"Yigal Alon St 94, Tel Aviv-Yafo, Israel",ChIJGVA_i1BLHRURPeES6Q3DIJo,4.2,,places/ChIJGVA_i1BLHRURPeES6Q3DIJo/photos/AaVGc3mBn4zJRbZN4HyhzmFBMrbV91rXUFrbNf8HCg1kqlMSbixSIaNzNu_Ol_WnT_UUWW8q7RcmXaBKMAO5sfuabTAmNl9b8Z9hVvC1IJRUV3g-6asyLpuL_5Kadk5mWcUkz6as0yaVB_D6NGiNwcHWqP8bGZFLl2UQxftbNpwJCLl4k2hBaiVxH9DlcRVjdY9bM1jYAZUAVjb_RoISiVeTSlVeegNXbCDR33tlwUyIiWQ44KDV_d_5OloasiHdQ-qjDfXMCUBPPueYq_9_sVrzlqk9nupGtOEtD3Q2QPDYTO_wja4lm6DKJIc7-EVB2kOoHx5YtC9BXdpxVdbX6LCiEw7bEvZ9rjcTK8fwMcNyJH6sliyGVT36xvDAnof90mqUg_GvJPqupLBZGEsLuFBeWxhH-J8Tj5L_HKIXRyh5DNvUlSsP
162,בר בשר,"Hadar Yosef St 12, Tel Aviv-Yafo, Israel",בר בשר,"Hadar Yosef St 12, Tel Aviv-Yafo, Israel",ChIJYUcJV51JHRURDEmKeC3bkGU,4,03-644-4433,places/ChIJYUcJV51JHRURDEmKeC3bkGU/photos/AaVGc3nSenAL4CwKkXcNHfpK0RSOSCr7PjrYPsL7Jg5NrlmxjI5ajViPGa7QvZcbirauhUrX8oZScvO-RwKcvneSLLm3gqshCj4tUZjOsnOOTD0-LmWAc_6ajLgwoEE-AkJkgTAPLzKKN-iOGZ-FtOSQTDMuTzlVE3jd1V4tbNIOsPHI3bAVaXeVoFqSB4B-D1x_FQqVEicoVA7-lglN7dGW5Vcdpb2j9E3u_1ZsEOP5c3M1QJB5OIAtOjOr011PUmKy9lJW9gnFxPQrSYQTq5DJNEYydpzsmlg8W0LiI0aznB7eHXlDTutqG0Zq5l3Qz0ORcOXkq5DKIT38e62hL-TGseEzKqsACrWa6hmyzGtQKp3dkwmCvRHN3UJ_1q2C6Nqj9PtQzzDQdgrLjoiEzYCD3qmxFZMBGhVYMWnclXwagUBjS6Y
175,חבש,"Ha-Negev St 10, Tel Aviv-Yafo, Israel",Habash,"Ha-Negev St 10, Tel Aviv-Yafo, Israel",ChIJjVoRTGNLHRURCCEKi96C9XE,4.5,054-469-6076,places/ChIJjVoRTGNLHRURCCEKi96C9XE/photos/AaVGc3kY4HII9vuFf-z_21mUpRGDKcPxbIOepmSZi4EML_DMxDw9i-QmfO2Dp86mEJCk3I357Ssc27tx-Bge4JzqVS1AjXLMYrha7ybe4OvRVlSXtSeS7xeEEU3z8gTdrcgjRxPVNxF9NzbUa-xavxxUxRv267DjRbr-cFyPSSkfGyZh3uMT2_21h0_XwDWJnXiDQYI-ny2RhCS1N447-a-7HLJsa_GuNtcA293WNHmykyJJ7JleAEe7xZ_YiYQK07On1hnM96EBd0mVL5ocVW3mXjtIKkwLWYWgsD7RGNj07-drBq1DnuQkpnAF68B8rhSZgCkXG-oUJoL7wbLYDjQoDR7KROURGbHhRH6Yre2zvXeLJ3vcGk4dsoLzp_GlUlVKszUCKVb9CnDN9y1bAsdDnaNzqFy_hIBUV9qTTTYWx38
216,חומוס הבן של הסורי,"Yigal Alon St 121, Tel Aviv-Yafo, Israel",חומוס הבן של הסורי,"Yigal Alon St 121, Tel Aviv-Yafo, Israel",ChIJq6qqqp1LHRURWSaITLP7kxM,3.9,03-676-7505,places/ChIJq6qqqp1LHRURWSaITLP7kxM/photos/AaVGc3nfsXZOFKR2ljS3vtyVp7Z0L16R-3pJD8ftYTGGnfRvPREtZjxr1Rq3UwqP1_sncOvpI10NM64i0e_brxlU-6f4pbrxUXWGDwxtCwbAuXvZUASnszROFRNcSiFVaJnQAbM-mDN4t_XGfLeJlAT1MJ1iwhMRkT9tQIwFjaJIQDM3ZOtGQmsW20i1SIDunt18454WaICre_FlEKnW0SsVVSwIzqzimIUiTjCYmYEsVYVRQ157jqutUqrVkO4-gLYczGc_Wh1_wHliWgNVU_xO6iaQfTNIGJTsoBI3wbnuiE8bxK_yMuoMUw-OdZtTFmLpO-G8Qr_k8xcfaHBNJASw4pq-sowt4WFtnaEYBFItyj3HvkrerDpKkJvY5q8GGX3eZa2Io-X-iEteY90KjPm6dkjsxJTAW7LVTTTUCwQ-r_3qdNY
275,אלוף הסביח,"Carlebach St 18, Tel Aviv-Yafo, Israel",אלוף הסביח,"Carlebach St 18, Tel Aviv-Yafo, Israel",ChIJCb5xlOxLHRURRsWU4HgFDf0,3.9,052-835-5113,places/ChIJCb5xlOxLHRURRsWU4HgFDf0/photos/AaVGc3lPuEF6SwZXqkcPQmbMe0FjR-JklOsf8-5QELv5Mqt3qvaOilkYquc4IKLqIbfiS19CSaWNWLOgXcW-6GbNCC7Cvr--kre0gLEWZIMLOTZ6nZd9WP9rACANrsof2vUWKHRT4Iurq62DwYfpCxsfeBSY-n2DJlDKYBF2MCZ_cxC-Kr52VJVlAhbG-lTVtXLXVF_bWd0E0JGdMBcotgyuL3-Ft9YfL7b9SFI7e_wpXJgyz9YzQupjdXCU42ft9wmPMAMvafyM3S5dra9cnEzDok4uLMVqR1vnS4btmyE2oRMeVPMpqAI5tnvsiNkgcj503rXEneisBJCJ6coBrH3TiQWTBZQQF11YGJQ9BIz7nRpQE1BFUujp5SgHVJbWC6MXl3wou0y5rKxRGVpA5g3mwFefU_2ptpgxhjNZiPDxyRR7nA
279,מסעדת באביקה Babica,"שד' רוטשילד 60, תל אביב, Israel",BABICA מסעדת שף אותנטית כשרה,"Rothschild Blvd 60, Tel Aviv-Yafo, Israel",ChIJ8VodmO_rBaYRZVQBzcWNNCM,3,052-339-0044,places/ChIJ8VodmO_rBaYRZVQBzcWNNCM/photos/AaVGc3nzt_aZaM1ZElW7GWdHRcc5_bWcOgxK96cl2q8qhGwR-bk7cgzIDStZfdscaYd5x2H-3gVharnK-KcXVjJklc5FtB18xzq06aCnfjmYFRXBurU7yve9Uqs5aBb4NBGWO9kN1w744U1liKtOfxSTlduQUrNqldlf5WKeCnGTGkr5PIo73Iv1ZB9_V5T68WPTsjDZhpt60BTk6MBXby1ttziqw_3UAuBEIWEc--VJJnlkZTRyPfMbE1f3jKM9bZzI5Sj5N6t3n4XY7vWO_wB-CSZdF59jQqsqXMz0r9Nay4llkM5jRWqx0-aJqRMuBp6UVsYqRXgEvBlBOV5NmpAD8A7deKF3Rwr557CUMDVcVg9lfifFjSppBQGXd5Ufq8BR1koJhOtwnix-bdWD29f72qJGI061qETfHLd_d0h4nGik9QDgagmgUkfR_4p5QtKA
426,"בוטיק הפיתה סניף רובע י""ג","David HaMelech St 20, Ashdod, Israel","בוטיק הפיתה סניף רובע י""ג","David HaMelech St 20, Ashdod, Israel",ChIJ-_0rUPWiAhUR9WoRoqoUXIw,4.5,08-956-1000,places/ChIJ-_0rUPWiAhUR9WoRoqoUXIw/photos/AaVGc3nasOPG1nN-42v-Xv9OmCW18MG0z-gH6Oh3Quz_SfO5IgoarULioqHEUB-Rw4YOjaA6aUBAobUwVmNbEzUSpHYBYnJuZJ6Ja9fg7l72AQMmhlUOMkxcewfRTxAYOYVRlHTeXyGQ8Vq4Yn3ufk6lBiuF_8-6qfCFJJIwT8pCay6CNRq5gZMFMLl0oYQ81JAksbjPf1ESCbYlvN9GHhDjwv2x9GkdvEBElATKkTAJ9adO4y1FOUOeHVgbNPJWhmUakfS8v5kMOlAV4Ee4lVuvbmbI7FPOHxd0KGpP4xwogc4rL4xyl6hBgQDAsHNZf1oorovmJrA1ubk9DueOROgUP6Gsm-DofzlBY165kkdZM_nD3pg7933qkTfCAEOa1G9lrR3XONO626pdyNzpW8R1eFc3v-7QFr6pk-2MvT9l2V55inPP
470,Aroma Espresso Bar ארומה אספרסו בר,"ויצמן פינת בן גוריון, סטאר סנטר, Ashdod, 7721902, Israel",Aroma Espresso Bar ארומה אספרסו בר,"ויצמן פינת בן גוריון, סטאר סנטר, Ashdod, 7721902, Israel",ChIJZaDroQyjAhURrgb3RQZryQM,4.2,08-856-8160,places/ChIJZaDroQyjAhURrgb3RQZryQM/photos/AaVGc3l_66Cjyw3lr9hlXU2WXb_oPkEE90Dlh6r4Cbg-p18zcczX0Dxv-g7H1BAW-atGHFZgUGigkvlfkafFieVYx5a8eyb1uRlqNHzmnvYw0yL_s7GORE16h-1mmo0rzWJLT1cywfDmbTioZgw4kOAKXzcJQglJNAJ4VuYaYldGNnTjtWf9VJRDr116gxRu4izvVQPdGE44qVPo376tVhoegJ_-3PlQAzS9dkK048Jtq87KCTOe0XgxzwWQgFn2qgFxHGrxiYLaANgjxoWb3DPK1vFJ3EpZ6_oSAxGX_IdcuPnmjSPA59g9eepZf-aObNPZ4LqktEl2TRGiVEBQvVlKx6Ddozcsdo7vNMttSwd6RPrCADHPYb3H-zbNKUeuekbOk4r_MQuQ5v0SyGXoYIYUnXrfjX_scsG3ya0QoR9YRvqzh3PZ
550,מיכליס בראסרי,"מודיעין, Israel",Michali's,"VXQ6+7MR מרכז עינב, HaHarat 7, Modi'in Makabim-Re'ut, Israel",ChIJ2XBEA6bOAhUR854NBrduXgE,4.4,08-669-1000,places/ChIJ2XBEA6bOAhUR854NBrduXgE/photos/AaVGc3notCCWAy3pSfYU35FYvOX3TuY94sQQWPZi-wOnV97Wwiwlx3eOTTrDHq7fHSQVCPa-krx1epUmNzhiOE9Ed8cw77CSnRZGbmc6PHaEPHg8jv6gMNbECNow9MADJ6it3hxJorWp8qWcZL3zFUesJujLrxhhCIQDUdkAURUk4-2SKH737XPNOCCD33rDfE1_9TZj3zm-PkmtOKLw299swIc0k4MkhAxlhiqOL9K0zno7lYnq_lB19hqYomy7FbkPutHh9VxwsbpZvuip5sVGOyp6F2eagqAU_RE9ca8zB6H3sBB_IFoYOKlc17K-p2RPURVa3hM-W3WEaN7VHiLdovHKwOWc-MLoHdAx1SLyBfmVdD0t_iV8qWFcU96qnkeci1ueHsNtgspHi5TIvMjcVtEI1btJiMdKq_wUG07-Vd1EG16E
551,Alfredo | מסעדת אלפרדו,"Shlomo Shmeltzer Rd 94, Petah Tikva, Israel",Alfredo | מסעדת אלפרדו,"Shlomo Shmeltzer Rd 94, Petah Tikva, Israel",ChIJT5i50e9JHRURich5UvGkdAk,4,03-923-0643,places/ChIJT5i50e9JHRURich5UvGkdAk/photos/AaVGc3n-1DsgLAulA5UFU2anKKv3P3KwCy0gaudwFIUEsUt4qEksVMHf0ZSWqIRDqy1CzC4IQ8CbFWmCrWSlmeRDl2-VRK9Jb97andSivK32Ev_La6i7VmZA5eUdq5Rol5nFF3aAgKQZem6pyjVfRNArddckpz8praO6SEQKzkGTYIMXTrn_J4nJWR3fY8-YN2wIGE7I0C5C5BG3NZseSg2jgzJqNc0FudkK2iKsnBN2U94vZ5YIICxh2mTfHH3nqhy5L8oLIxql4rY36JQ7k9SJ2BmVlssM6BS4257NmTwisXq60Gp7_-vyslicH09RPEuH73cj7xpJXE0dBlP3bDLc3EVkc6rHvz-j1vLo9h4VOoG_gEE62m1DZ9ip6KKVSrBvYmZIf6ZmPIOjGv3m69Y986G9A1leIezsAAPG_gGoN5zl9LdY
555,Thirty Three,"ירושלים, Israel",Thirty Thtee,"בקומת הגלריה, Yirmiyahu 33, Jerusalem, 9446718, Israel",ChIJVwH6nJ7XAhURk-jr-qyddD0,3.8,055-681-0165,places/ChIJVwH6nJ7XAhURk-jr-qyddD0/photos/AaVGc3m9J3T_uU4b0qrbOlaleO-JmPUp-LqSjc4rIsC4RqC4hCzbvz8C87cEEcLX25j3llYZYq3wkW-v-4mPaD_zPD_tQ7y3o7W6qDUX-oAs6zNQ76Ds0lix90_63QWvV_Ew8ow0xKC4Pq_irgwOi-appgu5nfhDGi7hFchWgDtuQdhtM_CLhGNpxH9C7hIHbbO8cETBfkCobn3u6qXURo-zob_L3Gd99Rl9nnLnTANOu0UN9dhA-QyVst2OjtbEtVNl0xXZKy4SpGwAhFqa_-52SzhsVKFOCcu_Qxp0j3UgGPnQwE_Rlx9GHaTFiLXaz6xJXmfEE8MKU8Ey9z6531EmJvgX4M6aBco_kAjeXePIieNh9ytlKrAHCJn39-Fu8q7f6e2cZr8LRlIqpw7xj0YGFdrJbNYm8UhvILR10y3BZNzavSmrTXDzOQ4TXobPqBMK
559,מסובין,"בית שמש, Israel",Mesubin,"Yig'al Alon Ave 2, Beit Shemesh, Israel",ChIJdzb621rEAhUR2qV27cWVf3s,4.1,02-991-1778,places/ChIJdzb621rEAhUR2qV27cWVf3s/photos/AaVGc3mDvnDaaEPcGGp4I79mEZEVx2Prf4N2ZbMm9e5g7HNl7tWx_LenJPrAB3ORNgp-DpfyzQvqEsbeOT9LvJtc6WoFz7bV7iiqvAu_8zJdPeWIZssSIOweVbZL1h4fIm4QjaOPeoMF8GNlLLNGXoGTOTjdU87fwXDslPlhvrcW00t4zmolritQZDECANpNbfYS6osAHgtLAZn1be2I65dcomNoMKFLKtJrQsi3nxU7W3F9pHuhVf8tXGeI-ZEYg7bxwVU_nPVzFdJf6yJL6a7ZnP3EuRG3LKco8hyvVQ8XBFwNjSWH8x4ZfqFLT4gDGJhcmbEj00ajseXlDTD4ejGDAi9mJEPOQkVQEo-gVUtQ0GBteeSyPkbStcVx0Aq28PUUojw8BubCJOdN0svJu4TEpDNDuaT8vDGfZ3l9TZu0nq_dnQ
568,מסעדת ויצמן אשדוד,"HaBana'im St 9, Ashdod, Israel",מסעדת ויצמן אשדוד,"HaBana'im St 9, Ashdod, Israel",ChIJd5wpVGmjAhURvh-8SE8H7_M,4.3,08-852-2593,places/ChIJd5wpVGmjAhURvh-8SE8H7_M/photos/AaVGc3n5oDs_smuyw2e6mln2de6zEklD1ghE1cTv14Y8aHWsRCOYVGN-sh4_zdXlpVqq78oBs35rT6JRdXF2wQdtTNPcg31RWiYPPUiRscSp3Eq6_7mDBTSnNP7zs0IH-Bf13SODZAZWk4HEs26WnzhrhC2GO7o5og-NLsmhUbV8W38AtgdOvTbt1ACOLninqU1luvtTIt1lN_IllE7ZkdjUozXO7iT5EbXwvbIYUdxvQ5x1cs9vJD9DL3YblOx_xL5rdofYVFAK0hXn0yU4B6MXIFyqRwlWboHgW7qtoPO8rmLLIhmmI00igvtRNctU0EkD_iCSQT6tu_ScSBVkk0rZQeUa5pJ0Ukc96yVg2aieptTWurIOBnGKw43wpQVEMcQNvaVb9216fcPt1_Z6kovUFPFTcGY-9qWE_1eyucdzSmA
573,הפי פיש,"Mamilla Rd 14, Jerusalem, Israel",Happy Fish,"Mamilla Rd 14, Jerusalem, Israel",ChIJY3K8gtEpAxURbq4kplsAZa8,3.9,02-548-2230,places/ChIJY3K8gtEpAxURbq4kplsAZa8/photos/AaVGc3kb7iEI24tWKZaPjOnff7Q4GNL98wdp_15bO2tm6DfyL-aXgsf2YTvvSOj18rXgLggCB0JWpRjvcsyWFgFawhxjsHgw_4F8AzWsDyErrQT_933oCQEQJtAaWRFh4Es1ozOLbV0_Hjr1fmQ1A8uch8wmsUQtYuxiCgpHBRJVidvzBqW0JZJMdzy-pcWIbzz8abs_DJqcdg3REYjREKrK35OOekPSryhkgzbPIt8AiZNHA_aZRjrrz08UejEMzNOvh3RG9WrHKMKt5N5MqbE9FTwh5kUz6iVCh7Hf1sqcAk6Q5jsKQ7S_vwaL_McJcu-v1TF5mQ1BI-3myBzsV86lwt3hKxv1ROyJweUpwVbxFVeX-JKPeWFm5lWd-xKOUrT7qKYVfnEVAgt3i9mc1QbWQvoMq_6Q6rwVQPwyiC990bG3OQ
575,תמרה הבשרי,"ירושלים, Israel",תמרה הבשרי-Tamara events,"HaTa'asiya St 4, Jerusalem, Israel",ChIJSd8wAz3XAhURnnvm5q3UUBg,5,058-557-7507,places/ChIJSd8wAz3XAhURnnvm5q3UUBg/photos/AaVGc3n7xnkinTtzLWINI-JPygF2dlSD0aJHJTdMWkqRzBK0jucw-X8L3voFhTdDdwZVto1_9Oc7JRDKRdyY2AtLtttveFM4SjAKwKEPPYzhElQZKloPc5Mun4h6OVDrbY2oQAFJLPadYL9H_uBsVKGZLm-QoKlsaBqj_vR6KJpHP7EnGDu1Ne1IZkkdSaK_slxmLp7EQtOYp2qx8X5ztyT9WQZlPZq0rubzKE7nfxP-1skE3eDNWqYSqBOWcd7bmnMUMs-TH8QDpwj903R6LkQ0A9qCKNVR-Pu02vz6lDpnfPj7FgPtki3Y060CQ5UrNBnQgHtIpNhJdnjOTthqPq5JBEAKXJ2PimHCClEPFm2pX0usjTdiVoHGE6e49WVJIZ8WEKZikizpiR9YGuXKlr9L4sG-DTCC4d5duaAeIKtEw5HDLrmBucrvAv_qEfnDS3tj
576,נויה,"Queen Shlomziyon St 3, Jerusalem, Israel",Noya,"Queen Shlomziyon St 3, Jerusalem, Israel",ChIJX4cEGNEpAxURS-pljMErU8E,4.1,02-625-7311,places/ChIJX4cEGNEpAxURS-pljMErU8E/photos/AaVGc3nZmBFhCyOVEcgyL4mryU7OGmSaGiqZB799fIIc1a5VRjp0MAWV1Be_GRM9eR6D9Pu0xGdNl3g7eccrPTS_7al_okx9MbbwmaecZfQ3d8FjddCuRBUV_9NiI_P_hcDEHREyjJYRtlMX6ipPepYWdC0bLremepMqZqAQec2O0jBAwpypVScLmJdyKI_-3NCn48yj2any7_6KlO8ByZuiJ-aJhg8ukqjc3xOENENkxdLR5E83l4JCWL4GnN2oo09osrk5mU7f5Mdc4zb28jdI6w1hm52G_DQ5FnucSE6XxbWXi1OgduDN81UHKLzVooeokMP0RuiUd1vLW7ZtFq2aFyTzh6opkH4-FhdOXZVizIsrvhxgj390VR1PBlpnIC50tholKVYfAWerWXyInios4hVnPFayBPUbhPDAAjbA9IeMujorifOHCE4lukiVmA
579,בוש בייגלס,"ירושלים, Israel",Bush Bagels,"Tsfanya St 61, Jerusalem, Israel",ChIJXd29jt8pAxURsHNdQ00YSZg,4.5,02-651-4123,places/ChIJXd29jt8pAxURsHNdQ00YSZg/photos/AaVGc3n5zUmrEsNU5kEZw6C-uwaxw_KjH1zZn_tlN1fR5Ad06zXeGYZG7Y3OTgjYINkDeUc9BB8JMVciS2ucHRbdJvvkF-vb6FnVY1-kEvO0Xm0kMBmRHtwVyf5tc3h1b8yYI2eWSYmcfCzLjNC0LFuq3WlF-BjpeLydLk7UTswVostln2q4TDmfHQhxqDDWnzW6NGwXeY1rBMolOvJnxzwe3wI77KkS5MKB0HL1_iLvPCCgzY0Od-fcT0QMnUescD_O9hFlensBeakrotulM5wJ-9NzYE4w-Pqm-tZVLWMWa9ABon3CRUleHxYL_PcmUZZDnqQrmHoGSPsomtnPNaF-Cfi4lFmnpQq94sLldE7XnyonRvnIPP-hTO3ZsMBcGBEuulASdX5IU-yT-vdrAfILy3zEsi6YxH6DvFpA4v7O4HtjfrM
580,בורגר בייט,"ירושלים, Israel",Burger Bite,"Shamgar St 16, Jerusalem, Israel",ChIJg6sIziPWAhURztQgUXI-6uE,4.3,02-651-4260,places/ChIJg6sIziPWAhURztQgUXI-6uE/photos/AaVGc3mFNK1vpfrq-hwQB4hkZWbQJWfH6YprvtCiiJK43qELHf_2RpINk0HnHTQlqiwfYbJJWrFzi6IURaIuQs7E5S1lwuIK4txj5GznoRDG0QBvABN47cZWr2CBsr-Dv5u1VDjjBibRQCA8S2Rv8GRh5Ixd-jSct7EnN2yP6IM7cEuqafpmHh3Jq74lUlEr7fVgTCXvfDzLAaEPB8SwLRkQEg0FcLAAK27s82wxc2GvPAN4VfRGX-Dy2zAxMM6KEihiplAhdFoExqLRoEkHMQS8Prsa7tmsNP6x2HkEAOnsUAB3QHEwsqu7EJDF0lhj9QId5cMGWMMWYZfgqtIe6nZpH3JkPuUaYCeLFTE4kAE4XTd_2eKgOiEM-zsn_EcApqAEYFEFIdBrXW_uVvUl5FJwJcnAh0nr_VwEJc8ZHc7y1T3e0tYD
582,ניו דלי שרי ישראל,"ירושלים, Israel",ניודלי Newdeli,"Sarei Israel Blvd 15, Jerusalem, Israel",ChIJ-_GmcyXWAhURlR72FmPsfxQ,4.4,02-629-9744,places/ChIJ-_GmcyXWAhURlR72FmPsfxQ/photos/AaVGc3n0UqM1aYjI490s78eydUDF6p_y88EjSHqNgGgeSnzo9xdGBKKsIOJcSp0vNKCzr1_lYtQFlefGk_zqcN3cEFOi2nR6PS3upf_V4Yg5FlYKoeRLthDkhJ5b5GLsGedT5-vcGF94EPj75plMzn6du7TJnLnuDUvUGpA-iohsyU3tHcT9eBCd96bt-LgDFa5ShOcVEtUFLQlF_FgIpzHpahKac0OUBhmkQIZELe-iBevp8yyRN08U_8rfQ8AB3VKwnSa0n_fANa_mJmi1mRNYYQMfC1hsH__Cl504hVmWJZSOpXQ8t9Og4MiX-zRxXXiFchN1A8HRQyP7aqrOrOp843xJfAcrFiyxMvBOQD9nphOfVeuGZXIL8D5wtmeug0TCf_lGvI53QlJMtgL0lc7aS7STpjuziFPDEoAdxYMEELzCvg
583,פלאפל מוסא,"נתניה, Israel",Falafel mosa,"Sderot Hayim Weizman 12, Netanya, Israel",ChIJ6d27kKtqHRUR0hiVMqjCgjw,4.3,09-865-5500,places/ChIJ6d27kKtqHRUR0hiVMqjCgjw/photos/AaVGc3mpX8c0ZtskxNgj1tGzIPU1UwMisAciVa83dhRHauW1wr4QRrgoY-WvsSnAHMTLy-M2IOK9EPQdwH4mhmbrxKvR6mej4-rVnt10hjrBbbY9Zdf7vxHLgNWXiMbmhU1iDCzYMph_DSe9pA98QixuDtSdo8TgcUZE8dKX9grOXUa_sNi4PE2GlCWR7ZnAlGd36kEMxcTAtE8flZGsPmO9ueadx8DTiOssrE-SVZE9DnxBYdDgHPzWsDiRjTrWCOymHU1-jt47aqJJxCZcnzZ82PYIM1a4hw7Juk8m1-Z4jCXhTb1PLBS9_XKqVAIVSlecTbjas5dsadY94VsJ0ylz2PfNu5myBVVh9Pz6aNur-W6W_j3MlXYAn1YNwT7CBHNY5u7NRvrIdd0bZzAf8SxNREqS_P_VR-JfsrsR7zFJJWJPoA
586,פיצה דון פדרו,"נתניה, Israel",Don Pedro,"Herzl St 5, Netanya, 42400, Israel",ChIJAyRw-KhqHRURprEaYR9WKrc,4.4,09-777-8071,places/ChIJAyRw-KhqHRURprEaYR9WKrc/photos/AaVGc3mnXCGF_vX2AHHSahqrOA7LvTCkYXulDBrvJ2-JZS3tcN4YJqz_os8ym2ft3bil_9lQatL14qTHdRojufF1ixT7Rpnz3NrWZitlEv3OSDwg2uhFm11IHzErUIeBhxB3sS6VV_ydpOvQ1kHGviS2xsB8BZngKBfoiNeRys9EoiUu81kNkojIghAIbyS_zqHRv3IHlTcm7KVlK6mIKO4_81qwfNKYyPhDQPGvo7wUMoJ0Y3NexCeCV83Z3hc15p9PziPpD3DBvP61wX_izhk84I5QAnNnOtOGiFgvD3LXet_gvbjGWelaoYizg7hGO2Pu5eSS57VDgtC-u4-skK8BvpEF4iqucwpxEg8tI_QXB9MUi2SuzHjG4gYaQA8Vc6W81i-h9HTx9kO1lWT36hApYLwoxd7fsZquBhZ9r_uHLGgBbw
587,גלי צאנז,"Ha-Melakhim St 6, Netanya, Israel",Galei Tsanz,"Ha-Melakhim St 6, Netanya, Israel",ChIJbSqTWrZqHRURVrzcW7vdI5Y,4.4,09-862-1777,places/ChIJbSqTWrZqHRURVrzcW7vdI5Y/photos/AaVGc3nBSbEBynERXHbPqbOPpvL3EYtP4qi2YvLaY2ik3ByOie1310-nawSL5XQVDgpMoL5XHSw37AQp7zNE6YVrsAFRKjD7TC3jDW3mqG4US3Fdsy2p4YfoGznkZcA74IKZeNj4DjeOQdWTNDqApIjL5b2M3-nPifztBP24YdJxbscPbwa8K0aeHjoFPkwDLW20DotNOQLFzE0g4BhqivftKkHQeSMpf2zzGOnZm5a__JWoq5810pjsjaMpbSARV9FORTw3am0TJefSDD2SuYxpJLOus6b78yeO0E3Eq4ca2CA_H6WhWTjLO0x1Q1DGlSpMLgcZPb3F6-kIX5Ydx6yPhlFytevkn47ow0SkV7QmZjhAi1_f6t_nBl3GKqhaytGATisLVcjCYN86fQXEFn06V2EaJ3Mi_sQ8AN6JB4Z3MCYOzpeC
588,פיצה האט - נתניה - פולג,"Sderot Giborei Israel 22, Netanya, Israel",פיצה האט - נתניה - פולג,"Sderot Giborei Israel 22, Netanya, Israel",ChIJkapaIYJAHRURvBIbgyhHL1g,3.3,1-700-506-070,places/ChIJkapaIYJAHRURvBIbgyhHL1g/photos/AaVGc3lt9Vw30XhR0_8uUxxJYP__p8Aa04Qkelo3HU-azW7RGKm-yiEgqDtXTwJujetY91MVy9wgCpQju13Pw-3zvasSU8W6zv25yd40PgEzz6vHXyuNOxpWvtePvVgRlqnQafOlS0_QA43jrCKnRLg9yHoDSFxUkkTtsXfk4RGM-bwJcz0UOYP1ISbVrpldQhh69RReW5H9R3Xltss8J4vo8aeS5Qjn0__9xBaXKvL1IRoBn3Hpu6Sn4p0bOqFnw_IghJX7uhiL36Vd8ZNuEk_jAj7rac9h5slGVpNgezmiVm8sT6LoWCb7D2CkWbYzTbzVF5nGsQdqzzqsUuX7PYquYI4oiiYC6BleW3ZgXcKuqJV1GWql1Kz9dVbHKG44kDJF8WpuLDVwWACQwx4QImre1S6HCwULFDWm2FT8Zc8r4uZWcg
589,בליקר בייקרי,"נתניה, Israel",Bleecker Bakery,"Ir Yamim Mall, Beni Berman St 2, Netanya, Israel",ChIJpcrg6JFAHRURP4Z5d2VsYro,3.1,077-303-4175,places/ChIJpcrg6JFAHRURP4Z5d2VsYro/photos/AaVGc3n8L8ArHW55Om9zTqvWOGuatfjBqDcBn_y9JkT4LYYJycOnonCf6ZjaB4Vw5jhSj3zgr7cYUReawuKCZw7GPpjcQBIk_ubXeGdXEDngFErAlJ6i1NZYRXtzHk34j1TBTbr0YJkPbDz0Z7fzY8-8SMqbv2u2MpnMA_svDDab_ZcCi6Ai4hMvAGpfu9TsywGP-m5VAnjQVXsHeMelOP9qYhKqPsk3vGGDguvA_hrq6kRqDM-gBLs87LOQ8BpCFvWHGClRiHlW17vlynrgFknc-u_fEh9i1W_wqrrS_UJnrZelm_e0VY8sxek65pm9y0w6iL2U-EDlrORse9A9xspRju2UlkaXKBkRqP4D9E93ioDk3kOkpdWqZWMqegkuALdac00swZPij5Hk19bnBy8kcetMtRE35Q3kiReMoLrHNX4V0A
591,היקב,"Gad Machnes St 6, Netanya, Israel",HaYekev,"Gad Machnes St 6, Netanya, Israel",ChIJC2nDlKdqHRURPYcUo-8fUqs,4.5,09-862-2220,places/ChIJC2nDlKdqHRURPYcUo-8fUqs/photos/AaVGc3m-u93eWzJycTqEQ_MptUX9qm5HPgwHJbUuKuT1XDYwMR5OpeX7WsCXw9t0hx_h0rww4aee77ebU06DT_9mwNBFEm60XwNNsTNpKf_QP5Abk-S__Td8tEXg0XgK0S3ep1NtxNRy-JeKvgOQWrAzZFOg_4Nl04XEujIRL--p4l7RHamggjs2YrOiZj5FYbAdM29Qs5Cp7Hzc1V-eEiEZTN277e_L2zzhKTUxVSm1y_i1EH5lFMFBnZxSS9DO6Qgm319SRKX5XD6VmB52AGWKhLa-1YokcxfXlKePUJsGip4y-eIZlNbW3-0v_fxvtA4j8L91aLmobazWVr6zmNPjZuZpGYRZwVZqsq9H_ef6rOih6UWJjqUFnTsGaN2IWg1g9Ray-uwAKo7lLSQzfU330gZlWK5S9tCW70xtWF1jbt-hcQ
599,קפה גן סיפור,"Sacher Park, Jerusalem, Israel",Gan Sipur Café,"Sacher Park, Jerusalem, Israel",ChIJQQHV9r_XAhURUZW0zafyYqw,4.4,072-336-0999,places/ChIJQQHV9r_XAhURUZW0zafyYqw/photos/AaVGc3lPdCQzWZcVz8K_8Okl0ZimXkFP-UrNxsUCUSaMqzr9hiSqNhijhzu2lPay-4s6HfQmQvUO6hCddu3rAV2SZJgzb58Z7YydDP2VWfgDBXdxCWYM556GCSwVQzexd7ufdYnok8da3AwnuR7-mhZ7E4CxE63Xu7AI4gBo0a1_Sq1qOUXU-fL29Za8FbLql36nYcUsAZM0HDKSg1exM9c6Pwocqxx2ZQa-IgcywOojKAJGpGybrPcQ9WTvZDcLxVeLo0DCSnvvHh9rMWeZ3soXuk49pHsdSeYN0ORPJSLC6ZS2Hu2k6j0JK22vJxN55NaqShTRcROlE4vqa_QJl33EhiuCd9c9TB4E18tSTQf2lxG2jtKsDxwjvhBK7RA0iVPI-EfHrmzkLj59M-FstaNd0cQ_qb_wzwkn1WfNPy3PtyWmHEkf
1192,פטריקס,"Hita St 1, Be'er Sheva, 8424617, Israel",Patrick's B7,"Hita St 1, Be'er Sheva, 8424617, Israel",ChIJA-kX61tnAhUR-CIfjJ2Xf5Q,4.7,052-656-6132,places/ChIJA-kX61tnAhUR-CIfjJ2Xf5Q/photos/AaVGc3nVOpjvpNYv0OxZ9jaVrMJjpyf0IMCjUDJJkMZRsjsbkdjwL4PBaHD3kk3apNbDj1YDOIPRfGW3px9gqdw4cMywVJRNSCDx1HYIN28Ygweca37vnwdQBKV9MvaF5hlTWydc_Cn0XnYWNlNuj5E_rwU3mNvguVObZ4L5skKQlSP1o3SEiZy4Ejl5b_dWxlPuEnFKYaA5PBx4IdOgAJWs4isIKmhftKjfrt8LQqzpu_sjDMP2eXURkmoOZzqOf_cn7qS5OwKJzyrRrkH3nqfyyIU2ciOV0vDPrX7C58LPJm4tX2GiN8L7DXm2QC7pNEMVPAlfLEo_ce0vDeONamrCgwEvmZr8LhmE3gIZSwWecu3V8wUQszMqhf2mk43k5_jnC_hrXHJaXi0wyO2YJAhTuG4meA5vigSGaOEaVS5iQUvo9A
1195,ריבר באר שבע - River,"Hita St 1, Be'er Sheva, 8424617, Israel",ריבר באר שבע - River,"Hita St 1, Be'er Sheva, 8424617, Israel",ChIJV8mFbU5nAhURRSeKchKwK54,4.4,053-681-6010,places/ChIJV8mFbU5nAhURRSeKchKwK54/photos/AaVGc3kByadlsRUOwn680SC2hlZR9bBf3gyJ7LRX1T0mlvUniR-YJyytL77HaYxkjduMFuS-0m4PuxmdXBBQksykccJ5GmqezRhfn5_6hqVg27WZeeBtTXHvSL2P1aoe1712_gVuW09zICv0LTQpFU7tIdDbS0IiHZReeRVLHT24jtngT4HmOzkbeoTb5ZKTUS1jwOVkWK8JG9PX0AVADig41yfOzt5UwVwriyj5jMb9QQWm70Mblg8LGmeOjJhm7KYm49FF6mqYY5oq40kUE_CwQo6R-huoHU7g-HTk0JF1hzpQqig6A9ew-KqcwbLzBRDKz9SUsU7jM9IYgwJN7Ke-pEc0KiutWae200IdI3m5Yec5gljFu3ZuJXjiWoRW7PmUWPcctOwIUIScdp3LTl1_TFghOF8lHWMX5Y616r4V14wOCw
1196,רוזה אשדוד כשרות מהדרין מחפוד,"ז'בוטינסקי 45, סטאר סנטר, אשדוד, Israel",Roza Ashdod - רוזה אשדוד,"| Star center, Jabotinski St 45, Ashdod, 7721902, Israel",ChIJ-7E-V1KjAhURx4C1tOMSWJE,4.2,08-618-1717,
1198,רובן,"ז'בוטינסקי 43, סטאר סנטר, אשדוד, Israel",רובן אשדוד סטאר סנטר ruben‏,"Jabotinski St 43, Ashdod, Israel",ChIJs4k7zdGjAhURxVUlrKPbFvY,4.5,08-930-5055,places/ChIJs4k7zdGjAhURxVUlrKPbFvY/photos/AaVGc3kgSIeJpPj8gmQR8WCnXmcA6ByNILEYXdQJQeksRencdCXUKrkLaDxilGMbbeS7-ibreEp3p7qdStoZNZ5MMbyyDLV1iSFWOgCm6MkXXOulM2y321h6d7kdPpzBpT4eFHCKwwKcNkUP4DPI_wxKxECbpw9rvRTCZZ8Y2kq25RR_QzwE_uc704XyQ4AUANiDxEaB_VJf7IZHeJBjG6tlG055NIEM0HGIHLDFNO5SpgiSv6Ygl0PAjrvCptz9LXtRLsPNtmWzxVopUSwnuOWq7p5HHIVP76ccWtjiidlbMxLAayV8zY48yqBR7k2jUz9W-98wqVBCpy-IQ7LrNuVv92_gb3KBCSzPq9dflj07D8rkgyXmmjt8ZnGRsPuhPRWjFYFNTlZHNoR9HOOWDTimiMicRofB_e8FkAIIcjRZ5k_Guxjf
1199,כולנו - Kulanu,"Makhal St 1, Ashkelon, Israel",כולנו - Kulanu,"Makhal St 1, Ashkelon, Israel",ChIJr9aVl4ydAhURqeGq68TwLPY,4.1,055-973-0077,places/ChIJr9aVl4ydAhURqeGq68TwLPY/photos/AaVGc3lll7cKXo53O6-nTZQzNlx2IYOdupOIyOUA6tJhRmZ-D0aaznHBwpPMkXu-ZygHcHom3lhbVP9IxQpXgx9UqRSY0C-bba1VNHWTBXeob9QREPTPYoeNMl3EFKF16uZ0afr2vP94Udw8gP6xSO8RSl8lb1ISPnNiCRP_iER6gRZE1FAPUGKEmJ6462CrL8XppPE4z_vao5PA__kVW_TfrRfmbITIs24EpGvvdjNd9aUh_DzD9L7evcdLxdxnwCsPltpUKvHRwzgZdZ0MFeKiyorxdTNr-_3w0NWn4aP7d97PRJo5O-v4DwkZcVTVPX0mCsVXw1v9Df-RVusermr46680MKQYnV26l_KJOfpKAsmI00gs43hkilEw428a2i-hLj3l3_-IY06gPVzkKns-4r9EHpGgjFkxNLrbXMJCErCHPY9V
1202,ג'אפן ג'אפן באר שבע,"מתחם הבלוק, ראובן רובין 5, באר שבע, 8454942, Israel",ג'אפן ג'אפן באר שבע,"מתחם הבלוק, ראובן רובין 5, באר שבע, 8454942, Israel",ChIJh9FBisBnAhUREpw_gsle5VQ,3.9,,places/ChIJh9FBisBnAhUREpw_gsle5VQ/photos/AaVGc3mTIFDPNJUPBclNfqwqyZx5HtAfvPSAu8c01XwznS3UGNK8kooGRMhlumWoAi_lkMH9rIcn4JykNOIzzqsYOvDuj5GbadOU5BWpogk2X46dh11VzIIxIic7WegXlY_LEnAlzuPPCR-F0JF3UwFFIZ4OieSyRwTsW99hAQwNxGW8RXLcGrLIN6B2w2ugjrfcWWUv9pS0MZfw6dFe7CXtO-ny_gmsuPEI7MwRyehBtAJ29qrjEHb5uxQ_X3Vn5ij2HGU0ks7e1rseo8OMrtTM0I0FxEkTp1MJhidYePTEcz4aZL36tBJzCdMnB-pRUPoGHA5ArkZVLsuLl1hgwsAl3UaHFHOZDPg-x0yQyfKW139vwi3l80tg38fwlT0zFyULibVWihIG8MsWXiX_16ZWy4dGVUxunqDxmPQ_jcoKKMn4628k
1203,טעם העמק,"בעלי המלאכה 5, צים סנטר נתיבות, Israel",Taste of the Valley,"פריז סנטר, Ba'alei HaMelacha 5, Netivot, Israel",ChIJjTNKk3l-AhUReEM8LT6It9s,4.3,08-676-5532,places/ChIJjTNKk3l-AhUReEM8LT6It9s/photos/AaVGc3npta1FZ73rg5ANdNIN83tUPlPj1FkwKmozRdqH7fDjtIROQbmzOq3bZoHAq5n7IdNSyrnYEZRC6SRJ4WxQG0yaISL49W6wUZL92FM5ofZsCQq9qyd-nsT5NZePToRnCJnoxmoTWEesC5_NWP5RG-VEn0-HQVNpP3a1GFmofeGdcAsOEhYY8lxpsQWWYGWe_T1AJwJJfD5jEpVNxFcDZmn0sZphsB7QcrunelC53G5BH0F57Cg2GqEmAF4W4GDYXBWfsO_qRjBuNVOB0XINXElOJhnnDV6mbor0t6CW_hjr_5riqV97YE_J-2EeQEvGnVo_qgGWt1KWt8jm1GMfAraJV-JyWl7IrlhvRqFdbZoEhvDSYBn95AtKz7FribfGp4juPhnmwwmMfbNLOSbB_ybeolVojjwCOHKiZCFiTv0mow
1206,פרש דה מרקט,"דרך הדרום 3, קריית גת, Israel",פרש דה מרקט Fresh The Market,"Derekh ha-Darom 3, Kiryat Gat, Israel",ChIJpVkLPEiRAhURYe2c83whzhQ,4.2,08-850-0085,places/ChIJpVkLPEiRAhURYe2c83whzhQ/photos/AaVGc3m1z6gYk7SThDv8FHIIsVeCMvNFX7iyIZ4pZ6LxAr8vC0T_3MmZ170yeRtL89xepfcW2DvGWdQ_7BXyJufyA9yVlIm37b3Z7QUZGC4o8xOfOfLrnWHiqKg0hQ8y_0hGI377VkNQZDfzhiNHFZ0rS884acpiuZ4-XAI91zoxXF1r5rzWeYkIrUjOqpMfhnjHh4CNGin7gjnINSQgmaPkOIlVL-Og9CAA0qTg-vIJ1OxLfv0afhSRJgDy2-1krrIxczAEfRl8R_7SdbuCxqvKUEKUAZ_48-m03D3mBZJuISNJ2LzLVJ6z9Mf3PVmk4ZjyzK3TWWI09IVeU7cy_-iVq1jEg1pUTdrsuH6rKraUEbxcgY_6Y46DHEIZ4LjGEW4RfVXBnjXb6l1fF-fSEj2ySkLyLPdZD--Jk0rRIACzhjUwaw
1211,"אווז הזהב, ביג","דרך אליהו נאוי 24, באר שבע, Israel",Golden Goose Restaurant,"מרכז ביג, אליהו נאוי 24, באר שבע, Israel",ChIJ0V_FWmlmAhURNeSjEEjJLMA,4.2,08-628-7675,places/ChIJ0V_FWmlmAhURNeSjEEjJLMA/photos/AaVGc3mG68Bk6lZAk_m98Qb3TZB3NHJRS277sJHj2A_t6Q7-gRBOTKqp22w8aM3TI_KYMphNKHNzkRhREtVn6JuZG2-qhD3gzcUsdk_9zjfrsbfxl9tpCTKCciOr3BTL6TM2LV8kvYQfAbK0k_h0u9kPSjQgC9ayJ7tm4gyYhkVOieQiypziSzQvM3i9SyPImKHl1zkOdIKKSKf9KTUWkzRpdlN3lWC7UcYLLXk_JUJUWE473Ln79QtLFyc3peR-QBFGxZJGkvDIVEpa_v1JOhbuPKdimUpZ6sx44G0nzTniDDxgAXAFftbanBkQusjCdZHIYdAZngqbf7PAqQrX55j2HO9nrM4yhnBQX6UZgFFny8dXXAk540TEuoo7jJhH2fwcl6lAgzhaUBoK8W3TvmB0KVUP1_4LfhSTcpWLAheImmJhNQ
1213,ראיחונה- בית האוכל הבוכרי,"הבנאים 3, נמל אשדוד, Israel","ראיחונה, מסעדה בוכרית","HaBana'im St 3, Ashdod, Israel",ChIJSSNB82ujAhURLOUSrWuf6Z0,4.2,052-404-0602,places/ChIJSSNB82ujAhURLOUSrWuf6Z0/photos/AaVGc3llWgMPovvbL_BSqn242hQNQDGQ91FXt_n7BREOUBREkdC5DvzVm3tqs47IzvNYZI3qXH47HvTS2mvLsShOaUhKk94nX5dAw3tYln_fe-0cy59OMqvEauxoVLOZ5AVgRkcCkmnotJob14YEdMzFXXftwXzuj0jlsE-DnmSt6WGfLb1Zjmcz3_zeo9b0KvXR8PvHPsmAWil-mgXl9AS3061O26OZxQnkWMVwXwyCaoFoqsIOWBYsqioBd5rek6dtj3EvDgEBblCyc5oIe9qFqeVr_AiSOmk0J7yMr7Z51MMl0vM63elB3lG0I4pBrw6cYtNbCYV8FIIjL45Ygt-iwbkFCXDeVCe_VUzVhILd5wvR7c6aMWebZrcGM8-_G7ZU_Uh3eaqo7DQSftRUt5mAxj_9WahHlCPWDa949OMPGM74KV16
1214,אנג'לינה פיצה ופסטה,"אילת, Israel",מסעדת אנג'לינה באילת,"מלון המלך שלמה, Eilat, Israel",ChIJ67-_L-VxABURFyBhxrW-dgw,4.3,08-636-3439,places/ChIJ67-_L-VxABURFyBhxrW-dgw/photos/AaVGc3knGQ9Y81PlN7UAJ5Rl7_V4YoEXD2UEBEFaGVd-jWgIZuT4jVuhELBO7_sIgpowKsiSiHMcuIUulFB89g9ztZdprCzfZkIYzaFGZUH4c6jdGos1j1EAc_TkUhLQLIY6JJ6xnfQsbEzJOknyU6JNFK4LkzEn7PdFs-Lg9o8T39MU1PzHARKtVrg7uwcyK7hRQxMH-vd0in22H4P-z0NA--b9fIlkgI4jZDvBKWU5thUO81R0_q6y_t_5vzk3MsvDKqmEclmQit2gsb3vQa5jn-VMe0gXnE_fm6N5-XyUMB8qj8CRfRaplkj3zbQVSArWO1ihAAoeNTmmWmlqcexIt5Bzcg6z5LOYabqqQ1KCwK3hFmL7cJpD8uDMMdvNwyXv4aJtdRS2_mEFhvZWXiJt75RxmrDcsOHmkzPbYNW-V7zKTw
1215,קירה,"יאיר 4, אשדוד, Israel",קירה,"Yair St 4, Ashdod, 7722611, Israel",ChIJC4t1WHOjAhURLofDxX4F1D4,4.2,08-856-1632,places/ChIJC4t1WHOjAhURLofDxX4F1D4/photos/AaVGc3nArx7SslePCX1u6JCyII4PD6elLLJusxPfceZgz5D8HJcLxqSFz8GKhpJyZOrmac44zJDX4zWugGqf8ugwOfaHBOcN6jbj4d_C4BJxM0ce56KCeT_rX75_lDgu9_VCJbIq87GQR1lBIYOUJu_-3ePgnzH6xo7d7LyGENtv-103jB48vpVH3Q2wmWGLQNESDSMGMfYqMm8opPgxmJov3axlX9vk8Baqkql0hfHBKKU8gc9KN5AlsNu87-Shd8klXddObM0bjo1zZtwdgZPmAdM9Xplq9UYoJwsaW2poJsHEdtivr_S0DXI6RUOllUk2DIA4wNEAdLiChWFxUaeEVKrDZ3zuNizhOnSHbUOJTBsb2jHcjuyXjeBmwlpF4Yd6rKzpPQLr0h_qqvP8zpCd4CtX7CFIlZCooAI2TUizvow
1216,ראנץ' האוס,"אילת, Israel",Ranch House,"טיילת רויאל ביץ, אילת, Israel",ChIJmY5N7e9xABURuSIAsmdOK-I,4.3,08-636-8989,places/ChIJmY5N7e9xABURuSIAsmdOK-I/photos/AaVGc3l09PoKnufU7MSsk_9Tdle7wzyklsqqk2XyzTcf2teTrkfqAzl0GfLLCFTIFodeJhA-XFb7aoXCCP7gPFvY2y4dpWu2vYa21wCoPEL7ktM9YqZznb3fkECM8Zhg2p1gw9wjG3-VDpydHN7Ku128wR4WQ8exAxuOo-tw97TXieSt6C7ud6iT1x4S2B9aZ9H8JQPGcsoZcPEfO4iF-WFHLxHGyu-hJCHN_n2J_61IpFFns3jXgQxSbQ9bUQGiscK_hM0mI9TlfOYVrOC6USHXxPDVcGp0R08_RnjpMYBFoMPx7K-0a7pyFEzRU4HBdgCQhMsFytkxuMIPOnktQsgdli0QazhppKW9AOmh09BIDHMQTipA5UEY4uNm4DxO-S8hTCorVzYRfHFpy5Z6nrMa-55lx0GY9kucWrCiiyxpTWj1k1SR
1217,באדה בום גן העיר,"Ha-Gdud ha-Ivri St 5, Ashdod, 7770089, Israel",באדה בום -Bada Boom,"Ha-Gdud ha-Ivri St 5, Ashdod, 7770089, Israel",ChIJPzZ8KrOjAhURE0zPLDMY23Y,4.3,08-615-7777,places/ChIJPzZ8KrOjAhURE0zPLDMY23Y/photos/AaVGc3lxSlkNylzfSlF-s8O9D7oTQf4CXofxYqOn9CiblIQIkO5oCTDFQE1OTASn9PcMip9L6SbYqmmpWRMCJH_aZ3AOAGtTtpcG5bQDQ6RNyEC-Zs8yRLa-IFf_yfBsZEHpTD3ikOQaIu9xYot-c8BhZsUHlD5IuGJI2W_EW8e5fnk8JHZB36NY4kZYhJs8G51H0WfTZeI2CuSY8GGMIF2uU1suKnuJ73UcQvh8e_jNtA6xGX-cOoVDYaJn9s6LSV1GEtxIqXbzOroCd5tZKbvIF77FTffvzf6Sel_w3i4kfBVm87M_R0yRvVxMAe8DhQD6f6zu6lt0tUKgMH8T5SjpJdekAqUT-C6oB4OJGUM8cVD_fbsMWDJF4NMCJLtqN7BEhqDgoOCu8dX9M2TpI4P41fnbr-E3IcZVm9UVRp9I82F82A
1218,קפה אופרה,"קנאים 27, קניון ערד, Israel",Opera Cafe,"Ha-Kana'im St 27, Arad, Israel",ChIJW7ufzfj_AhURfopxzycU72o,4.3,08-610-3093,places/ChIJW7ufzfj_AhURfopxzycU72o/photos/AaVGc3lAq0Dqru9BrJNFlRbyZhIhQIlQNsSPntwMALzaEk4EQef1NzW7VmQ5ZKcb88IQGIH0k2U9-dE6IicArVmy3nw-Awj2ZREVAOeW8BBntZK3A5wDz-NbDG3tvUqJOl7EHnko-1khw1r5U2QzZ_saLZ5lpmGHHcLAIVbY3Vj5ipZ5_wCXuR-rwF1yf8vUmyM_wDDx1PoT0KcVTW6lgdIqebzzRd5yAc4XFOV8mzvvmDbiQrUuN-BGDn8eRD_CPsCf9eRRxqW6zF7Zd2vt6s5ezDURtjdpEeMREx1HCNOMh4lB3eR6WXyIf_ovnyoQgegh_48YBnna9rmtXKHeB0KEaEnXZfJrOMCbZE_Nr2w-oL3R18F1fM6L8SMnRtXRL5tL-p8tlDVyeZMK6VW7KJfORapesp3ZflBHPyly2IdSsTd1CQ
1219,הלב הרחב,"חיל ההנדסה 6, אילת, Israel",הלב הרחב,"Heil HaHandasa St 6, Eilat, Israel",ChIJmQ8F4vVxABUR1SI-Y9fUjdM,4.3,08-920-5040,places/ChIJmQ8F4vVxABUR1SI-Y9fUjdM/photos/AaVGc3k3IZOSw1eE-Aoo_tv9-3-tcpC9nVozUnVM9YCLQzvOMsi0mqp1bPe-jto4jeJXwOR-Lgmib6zR3j_AAQ8Autmqssx3UhQkEZN4CdKTHgTDjCdfknjduEff7lkYFhdXIfuiWb6Ta3gv7YVDNof2FTcJ6PFWztbNoO_tw8C6PTEVLVeURSDS-sUurdfcX2GzcyPSISmjM7OJetv82aA4fZfF1i8_DcZ7JfZg1_ih173n3toUIipJbxQoP66--6NnqyatQjqOTrMz04hGWrFrilnTiyzljoOdx9nPduw8uz8koVvo-a4DdloQaGvsHs1TGk9-ZrTfglcDGztyHD9j319SnjbGrm51t2_3shlekX5HWC-N4oTTn2FOa35gcVSMNDGI5w65PuSmxACyLD8TtUjTizopatsYGvbdJwjcUdFFGGFy
1220,MOOD,"הים 5, אילת, Israel",מסעדת מוד באילת | mood restaurant eilat,"Ha-Yam St 5, Eilat, 88000, Israel",ChIJnz4VnvJxABURzc9W-40baiU,4.2,050-600-7368,places/ChIJnz4VnvJxABURzc9W-40baiU/photos/AaVGc3luh0AiyKI81HJXusTfJgxdYjo6x-UKfQcK554whxyp-Qvmk73K2Ko0jhoPrheJoFgBR-P-c_qw7ju8Ne7oWU2pG1u0KtJed0ThawbvpJFv7jW64ftw6WufsksMBs7gznZ-4kpX4BrgLKAm0u62WR5xb75D2tomssc4cQu_1tjtzrqKbqnZyR_4di_IPqgTQ6slpzEewlknaK186DaSDmCk6BFniYc1pkkohErVAG-gT2-T2wQy2CNLHLXhYAZjZlc8bLENIV8O8vo8gjNqS3lJX4mtHdTwM4dflwgy5nOS7jp8tQlRlqaq95Ot9x08GENrUKvnN6rnW-rzXPkTfKLIlFQl6K23qpMbnnE5GkNJiW4HhJaTzwIb9Nu7pFehaD_j1GK04j8PZmyhHbiz8sVX-mwbw3VKpDg1MQhXNQk
1221,קפרזה,"דרך הדרום 20, קריית גת, Israel",קפרזה,"Derekh ha-Darom 20, Kiryat Gat, Israel",ChIJZ9TBQlyTAhURnJCxcZD1F04,4.2,050-770-5958,places/ChIJZ9TBQlyTAhURnJCxcZD1F04/photos/AaVGc3laxT6r-5Px32seXr1PKBSA-eHhnAH26Y55qTAuOE-X6q-mIBQKn1n5jlXytvCJDV_DpDhhI4wl9Hr0kQPGPJWQ3Dqmij9G1c05teJKM-t5-6_c8cUJqY4QTzhjcBX1RblGRxL7kXjYm2grTBOWN6myK1pNzsrquEb_NXe7tGemvIQc1Oo6zj0H37tg31xN3yJfN4HrTAzdOL1YR2_AS_FtUTing4aCpCtfay7xPyKhU0yQezdXPY9WESeBHNECX76MSyt4WvdiZyR46tzRVnOseHm5phofrMrgZhpKreVPtUnQmpdeUkuLajtxtVPWn_pBzGl9poYDir1o6OKptv79LGgA2dFAhC9ihGM4jTMjmxL0RuWXY5XLa1PoaJjq4sI2vWBNyVmxtEftEdJ-srRt-MJ9ob51tRZdvdvzPT251DdJOWfxsXXNlz1MEJFy
1222,איטליקה,"קאמפן 8, אילת, Israel",איטליקה אילת,"Kampen St 6, Eilat, Israel",ChIJlxB3heNxABURnLjwv5JG-H4,4.4,,places/ChIJlxB3heNxABURnLjwv5JG-H4/photos/AaVGc3lFLEhAkxJWt7zGQDFZRNYwJeMb6hhQFynNWVIdjXQU1-p-sUzoskpjy5jmASQ0jiwS-fbcSA045C7H-FXEup1U-uSC-u4TzF9Pgf5D5Th5GagZ95cKyyRBCB7iOp_yoZFmaCT8bF8qVCr7C9ZDKbkOjcuOdPTPL9L3zNK0ZKyPGETuV4ctHoxJsiTV0jdS_uiH8jwXQpBycAuMbXVjlTBcO8sBozLAPeOSv-T16vXWP0SF5rUC-4warqLs1XsSm2BuGAAB9akqc6PKz_bcaJhFDh2J0CDMuBYlQa-rxPyLBYROzK-MEirXmJeY8UeCqO9evK-UaIiO-phDBT_ccn_HV4OmEoeunjbBbMz4qcvIPncXifLHjSWs_-cPCQHZz7oEyxcyzdU0NcMgLABheeO4mbPAL9Mv6TUXPplUfwooLbgj
1223,בום בר,"מבקיעים, Israel",עגלת קפה בום בר - מושב מבקיעים,"שדרת עצי הזית, Mavki'im, Israel",ChIJEYY8BOOdAhURLQWhbiCK-ug,4.8,052-667-0295,places/ChIJEYY8BOOdAhURLQWhbiCK-ug/photos/AaVGc3mwfKavBQSNUrJ4XCpbhptC3hqtQnXmxL6i5oPe6kJ8pI8TPSKDLSrW_HRuMai59fBwT24VpnSLIdqMsUY3dN2cGDhOhaohbsgUy25HSX0-DkWJLjOeuTX8DaufD1h1xD2P7Ki0vTOJbMoiyXBesh5VZdsOt2JYNiRstuB-YLuLybPeFtC8k6EtD7uN4qfv_tmnyI_Oa4XFIZjJrfeb69i45ux7t3kux-ZgZHFr17TnD2EWxpR7uyJBsXTMZZcQigVQu_4QujqLm93QbgFupSItT1FbPmolbg_P-mIx_aYgFgFETOVar01TFo4eA6mnSbIdSgH8bijJYeNWmGmWoJ5sOI9EB6V442ndBtcmwSMtdz5E6Ykz8kzYjjVTs-oDJI3WO73ldn6SuCi-JAIh2qNVX5d3OwYXqhQVLvEUfnjxm9j1N1msQ7jQKjGjhB4y
1225,טעם העמק,"יפה נוף 5, אשקלון, Israel",טעם העמק,"Yefe Nof St 5, Ashkelon, Israel",ChIJJw5apUucAhURCp-4bl2QYXY,4.2,,places/ChIJJw5apUucAhURCp-4bl2QYXY/photos/AaVGc3lwOS0-X7cOm_S3zIa1-odI9QHibPYVF6JSATpEIDGJ8UIgDzopwcxwkdoeR2Aji9CImIzLeiOsPFx6sezuSFlfxs8y0YpsV8AHO5UU_RgyLpam8QJAdEOfaVk6CM3MwXYsQVq8V66y8dVz4Ke_grpC1JzA_fHsO3d2Hwz-OC-511vKCmK_qNdgycGmg3fAGN-LpAjWMhHXsnybt-_53Svyi-h1sEdY0nGD1NIzBG0KpAyP9htqIaORHQ_h4yNrTkN5C3IyHvVKeir1dtuoCg-BHZ4XcubYVlt_EDFkSD7iOMnQMZmZ60ZxGNu4hASwnZ84yGkEXHU9e4xLAyxA_jtt5WRbcuWs-sV81tGIki3kZHnIfwK_VdgrzlpSub8xjFcr1CNvTD-zlGL_vs7YDS69KBlpmWVi_7W0x8iP2aEj2g
1227,ניסו הדייג,"בת גלים 3, אשקלון, Israel",Nisso HaDayag,"מתחם המרינה, בת גלים 1, אשקלון, Israel",ChIJvbRJxDWcAhURhKDET2sQqeg,3.9,08-995-4545,places/ChIJvbRJxDWcAhURhKDET2sQqeg/photos/AaVGc3nyNQ2OFGpHdkDyMYq5ZwdbtmHlfOZeGyXqbVrX3JDD6TR8O7TA5j1oQws0gZpGF78yia1ZjW0Nfq0TKBpAYVyqa5QtM2Qh_ImMmXz3KJdwWrrx_5dq2DzZubM9idYSVOr_jpJ1OIsqiRFMeQlGMIovB42p7NMsF23iKXIBKMicjkK9u8s1I1QmkUTTNsqXZYT97oMZWz5YNWSIIWR340FPbhdsmh-WThcfzKpJGTI9Pqpg83E5hIk9gvixBuLzPI4jg1WwKbmcgn-ze2VhHSeULW510zuCeTRwsC-PSzga33uPvcJ2AZU_ilrSSqAtBsIbS_jKoBn8KPJk90h84IEYphk-qkclv4OT83fUbAJ8dxriBCU2rew6fPJ1HgO1Bn-NXd1u056kMaqM1BDIAzHdbkEJ6Jk-_KAjiJHbSNySOQ
1229,אושי אושי,"דימונה, Israel",אושי אושי דימונה,"דימרי סנטר, דימונה, Israel",ChIJrT3y-UhFAhURGszWOJN7tb4,4,08-651-5050,places/ChIJrT3y-UhFAhURGszWOJN7tb4/photos/AaVGc3nxwO_yXZKDZH3Zos5Kj35aElzfGMek9Os65BnVFnREfddNHim0x0oWsy2yuR2ddxPq-qoxZhkVW0xZoyx77C11ebuKy9RZ5n7Rt3t89HlZppuxKevJ_rnIA0JBFcp2HJppOr-KyOV9b8MguiAEZDZIz0PJHSAasuxH2yKQcs_iZqbRaIZULyjBOdj7AivgREpHr3scwDfq4piSYUqsM4isSwcYDqy54DxMcF5dahO1-nIvVcqp4JLDiyH9aabybuyqy7ANVTjRW_Ccz1OUmupBVc5v8_vZSKlfEs9HVHM23zIY_c4kGIsXcc8T5NDtGnlSC88p2mHwdH-tutUOx7txccjN84tm14r7-w1-RDd0h-mK84JZ4S1_aIjO81jizoz1g9h6x_n9vBCzJFreGeVYGmxwjWkjNFxYetZCfDqfWQ
1230,בית החצ'אפורי באר שבע,"החלוץ 53, באר שבע, Israel",בית החצ'פורי,"He-Khaluts St 53, Be'er Sheva, 8421431, Israel",ChIJ59yM6nZnAhURNA9ybkjztO8,4.9,08-648-8886,places/ChIJ59yM6nZnAhURNA9ybkjztO8/photos/AaVGc3nEivH2Zj77m4_jx2tdJKXFQbnJ9vYEZtWJW1_xTLpCOygV_D2vtY6gdKJReJgKJz2Zmt28GRVEV2tUCGrUFsEqxrf5QDuEO9ct0YQxiGr9_-rFmYGk4a2WfXiz4rVRsCg3vj9i_yG3_mzEELAFTGltUZYJRdOzo3Tx_9Q48NtiZBJu8nEWkcgqRfBtr6QB4gALwkkZClsmJC9x6ceWeFAU9uBgcwyN-mKOqFBqkpGtl_mtzK5EFNmpN8NaJLeHf6DNsBCAYKMLpufrkATW9ijDT0wsZZX19oPMh_XG4ePYw_6UXZaWfTkwpHbuKgwnOY4LbMEmlvUctYRY7YgkMSfWzTJD5JEtIuZqT0daONJ1yUtA4-RrDcN1OLbOdNfenF85UeZNG0NdmRj_BW4zbVF_T37415OHNnXGSwrZukw6MtEDMCGPj4vtJSLbpw
1231,"ג'אספר 08 JASPER, ישרוטל אגמים","קאמפן 7, אילת, Israel",ג'אספר 08 - Jasper 08,"Kampen St 7, Eilat, 88000, Israel",ChIJyzAYHBFxABURpabARVKMhsk,4.3,050-797-1137,places/ChIJyzAYHBFxABURpabARVKMhsk/photos/AaVGc3mHLvgM9Av35gKS5iSS_FFULhBkAHZ96rJu7rrC7dclC3dUoOUIcMVhf5vQRhcoZnH6ZFFo9q_hWrA1guLR1Faeob14uAQdlWMqoyuwR9e4fXP4NE7rTe4QfZS2B9tW1sQ-tV0n-ii9NlIzNiXZd830oq-v8mycGV0oniXOHg1s6xk-IkYZUehqvGs5r0z8---CNsG-21tS6EmQyoKZV6lKErTKazpmrrITPLMYz8tsgD29TVkFdj-FFFhGmC-C2zp0TZFyYfDly_EbkywmnCu4jDocrcm_lGWL-O3M7j5Lksb8a_OdKzIlcR1JG6n0JvVWY4onnhDtpY0E8z-91pMqK0e4FGtCcMNOQteFerQT39TkHY_P1-azY-A6DdxXUPJjLn7FzcoGtzK6eVYPkv0GSlI-ONKfM27TCtuTc-oERQBj
1235,ללוש בראסרי באר שבע,"חיטה 1, באר שבע, Israel",Cafe La Lush,"סינמה סיטי, חיטה, באר שבע, Israel",ChIJSzn0GjJnAhURAaInVPCWr7k,4.1,08-623-7337,places/ChIJSzn0GjJnAhURAaInVPCWr7k/photos/AaVGc3mY86DXarAht53YhTrSNasDHW6On7USbYnNvhU-iI2LDduKgXD5ukAJLtDqBka-pe0rVqd09dYNN7g7OJxOYZp750EuUcvk_n7n7qjRq56XKu6BLwimoLRYH4MTvgDcoRJkIzeqDfmYrTVr-Anx_3-xTJLndsIDuOl5fNCLY7nSyEAanMuCoYSNk0j_SOi-pT8eTyBG_2cE3w0xxaGLUC1sh7Gf1Xs9FMXNOpG8tAkxR-K1HLxhiPDVOoXoYhXY3p4GcnGY_nHPWxV2dWhxS7pYrH2a-sXaWrVTOi1zvgXH9okOMZbraCfHrgGzWjAZAZ_bFEnOAGlUJ2TN59JlX3gSpdmLb8BRbfBmNr8tQ_vprMhg5NrdsxcmnEqd2K605NxKT8x80R1zS0BBYElTXJ3RNrI0Tw6QRRfjsuIHSMfpVJQ7Bw3rIAaNPC3mUtNW
1236,ריבר אשקלון,"רחבעם זאבי 4, אשקלון, Israel",ריבר אשקלון - River,"Rehavam Ze'evi St 4, Ashkelon, Israel",ChIJx4GiBBSfAhURX4XSwzQ3vuk,4.2,08-632-1666,places/ChIJx4GiBBSfAhURX4XSwzQ3vuk/photos/AaVGc3mxpTYtr0LRViXe4U31ONdzNKluVHeLGzammw3SX0UdhBHMxyPb4kQN9-gYLM9fTi_Fx4XjGesiD1kUeLo8h3N5c3xpVklDuZDcIiixfBqthh55fUzS3OtGNp6yBSVr1zSYjameO6iguvRa5X5sAiykOd1un2SL3o-TUCIxRowALKQF_Mt3O9g6_1S09APPZogPu6LkgUNQuKQynpGfHD7KKA0hk_V4hqbAUaLHkBX6TRQz3pVCdnfpLrzDrbKUS-OsckhxWv9VgO6NgypWjyLO3w7iB7USP6a9AEbADqOI4W69f_-TBqqrCs1eijxxjU_eF2dylj3Av9YX27DpqLxxlwVp6lY6bv0TL57E6QJC5OM37yyPtlwvkuT9q2420nz1cBCg0MGVJbQA2a-rvVvChDaPoPgQ6mbB7I4Bk8uj6qeA
1237,HAVAS,"יוסף טרומפלדור 73, באר שבע, Israel",מסעדת חבס,"Trumpeldor Joseph St 73, Be'er Sheva, Israel",ChIJrRSEoSZnAhURXr9-wWdNbkE,3.9,054-479-4127,
1238,בית הפול והשווארמה נווה זאב,"שד' יוהנה ז'בוטינסקי 11, באר שבע, Israel","בית הפול והשווארמה - נווה זאב באר שבע | ב""ש | חומוס | פלאפל | סביח | שניצל | שווארמה | משלוחים","Sderot Johana Jabotinsky 11, Beersheba, Israel",ChIJSWOfZQdmAhUR_IDBoaq3Ug4,4.5,1599-545328,places/ChIJSWOfZQdmAhUR_IDBoaq3Ug4/photos/AaVGc3m8mEnqBKC_fqdUCE2wyti-I9j3hD5v6-APV0PzJVTUj_8JEel5s9J8aSj7j1b8YPcVkqwZHb5RAPZl9A7LMDpC3gWFs8sLO5SvzRjCtN4uf6G7Yj-Mlj4aKbJXY9oaAn8bRXKKcmSiPzq3JFAW-EFnk_fzcUIXBd4teqr4_gOUtYcgegChMS1vp0MKAxUy3LKzwmRwdFh9YvWUSMMwsh-YBNphfT1KI3quFBCiNlZ1IzzCd8a9dfw6PEU6xw5pgV1gTNWbf4pJswaLd-d6c0PhpOdzdfZHzHalz6m5yLZvxY0zovnHK4TDwcxYKClz4G8sZ4c1LyP8lnBT-HT9h4H9NYVpVXAa5Uzvlk_TvxIksMbOPKtbQsynWvs-0Hz3g3OTCrMtgkvakN-R9SQqTY6r2Q5yoDicsNJvtsgc__BoJml2cq8gLcU9c-W5QJZj
1244,פינצ'יטו,"הסתת 7, אילת, Israel",Pinchito Eilat,"Ha-Satat St 7, Eilat, 88000, Israel",ChIJzQ4oXARuABURx77m2BbmBhA,4.5,08-633-6688,places/ChIJzQ4oXARuABURx77m2BbmBhA/photos/AaVGc3nHbxNObwQkBypAAyOo8l2hHEDhFIww5xV6dqYu9Z1q3qv0hduA0zO-OT1dYyWSS-Wf4tc3CGMN9KxngQJxwO1f34D7fjxYgUqDHzFTfcRh5AOcdYphSiWFKy_yqt8ml8pPDaCmE0mAFBXqJW_UorsAZ-vo3PGz0yaTu9c29aTLO-jLqVLD6maOKs-dFOSnHxDYumXzpXEfgumYfrvXxoXv7Rc2uHMOWXFr5MYxVi22IdPPXLEi8ar5HYRBuUU_CngQlY9ZR-q0RMDTzWB4DkaOzcDk_o62s-WpCYHz7AAN_mwAIpAru0SX2GB2o4zTD92DP79KFx5jQFVZIvsQvlAyDlznXNnW3YyhE0iBBQk9QNkhuMlhCmvPax8IH_KMcsXDIrdYt7rloXxpaGiUUcbHW0_-_SdEhWtUvA4cw7i8aw
1246,פיצה שמש נווה זאב,"שד' יוהנה ז'בוטינסקי 24, באר שבע, Israel",פיצה שמש נווה זאב,"Sderot Johana Jabotinsky 24, Beersheba, Israel",ChIJb05EnwdmAhURrcmjQR2FD9s,4.3,08-855-5428,places/ChIJb05EnwdmAhURrcmjQR2FD9s/photos/AaVGc3kmGm4hSaS1uQ0pdpLhXRO870IAQwa4aHpfwoMqUiyufX_SeJhuT2Awm-FZUVylpak0ca4zI8CBEcqFly0AFM_0W_WDJeGCIvWH7GutMSN2o6fPScIHxvljMJtwZ-jmFF4HmrMMg7X1OgJ_bPRTx0_oVUMFX_vtcfIMRuCbPwhW1O_1WDVLjk7OhBnDlCAAmNazuVuSCm-9w5MX1M0yT1w1y7MEJ_aY61Nx6p7dtiV14e5KUpKR1mRhfA-JMR-zqHryRK_xrOxIaiuTK7WajceNg6k94v3wTEQhdMvLvAyKWSp6CMTPiQtuW99sNssA7asCODqQBfX3YqyLKy7pZhQJ0vR0u3oHikSClZ6Ex_vk7brDhs5vUkPsf5OhxW3l-74MMdvNcKDC4b1F6zAQUoJqpOFxMPdABkn88Sgt0P_yoWw1
1247,מאפיית אורן,"מרכז אורן 50, באר שבע, Israel",מאפיות אורן Cafe,"Yitzhack I. Rager Blvd 185, Be'er Sheva, Israel",ChIJO5QVoPRmAhUR6YnyQ2aTnfs,4.4,053-937-4710,places/ChIJO5QVoPRmAhUR6YnyQ2aTnfs/photos/AaVGc3mlniF8s0gpS8a__z0ozA0SS9cg-HBQ6eAarYdETX9MQhBdlvVQ148E6Or8T-tW8OMqgP7-XUVlxbq7JLP9yjJZ4mw3C4J6OV1bzU3kVnE4zWXoK1wY3uUPanhlCNK_gfXizaYyacC_jCd8RFGQLJPTEKh43g_85sGSeGsvY-UduO6xOMEMalWYBQXEq3BQoXDtOBjGaoRjSVw-JZMf6ZyroC2_izoPlo8H1gNcRPtJ30YaZbKq9bgMG5cv_X8FJ46kBkRborKmTg92IBGI3PH2iizlxEqvIDjZHQA3hg2PFdgtpdZBE1XhASjRLQRk8pF-kjKtlnwUC39kSmAIOG0KZtAi90juFngp3z-bp78RHiMqUo0WhgjPB6zrnLQPYJLKldX-7M86KKUjS4501SGqeFw_f0e3VxpUJ2qJ95LLCw
1248,בראנצ'וס,"ז'בוטינסקי 43, סטאר סנטר, אשדוד, Israel",בראנצ'וס אשדוד,"מתחם סטאר סנטר, ז'בוטינסקי 43, אשדוד, Israel",ChIJnUPN286jAhUR-W_rSnZKLvU,4.4,08-916-6658,places/ChIJnUPN286jAhUR-W_rSnZKLvU/photos/AaVGc3kACBXHmGqxlAvvwPCuRG3OvjKeVvQV8mez7cLq8NqSMKTL3BdBkM-fAyy5LxyDrhlvPMLd2bW_yiC6S6b-jGMQ2iyREx-o4uoyjzeS2ICUmQ3FNAujhv77kXrqmVj7cuedCFe_uQPBMJOBHRCAuIFQRr4mbcJz8mfrQArDHcsUMGf1IZtX44BopbBeXBaBngUtYFEXFTGOW0aavds_7w8iMpdJonRzIAU_QLa8fs5LDViThyVbCdG7IrvAbk3xCi07D_VOKKI1ruStVQPPmcqZjaQ1GQrR8beHAeSGlcl5-wRhQafQv1HEKKfCla7R2ahFu4BZKlUqXuv4WJzi_yGtv87DmnMb0iBLFeGa52MeZqxfhSV-e9Eaitrt0GL-2Ooig2aONiFASj-vC0cmPxale2ZFEND0wdPWcMZX9F4
1250,פיתה בסטה אשדוד,"הבנאים 1, נמל אשדוד, Israel",פיתה בסטה - סניף אשדוד,"HaBana'im St 1, Ashdod, Israel",ChIJRUMRhGujAhUROdEdSInk2cI,4.5,08-664-4199,places/ChIJRUMRhGujAhUROdEdSInk2cI/photos/AaVGc3klAWgRxEEKuML4mKZqbu4b9PPbhI26ZGv3Sa3U1N_5e7t7CYuFFY7ZZoKxzws3LQot3WKPgUNPNmKVZBhUzLN04C9dQlhxBqjck4fp1bPWGN4z95SmscI6VX7aStfllBGr2cGvI2Y8Ybbq3NvdKWXMYcLVoGcNANoPRjual3raTHucWMrnMmyD_1IuVFyFp-joSRxw4f2qL1wUcXNr0-g-7jdioaX1o-DtfQRIhFxGb0X42ewv-AI6dySAIFotswX1679Fo1dBav3AjRoE4CUigTnKw0De6AJFVv5efeSPDX6sH5UCuW5b1KNr_Nb367H6_buw8AkWvM6QQgzJR9wZQBoqkwjnAxFaj9ntqpj68eGJtgwz0Us6EOVS1bmR-89POsmj22_Oq0TOjw3XdCt9nqQsmdaNxxxZsSUMvftluw
1255,עידן הפיצה,"שד' הפרחים 20, אשדוד, Israel",עידן הפיצה אשדוד,"Sderot HaPrahim 20, Ashdod, Israel",ChIJueEqpvyiAhURQXdqi4hLVxw,4.3,08-923-2202,places/ChIJueEqpvyiAhURQXdqi4hLVxw/photos/AaVGc3mrRC93PjRjiRtrXVjD89wE_B0S8unMdJvNdSgDL5FEsmWQJZPP2BQyutfQ3Z4uNL9rynsaXk1nUUubtIUaIfotFPdIVxjV7YXc4svZgpqb0q5HVna96XD8cR13pW4Jp8uvpRPvE9MejKQV1BhLA2l-JsweXczIdS-ROA-vxvH8H-9CqGS4sCuOp07S58imR8QKONNCh6EMGXey5u5OeHCiunHS3GMzFMYHKDiSBWXWhkmnnCf-YdkbrFvL3vcSPuNuPnnRaiu3o-SEB0UXV3UUN0EbLtSu9rNy61YaWjzYtrstbsdlm5re6ZjZ2erPDvOU-ZQvfT29_mGCxUVTKmXcFiE1ccVbwkbVzH42090FE81URPJs-mAkqcrlb6gMe_OOC87sL2Nocz2fYjGWykSdrmGonsa0-lA1fTZvGBvS9kM
1259,פיצה קרמלין Kremlin,"תש""ח 9, אשדוד, Israel",פיצה קרמלין,"Tashah St 9, Ashdod, Israel",ChIJTYmzRvmiAhURS37u5WXqJkQ,4,08-955-3544,places/ChIJTYmzRvmiAhURS37u5WXqJkQ/photos/AaVGc3kg5g5mL5YtFiCMJuokNoPRjySRHEV4E2p5_uHePuF_Og1L4Q1f_CRd8KxEuHuOoYlt34b66Gjh2aazzASoyqcYLEW0EbotirV989khgGMIubVr0bEX7csrTxPdfvn3q2fapJ-nTKFUeoXM2bhpOVcQVgyrFG-dnPA-HNlhwrFA8yVPRNdHYJLtSCG5pi0WMTeJkuItbbEHGw8siHClWYu3E5GwTh7cvrKXiwiDfiNQQV6z3TG5recude-y6FbtoIYtQn9ZKgGit4DAzCuGl-xmzsPmXBufjCbhlxm7nX1azQOS9Ij4-4OpoIKy8snJMrM5L21fU34PK70v-LOcAJe4NzKuhl5vqD1qD1WlUX4tdla7v543AQVIs0JNHSNnPd7YtLWKAnwmf4nx1uy4OtldtLhvShNgyMaDMNKpZni-c8Q
1260,מאפיות אנג'ל,"אברהם רוזנמן 6, נתיבות, Israel",Angel Bakery Factory Store,"Avraham Rozenman St, Netivot, Israel",ChIJI1_vxdl9AhURi2CaNlQHVFc,4,08-993-1111,places/ChIJI1_vxdl9AhURi2CaNlQHVFc/photos/AaVGc3n0o-TODEaYYVOvku2_nFIlZVuofxDVin-Eqr90lhHLA0RcDWanP_nIz6oLYGrBdaOM7894FJoyHyCgNnVa0T_E1P6fd3BXNz9eEA9LGP6wssjYR9hfwD7gbMAnV6NsdJfOMfgCXimfUokT4ECon1MBiAzh-L1iqTMvUZZnfRfVYwaPE_IVlE04upvHHB_l8dA6R_YX_5kftasI_r_qizLDeo76QZWLOHZyBB_EC3ziVe_mfHpx_EE9zQsN_PdS5_3GH56GkKjGIfWJepklni6Uf8O_7BZH3lbsXmKaxSJWtxFqesB5tMRdpHO2SkBU5G5dlpW_tE8IGfu_9MGrKtz2HVbeMX24lAyvkxjCDCJ4GCU9QeHbIz5e5O4Zyy7oFk74T0hrlb9ekLfrm3CkPNh_AoZf1q6vBomkAJtq2l4jvg
1261,פיצה פלוס פיצה,"שד' גת 46, קריית גת, Israel",פיצה פלוס פיצה,"Sderot Gat 46, Kiryat Gat, Israel",ChIJfYWRbnqRAhURbTZybPBaPUA,4,053-482-4594,places/ChIJfYWRbnqRAhURbTZybPBaPUA/photos/AaVGc3nalHu3RjoFGQidzMdv-I_B_7xen_tV9oDrX5I_wKmNJ-Xu4yrgRCoHEgI48ztst4d-TQgk_5MNsowP_KSfVdDz2rncjvvpds5uszvWHIYV0CNdK-rSF4-9Yhiug5SMdgG00Nfzqug-FvfytjuysJu3LOx2EpTMnMARn_zpCiGEiYD8QO8uZzraMvGJk20kvYdBwQRHvYriRPZUKBlsWkKcSkFlxbLdPxEe-kSgLNPExZ0cHOtUL3XIRjO6h7wMNNpTOENrw8e_YDYzV9AsLgoQnN9j6co-IngDWVHdnMEDt_Sbl0on-c2qmzf0vue1w1YpyeHxwTKPFdqGBTrDASdA4v95ycNGlMFeakfHVKfD5TYWxrIMS2IB17wnQCA9_hpzAZ9Z3kzhWK0ncxbH6GOqd6xM_JKRJiU58n4JrZ2tersM
1264,שווארמה סבן,"פרץ סנטר, פרץ סנטר דימונה, Israel",מרכז השווארמה דימונה,"Peretz Center Mall, Dimona, Israel",ChIJM2yZAwFHAhURhAjPIpAMBD8,2.6,054-599-2030,places/ChIJM2yZAwFHAhURhAjPIpAMBD8/photos/AaVGc3kU2ddBdYpto5loJZevQ3yFe3kUaaQfbbU3HW_lJ9b8BIm64FEg2ZSTWlWUhYOMXxPKevGP_AOcCQ4lpsExEX2Tdb0EjzcIg7T2Hxbo0ZD01pD3Drclsy-rNqMYXMFJg2LfKI7-IziWtaarNd0Gvs6HcAylXWWlWFYva1iQGLqd20Esde4O73-nidEpAdco830sVHl2zeZ49SlyaIk8_WDAYt8zI-vboO7eFobPaDSPw8ZTZ0tZGsAdIaF2nPyVEVlieShh5yqhcFclrivDQtLtZfBsqacCSAUHjlJ1OH5oY_oweBBENsOL0Bks3z6P2umTbm5GKEx-zMy3GMmO8mvLMfJrO48H6SfCjOXXDSK_qQPeGMxdpxPbbUp-NiTxAU_oZ4X5c9ZS-oAXFmn7tDuAapQPiAn5GxkJOZQ1sx9yCJZ2
1268,שיפקה,"התקווה 4, קניון קרית הממשלה, באר שבע, Israel",שיפקה,"Ha-Tikva St 4, Be'er Sheva, Israel",ChIJ48XPzmNnAhUR-DWO-dBjmD4,3.7,08-623-4883,places/ChIJ48XPzmNnAhUR-DWO-dBjmD4/photos/AaVGc3mu6G2yrwo9BjSlYZMViLeyPyM8ps3LkUr1xqj28f7aaaG2FeMVyBwbB7NRhNwB_ERZ6rv6JVaaRhOpLJ-IUmZkNq9b5cjOJtv0tv1v7wLEOgvIb_aMyDGi4x7CV1BLPLR2hYup4Qdd-21E8yZr_Ijca6BE7z5t_UOE4NPcDRyJEByDUPCD5qBjz4D3o-0EN5g8i3VnC6JgktcjrVrBOVFbIQ5f1OYqmYlJOU9dfR5tfIqQw52vMVT-CDjzgyzLBnQZ20xrjtwFAhItuyCcRQL_gD_NGKD7HYQ_k4f7dQhsJbEA4f-XjWDW29Wm2p9sCeFYDWkye0Jvrc8U71rF_gCN3P8rBUbpbm8pqNENJ27X67SB7QyL_2GsLXB2BM0Ym2Dul1kKte1roDILh1bo5FySpYztdjO3ZE_MkAk2V1mQlwc
1269,שניצליה,"דרך מצדה 17, באר שבע, Israel","שניצליה, באר שבע","Derech Metsada 17, Beersheba, Israel",ChIJf-3gvGdmAhURwbWGmrLskVI,,050-785-3839,
1270,פיצה מרציאנו,"וינגייט 32, באר שבע, Israel",Pizza Marciano,"Wingate St 15, Be'er Sheva, Israel",ChIJ6zuTx1BmAhURxMnBK_4TrOg,2.6,08-910-6565,
1271,קונדיטורית ללוש,"בארי, Israel",קונדיטוריית ללוש,"Be'eri, 8513500, Israel",ChIJ6Wizd9yB_RQRMjqdSfPnP5c,4.3,054-791-8946,places/ChIJ6Wizd9yB_RQRMjqdSfPnP5c/photos/AaVGc3k0H0u7IhodKNIzPmd75jvKIWLnYKF-xYY8Uzza5x-IdO4K9YEUF4zIWHDDXloFtV-8Z9RfJM8yaOGEPBGjXLmrOv8W8JcV5pSwNtYsQAeQ5j01As06TKs5VM0Msiv70ao8-0F6kasXV3RYd8yqj7C7kSw_pkUENzy0F25IhO1czIKlsQjPnYaC8oaL_9fhSPCX6nKxxT05lD1XzYsClNi0psnI57z7chLXvJ0H-29wTc_FRyztOYzq-5LjElFHqliw7cYLT75vQKrPujYkuJbgReR_Z9lX40DTyQ1erGbTGbmokfhPBRGYaNIv8GdY49ZJ0wG--tgq7me5ncnC1cvDcbMDG0DXXEK-U_hET4XwCqJZdWvi7jl8Vr62gG7YwAbbXiYOzbrOs3bcdczQAzvOhCz5mE162TBvGfKZNu8j4A
1272,הפינה התאילנדית,"גן בנימין 8, אילת, Israel",Thai Corner הפינה התאילנדית,"מרכז סיטי סנטר 8 אילת, Eilat, 88000, Israel",ChIJSZpEZPhxABURuqJoLeNP2z8,4.6,08-637-4447,places/ChIJSZpEZPhxABURuqJoLeNP2z8/photos/AaVGc3lqVMOGjMO8lZQBPkJWnZk9_RhXNNE8KC1vmdtmp3U4tFdFjtERuRIfNcCiXnUUJdcnXB0TjwD9Y_F3--VM9sdnvpP9YqPFt8B_fJeAqit8nagPmpFsnSh4Bmk3OHih-xKNKUZg59MTL87s0Tvc5U_jhLVzH_0iIkUwzVY3xHvitvOZga2lBZa-8RwKosHG-fG6VJDzloChJVULBQYDHyaDjJMKAyh1ciZyoppEgaTk5yI5ZuGPStLM7bKTZ0BWIGv0oex5BkoaAyH631yjfvzHNh9-Xgzkp6-sNfB2drBJloHV9-b0Ec8ghXBroDIylhfC07C93-K-_lphSRlzyXa-cXg6r1jK9X3MY6SgxTHDv6ap4dsmZnG97eMi-czxuQWNkzBz0j2MBuQwrqtugM2xvuf5PkcBLxwR1sOSOoX3-7DS
1277,המקסיקני,"דרך הדרום 9, קריית גת, Israel",המקסיקני,"Derekh ha-Darom 9, Kiryat Gat, Israel",ChIJkR5krWKRAhURC8FumegupAU,4,052-775-8805,places/ChIJkR5krWKRAhURC8FumegupAU/photos/AaVGc3nSbIfbLr10-euQjSgXPCDD44ZpygUl3YS-szrrz52zjvWKIC7sMZbruEarFeY_oeseLu8hZk0-hQpVC2Xp2rYbz_7Akm04tbczjHTXFY5EZ1Q4CqLFUCSr3uDRRSD8xgUMEmpH3ZyIaLnbzaepBWmff5M1noDlHgkYjFRSb_btSYcrDVl90msFREXLRD0XDL_YG6MxJ_N0JpISaMNzVTnxmeSc9966lgOGzVzi17sEnHklNazo1XlvNyzpO4P23UzUHDITCr-zl9p9mt7UgEzZRdoKuBN_OVKMH4hcXCyouLOf2aQi0ihfmYoqy4JcPZxnNBUzxUWFhpGqa9GaEYsneYYkVkGUg8bw8Ek_ck1VE4m1LYAlo7yQXCWzMulOux2-6TiqYLQQcxmBYSaDFVy7ivGRUtXfG3yMUxenVee0loI
1282,פיצה דליה,"דימונה, Israel",לה פיאצ'ה (פיצה דליה),"מרכז מסחרי, Dimona, Israel",ChIJpzEndfVHAhURNAJygSNMzcw,4.2,,places/ChIJpzEndfVHAhURNAJygSNMzcw/photos/AaVGc3kggKUerNaBEZhqAbQp7-AQfpJ2UR5v4g4QL3kbk_UrJtDEad0teFqcZ3oUkcw1aIrrzRPL4usmvyjM6-V0BKVXC_VFPnFimpED3MpfCPb3K2DI6FzSHtBzN2t4U2AsVoL178eXWQmXcczbbyucD65uKyaS4N0evxz-6pJI5DxygQFXtVnYC-aWzzgwEwONZuEjtMYlFnMJK80AEoN6yKOKHK3WwS11ZbiiygYHHxbYcpC5IR7p2J7vUhpu9HlxASnC8ROy14uWIFeQ_R54SolOgKYRsZ5Ck31LKxyQ1eZdbbgX-vptxfGcqJA-ZHC6TTeb-tcIGcPW5FKGCt5BjrAXZItM5c8BKcdJUi_VsDTAYxNykQTBTLsJVHvitA4nDh6153MwnjW0HXH7iWahoVVxkETL961IlGes2Pzpwuy3T4I
1285,אזור גריל בר,"הרצל 102, באר שבע, Israel",אזור גריל-בר,"Herzl St 102, Be'er Sheva, 8422049, Israel",ChIJIej1l0JnAhURymaUg9TFvHs,4.5,077-321-8802,places/ChIJIej1l0JnAhURymaUg9TFvHs/photos/AaVGc3kNQ3v-8JUpLOJZiX8uvCvFEt7xbMWCY76QW82fwjGUVep1PNBZcBgLJMVMcUbcPt2uaY4WOWxCuZ3aRg9IaLSMGAGDMveIi9k2VrGoRER7akpQk8Fu-mzSRoYMkgpnQdO1vKhROQMV5DOwwKUETcOs6cRaMANDRPrDr-Um8Pjoa_EA_mXK52scSTBOJV7PAqGRZ9K6PIIzsR65tk8lsZu0fRoWkoLEOy2ZykDjhQQCXt3kb_vSPWIa_yymULxDhtQoH70LF_Sr5UaDQXEYn0uTBgDquGzg-nGVoliA6OijCr09QM6HqjipCoeuHDwC3mLLGUuJZQedWzXOAXGNYNwgFYKqlrCQ6FhjxQ_pdlevK8DcKqRwPsfPOqbYVqZAd2cXHjXsL9Bb4of6S9H-MfRE1USePXlo4vlDm8q7W1qHb0Zv
1288,אנטריקוט אקספרס,"קאמפן 8, אילת, Israel",Antrikot,"קניון אייס מול, Kampen 8, Eilat, Israel",ChIJt3r4jP5xABURyuWQcqA_cc4,3.9,053-885-8688,places/ChIJt3r4jP5xABURyuWQcqA_cc4/photos/AaVGc3mpVxID2BPTHIf-nTfQnUIrzKDx6JEANnzb68NrHPhHgswrWPEEiVVsV5ZgsIACZuG5cXfnjoF1setG3jJY_sR8ocm-4FSQj98cAJcz-2GmwAnLO8M0_cD0BWn-z5LDb549-IoDWlk3QogUl9e1kM2V3-5G1zBB1BCwLF_fLj0Ia6YTyxGebSpQN0yJbj4UI1echCUAi4cBgHdBy34IUYTY6bcYhivE5LHjuwX3bRhe2lgUe_KIYxuTCmPbmOqxiLq6Wxul7iZH-xS1N-Ickz_mVekhfslJ3SwuCT2tw0X1Hp54Pg_L2RbxQj9l0R-nualPga3xFc0pDE_hIXAw1wP_W0EXWbB5-OXFSR2gsIqeY93nMF5Z0HqXOpCA5sCv5SHLsEeblkj-_baH7NNz2qY6lvGgRAlxyJLY3hhadQDy-w
1291,מקדונלד'ס,"שד' בן גוריון 21, קניון גירון, אשקלון, Israel",McDonald's,"Sderot David Ben Gurion 21, Ashkelon, 7828134, Israel",ChIJ9VI6OVqcAhURVEuHk7_WqFQ,3.2,052-944-0123,places/ChIJ9VI6OVqcAhURVEuHk7_WqFQ/photos/AaVGc3ky9xRfIfhgpCSsGMoq7lFs3r3LHJyELjt-fKrmrQzY9cWAg3z4_836YXlbCkWSe8Q1qOrRHcmfG75oFZ5ggK4I1JzE7T9YPbdtuy0wbn008fE2as3hJiGdSWWYIz0hfz8SAkfHKKKtNycwNcR7Rnfk38Kv4nVnnyqRzYEzG00DGZzklhqfEJ51Mb2tRSWS8wLla7l45Tr28_n0vtnm9IdJ44eXN1o4c6WbnRb9k8H6QYMPiTuu1e05RWACn2yiU6BCzS__EPUFZWmmpxa1n5f7r8cFUzLEaQdjdya8RYrAtUmB77a3YzPBHv6r2tpm4OxdOCcyd_jwWatK3aGP9uWvKaYvbXne2cu-0MeFyKrARhqVG4850tR-H1H24vdMfcKDbpoYR0LgGDs7TdfBhNfqA47LRBfJT28wDf75i2NdOxZX
1294,המאפה של רונה,"הרצל 32, אשקלון, Israel",המאפה של רונה בע''מ,"Herzl St 32, Ashkelon, Israel",ChIJ2QUx0HGcAhURYQ28NtUbhKs,4.2,050-202-0143,places/ChIJ2QUx0HGcAhURYQ28NtUbhKs/photos/AaVGc3k9DH2hdI1kj_BaVEfSBmxZy6N6uMmJBx0gZsSvYB4pSqhBWU4Ya_jPJrH8-p2yuJAdXSgB60r92zAkvf_GGQM_aYP7T1FXKS-dlQwYaFCG6u2SvWFSjioyTI5-kHkXNAvOwV8CveqXRPvRc07aVsdjV7bjpI8AGwmRmZ8nTFqwiBSQPRHblb2cmUcq8AbM4CzFevS-c5sUELakxQNf6C5Or8B6eL2Jl5FaOkhH7ut_7Z9NdfhlRXCMDnf_886FPeqTPzWWd7S4CrWd4PtQ8t0nbudk5J08C_0SkU-sIuQ7AEzquDaRFZ6AqJQwSbkUYTsMI2lrRsuV1HBkwaUPM0Iuz34sOFn82ewT2W8vPYCIwJpq6qMiuYoYGnqqsFBFH74_TyFQ7xVRwZZn187miytvMwshgNokVRQti6gzNOG-E5l6
1295,ריבס הכשרה,"אורט 1, נמל אשדוד, Israel",ריבס הכשרה,"Ort St 1, Ashdod, Israel",ChIJTfABD3OjAhURG-9qPi43zzs,1,,places/ChIJTfABD3OjAhURG-9qPi43zzs/photos/AaVGc3kCmLloNuuko8vL3F90eTWws65ku6V5ldouQaPOgcxMlYpyIzhxjPAbM6pGT_lBqCyJhzBQFBnnFZ0yfJ5cQvrD5A7uBVSkhJ3YqGuQGGxVA4T3qiHkXPglTGKOMZo7QhQoa_oDmLP282d37AgdEMM417CRSCbymnjnN349_Dwlq0DlEB7m9heJRUuxU6UYlWzuDrbz6aB1_mu-mxfDkoRpuJ4p4-qF1cNx-6YPuPyIi3lAtlh2WgjwWYJiw0GyZ7RSQdlUFgZrz57MlMKtqRiMRageuD0fcA7vOhef3KK0iRzCUsoTuSZXo44zCelkDXSxf5xNqqUBunFlz2BAEj80Xjpk0pS6AouNmSskM2UFdV46nR_D7Qged9J8j95duSc7XahoIykH594XH-dY9_G-0hokoOVc-D7wQWbWGetvqFNm
1302,גן עדן,"קהילת מילנו 55, שדרות, Israel",מסעדת גן עדן,"Kehilat Milano St, Sderot, Israel",ChIJf9_ti6iGAhUR8rUBne8Skeo,3.8,08-689-8266,places/ChIJf9_ti6iGAhUR8rUBne8Skeo/photos/AaVGc3lGzIyBX3ufjQ478P62AZydp6cIYY92tl6n_bgvhXrCZvEPWYWG9krRWED254jJCa8jE4s8rIG3at5SECeJqKrCQLvtS17LfDdfPxdjQTm4t4FBGg5yBm6FG-4hlSy8W2qher7b6A-axgxL5FfM5rJG5zDsRrFGbf6nWQz2dMY_ockDjegDxdIcC9iXar1tTLfCHnt_VTnnu0DiIbHeBWSKjk4FtCiL-XGowZURmX2Qe_v1DcBngkBFrhgKFNlTdfgOYPItZBOL4nW7nIaw1UR5p43GhsgFEGdzYuLaeg7QhwwpXLxo8NJNGDO9tg2EWuZXEXrYg6x52i344DtnNdnBzKpmqrlfbjHszeBY6k6ai8bS254SPOmGRmlBF8nwy__YS7WML3g9DenWQII7MIVKCWsA9i8eaSRk9pgR6d_4mQ
1307,בית הפול והשווארמה דימונה,"שד' הרצל, דימונה, Israel",בית הפול והשווארמה - דימונה תחנה מרכזית | חומוס | פלאפל | סביח | שניצל | שווארמה | משלוחים,"Sderot Golda Me'ir, Dimona, Israel",ChIJlXgiogZGAhURN39viCkTuJA,4.4,08-655-0794,places/ChIJlXgiogZGAhURN39viCkTuJA/photos/AaVGc3kqPOJWiyrK8tQ5oN-XUbMW8PLPSsrzAkRCMhhGiokjZK8ZokdxW0IMRHC9b0mK3wZIwsulLOittkssnmPis6C6hZTQ_BkAub08JFeKjNvP_RepUD_byhRqAGeT2ugtJaP9iO3n-wrk3SvYwfgsuKtdZSh5EIGwHqIhvUiZ-ly-ITDOSn4tKHcpYHPlA46PETBmsk6RMvFgn4z5brgqZ3N8-6wCcy8BWVadOSdf-yaRd3RbNFYBuy12I3g7te-pH2_wUrM9I8XPRse0oKM-Db7l9angKmNEyYaZGLtZL6CXXLamb6dFwp6YTPNCNBTc4nFqHY7gfVt7-avMVuIthpPdfdUhXGFOf9XMdcHivJaB8E_tEj-ZSNpiGf2YuE5iMke9Q7BnQyTMSK0-UFX8lHGpVCN7Q5YSBhU4a38i6Fey4A
1310,פיצה האט,"אלי כהן 21, אשקלון, Israel",Pizza Hut,"Eli Cohen St 21, Ashkelon, Israel",ChIJn7uOXEOcAhUR0uZ76JGLmkg,3.8,1-700-506-070,places/ChIJn7uOXEOcAhUR0uZ76JGLmkg/photos/AaVGc3nasz0f7vANXkk-xwiFvO7QjLBLO6Zs8Xwz_EA47X8qV3XssUenShs3ckwVvrNWi1UPkNlt7bj28PHKht9IbTopWgiXFNTZqv84xtzKyXJMWnlwnOiy7R_YaDdRDuStxBscORmcNQD3crICOn92T2rDRJVZ19OwnD7xTzJCxJ5jmr9GuZKWAQ6m5Q5sF3gy0d3tHEdvdmDVtbQEmj3lyFqVOlJHFBB5PyfSB4o6C0N27YB2Dugqf9NRXHjeZEc3nWF6bm2KF72RArjeW2wHaiG7kHbR_WO3Gm0ahpPJHySsm3E_FMxwxcFThQV2i4sjJkrHpsxg3Ch2SNNmPgwzbmQau2GoDOJmUKq3GRlnr6-beVnQtzGadTChn1rC3Ou0xSroMwekbzSFeYzJeRJhLElgRyiEAIkOxjsc0J0taHOJ8HjIZrlNYzuuuCsnTA
1311,חן הלחם,"העבודה 18, נמל אשדוד, Israel",חן הלחם. אשדוד,"Ha-Avoda St 18, Ashdod, Israel",ChIJ74dfEjqjAhURaShu07u4PRc,4.5,08-658-8075,places/ChIJ74dfEjqjAhURaShu07u4PRc/photos/AaVGc3m4J72EJgohb5rLZ0h98yNWvM3EbDKVm_XSfBkgBi_usMu5up96hF0rHgiUy3qz8LF5NyC8RVD-Kh1OIQigCoaP7d5haQwblDTC7ZPbssslBv0OJMsWN1ZSubgqCNnvyT1rd8ak0y8SjNtqMdJHk_a5hp_WGGcscwyABXd6CC_O402NtDwxzqQBxprDJteZJ8-bnlq5WWMJCA_ruhdIKv-Lni5w_hKWRPOuOTYNZFpMU5-ZUpfdPVKOsVtQ3EyZN9IsElS-yns22auK1XCd0lAwRujql5v1cnlmFM-oY2rhmmj3gKNt39q092Bls94lZEFk1T4dsSRksXDEE3IBKNMuLFAi7uuJXCNC6lDkY5egL1kKCZ1oNiXlX5MR0WOXsECRGCk6iH7tjY41kaDknuhm6FT9fH1Bdc7nmddCGfg1-w9p
1312,פלאפל הגשר,"שד' יעלים 32, באר שבע, Israel",פלאפל הגשר,"Sderot Ye'elim 3, Beersheba, 8456316, Israel",ChIJ0V_FWmlmAhURStybqgG51Ko,3.8,08-643-0131,places/ChIJ0V_FWmlmAhURStybqgG51Ko/photos/AaVGc3m_BjvXmwxHAQrtZwos0WkeIIvTc-JiEjwMvtY7wZWUTHZe43IeQ8FZzLhorCqCCWUBnN0QMzEZv5VVQzP_d8de0Nt1iuwqNDrMQ6HiSbvdi_h6LQ29ythKzfBBaOzfElPlmtYIqKt2QwOGL47KVs3w--CZQQGKAHt4EW56aemKeW0WGOyQsOynEU2J9bggm4XvDv7PixpwBhuRG_UvskAo9U-AWO1znGm183_JULn5qt4vbXxLaXhT12CtUGDqsoKvH7HW5Khjln09TzjIefzaZVILl-l_h-Km9M5HNyGXO7fNLXprXcJDdT01oRjwtOuuOKVOnaenmxEW1CXHoXc7AgSTbg4j9u4p4BdDQM_ajso2tfYlJVPEmyfLfkBWO6D7TQpwLec6SNgoEqTAr3KW2pz9ClOvlXsUViDG8KjwlI8
1314,ג'ט לק שדרות,"דרך מנחם בגין 7, שדרות, Israel",ג'ט לק שדרות Jetlek,"Menachem Begin Rd, Sderot, Israel",ChIJ8Ytw9AiBAhURfGoytMtoglA,4.1,1-700-553-210,places/ChIJ8Ytw9AiBAhURfGoytMtoglA/photos/AaVGc3kO7mQojPONxGGsMrbKq30ur_gPbUIQPeZfYJ8dEiQ0AFT9az9yzNfdF4GqRdwcHyCt3pEsEwg_aCHySpLOK7adiVYthUzlpWz44tIAiOnsZS_5qBN6TcI8tZs7z33u_NlNw_vREonkMUvWmDtpkVLOE566pA1SPBpEthgb6ba8k3EiTSuNGDKQxtWTeEehHG5ZScOwBBrki4TRQbloHu8idaIPmwVsWSF2MOqeP3UYxhkvEfK-d75uTj0yDsKK93k4uCfJ-oLymDT2WeFtNgxw87hDqGrVbsbkEOKL8Wu2jWp3rgGp_y2ldiGDfcPMJIsljTsQ99npCSQYlf3N7lQwi8M2bvf3oU3BynuXqMBxbOz4-B0EO_l8u4HezZO7XO6i84HKD8ynmxtxorXhmxz0xPCn2ykO7RCPthapmydGRQ
1317,כיכר הטעמים,"וינגייט 2, באר שבע, Israel",כיכר הטעמים,"Wingate St 2, Be'er Sheva, Israel",ChIJ4V_k0lZmAhURSUZfXkb3ycE,5,,
1320,המגש החם,"יהושע ייבין 2, באר שבע, Israel",המגש החם,"Yehoshua Yevin St 2, Be'er Sheva, Israel",ChIJXxXyivhlAhURkaHUcoD8KD4,4.5,08-643-0816,places/ChIJXxXyivhlAhURkaHUcoD8KD4/photos/AaVGc3ncQ_HivJTcSt8xwVp_ApdbySxMeXqmKnwIGzSQH-__-aK-zOAXAcMw4Wretdow0_hzKcm0SIQO3PckXHSaQHAoLW7dqaD3uuddkP7hfFdZz_DumkYeQCLZk4n2X1UPZxr_Qw8UCrt_3N_TIQ3q2I-v8gIZiJYMpvT0hp6_EnDsBOx-2HNvAseRggQ2_6Oqt6DW_t6XNSsqflkB207G0M6wZvdUEyDUby_62JO5yoA1QGKqlq3PgGjy17WBMCQaXd2oOLLjIW1MRNn7DTkWk7d1ClURWn3SR205-l2jYBBZPK1YyCWxK6ocuemaUW925dQLthE5pWvj9-neJYP5D9_76zwBfuKNEXbwEFUs2iLRqd1YCbe0lxAQFJjIiTF9V_L4doe5fi7IVxvcE7LvIgqM1kiUSpm6EsfzCwd7RzfK9PJC6G2ebw3y7_h-6DSk
1321,הבורקס של פארוק,"אשקלון, Israel",בורקס בבאלך,"Ha-Gvura St 1, Ashkelon, Israel",ChIJo5Uebu2dAhURy9nVFkB-js0,4.2,055-255-0600,places/ChIJo5Uebu2dAhURy9nVFkB-js0/photos/AaVGc3k5L0KXEtfDnpJFivPLDVVNmWF6ceU5BshWMs25NUzqeALCRzGaVfH9EzjBFcQmSWhwphC3xmDi8JOXt3MDMow1jjA2cCjg_JKzxCN_f_5NhnoSwUGF-B_NwXZHZ4fCB6tVAxJi8inud5V7JFjzyDAKw6LdZwX-i6JAAFtF8yn4dN1bsaNtw0mGWlXf19V6cfnZETAkga1GinUYcw7IeahpZHBd2WDfn7K1yPLJEv_CT484J34XCiLSWsIVduaPOyk_kx-DkpDMywPQt_E_Qlw6sCKbBdZQ1UxVvCl0tJjipGSTsQyYhePwxsPbEekbAhdRV67swDZPnogvI4fe-ygQ91_Oez3Hedf14HyAPYxI42RvQQH3ZF2JOj4CSi_lGDYOBGg6tUaU7vUb3_pxr2cFOGEsfZQgKxYKtAH6yKpLEg
1326,בורגרים,"בית אשל 21, באר שבע, Israel",Burgerim,"Beit Eshel St 21, Be'er Sheva, Israel",ChIJ--6JaBdmAhURCeVveed0-o8,4.1,08-648-9994,places/ChIJ--6JaBdmAhURCeVveed0-o8/photos/AaVGc3mjRqyYHPaVtX9XchBTOl6CQ7AMv8UuBJtJ7ow7AFnLYxg0xdevo6T6JBFSwPmzoUQ7cIDiZPVARiNm_LimP7CXQLtx4EuZmiRyBTT3shNkHRlvZPaI5ZK22I7yVtzP5J4ZGvD2y6ke64X9Wp15050vHG8wmuxfheuTkDOfMh5koov7C96vhAXTyEcA_-EcxdRiazf86L40rV7M_HT0h-ZbKIlrK_0Pgw04BbBQ6j3btvPgKVCPKx3iIYWSZD_1RXjCNTh6c2oPfkmSq6-yUQpw6ot0UvjisPqMP_hqOIM4Jd7cl8QbC_Yv9J2yIgUVvMSOhN_pQ8pgGd6FrReVPB0g_Wc1eTUB4wYkpHgfPaCzK14RO60L-Yb8DQNRkM3Odxum-u-VcLeG2I3pRVLUmD_qZfQDcgEAWtcHQK7wozOrM9Rb
1327,המקסיקני,"הגדוד העברי 5, אשדוד, Israel",מקסיקני באשדוד,"Ha-Gdud ha-Ivri St, Ashdod, Israel",ChIJE2qXylWiAhURsi5DhKnU3qw,3,050-808-6257,places/ChIJE2qXylWiAhURsi5DhKnU3qw/photos/AaVGc3mukgC6O6tr7JByJdPsJ-hW9d_MTfYUbGQGWewyWmnYNp6wRhGZd8SZaL2u53yuznmoTlTpjmsnouQTYzmneVr9QAZsMXhcer_jsMJz1gyvjYEd7l3HUNYxmYM2O-1Y5WW2ln6YoctRqaMBCDYaLOwreyFFh3-OGhZ1k2rQI4ikGLBJXyotsLui0r9RvTWw-Yy-I3l68mE0PLAUtKA2NgvfVkNaZSJY1mFcDLF5fOwsguLsa-mbcxBclOGzEcK5GCV8ECFt4mXOZr9qK5fbmnHO4S6YUdz3YFfJxqfrhj83UXUN-fOwnIxbG9s3UAoG8JGRdregSatmgS3f0y0EwYx0Sn2gxrO-dybSqPGOhWI4Yq_4JlwBKdKQSduwDK7Z_qODtayt8ZC7wzvgBcG5PmqtAGVMHWw3mB3NLMUjLKwavjgq
1329,אחלה אילת,"קאמן 1, אילת, Israel",Achla - Platinum Grill,"קאמן 1 אילת IL 88000, Kamen 1, Eilat, Israel",ChIJz7PPdvtxABURuwmxUFhO0K4,4.2,08-634-2555,places/ChIJz7PPdvtxABURuwmxUFhO0K4/photos/AaVGc3leWu-vNB4njCxGeG8li-0-aCzLvvEy0dCDl2C8ii17NPntQyPL81bptI3USlQ6DSUS5cre6nv69OcpeBr0Xf9NgUBq5YheBxDMR6ZKvCZMQB5nL6h2o2BNyYnFB4zmlFISuGI7U8UUxvT_OVpxEGKxoC0j-di9wAFAUdVGQkgs9f0tHWmVoQLrqbLP91Srkvgrmbudrfmz4EeO1Ov4LKzf9sujm8DtmhoGTA6UybMPHNdwP3ULzPdSWt_r9-L-OCmDkGthUZj1jKZYmxpFJj1-epzc2LgSQt7tYqUsdIZ8CFolMOPX83ZvH3WZex2Ke1WOl75JQUlSx_tBNNaWBD0kH5Pi9gDmJ8Ze50WY7lg7hV972usdFbFHcclUIvmViMHX5SUKAg0fX_ejQOIQXPEEauGLkKPw9Btq7F65sG1oeKIh
1331,פיצה דהרי,"רשב""י 15, אשדוד, Israel",דהרי,"Rashbi St 14, Ashdod, Israel",ChIJaytjPyCjAhUR3KZ4xan9S1U,4.3,08-855-7755,
1332,ישראלי קריספי,"יוסף סמלו 1, נתיבות, Israel",ישראלי קריספי,"Yosef Samelo St 1, Netivot, Israel",ChIJY-aebN99AhURUJA1rwu6paM,5,,
1340,פפה לאון רמות,"אוסקר שינדלר 21, באר שבע, Israel",פפה לאון באר שבע,"Oskar Schindler St 21, Be'er Sheva, Israel",ChIJMxyef3RnAhURCfRULFV0sCo,4.3,08-622-6662,places/ChIJMxyef3RnAhURCfRULFV0sCo/photos/AaVGc3m0Zg8H7PcHPwMbyfqfGJhMF9QYP3TjF-UK8_FY2XgWI4sPe2YURfyGx-CghJYDcpNiBP58aMSh2ybxZFLPNcoSZB_sPthiE9HtLDinsMwb5XhJWTrC100gnMUz3wixrtAdkkqlMSzlE7DkcxzwH2Dt7-OJna2XoeXTzV5zUPb0xcdx157Edl_xDMBat3_8apwqeMPJC1dedpMu795-bF0VBQ9K6H53WaX52FVKl4xKnqviz4XXgUNwwUeCjzH4la8NZGNUR7M-vcZGdDH9EFXX2Fq4EwJ9EA5kEZnOD4e6_GC7ZiwayicIIFTHTOPr_q4gB22Dkn9cvb8dmXdz8MDdVItIQdW1s-2r1EZ4ZxprPgKUxujkccBosbhV9eIHAmmrXcynA5OECRLGrbsDdQfBc9RcPXe5LF5Usb1vPrLgOoBeiDwcgVVyPd6UEMjP
1342,אפטר פיצה בר,"שלושת בני עין חרוד 85, באר שבע, Israel",After Pizza Bar,"Shloshet Bnei Ein Kharod St 76, Be'er Sheva, 84205, Israel",ChIJV7Bm-RZmAhURf1DAOo6Fmms,4.2,08-623-7727,places/ChIJV7Bm-RZmAhURf1DAOo6Fmms/photos/AaVGc3lX_9TcmaW5z7Wx_Iann4XB0Dsjo99eNDDrzLxRpzbqzbs8IoEBbZ9XWEdHa2uTshqVH-3aAxGaaG5G9TrMy6hiwSWN6qB_GUUBcjvQGotjg_W5A63IT0UGIEZNImIOKYcv8Q9_8BxDavw479eYV8R_DU_tpIGUtnDLY8bmXXBHnntKl5eWQVBJGFRGEVJy2tRxTZmvNweM0rei5HOTNTfrBSVgAbSKtnPA0ZCR0TKxsdMQjvQLmZn3h4dDFmVlJc6ozu4jQUImoj_YdCZtxiCc5zVj9nXeaY_hqJubhIdK5UGmT3p5OrGlXWl7YR4Kjsi3hDbXtgWkIYGmNnaG7OgOZT-Mx6wQ5ejtvSubCRvFmmImj1AJ7Pyb69jroeuuzajtubQSukEBMBzvH0CTfJ-HIZqjGwXnzXB5RWyvXErXOls
1344,מסעדת אבו,"בן יהודה 13, פרץ סנטר שדרות, Israel",Abu Choo House,"Ben Yehuda St 13, Sderot, 80100, Israel",ChIJj6UZqWyBAhURT_F8Cu4dRkw,4.4,08-687-9687,places/ChIJj6UZqWyBAhURT_F8Cu4dRkw/photos/AaVGc3mbp3cJljnoeAKpdvbpcUkMurLFDulVI6r89NJjoV67vCuvQu6yTMiKVVr8KzPGSOffB7I0hZjUCTo4RrbGwdIgOtzMcnLgcz8SyWUW-J_LgBo3BfRXLhrrpuzWu6rh-faPN9pbJ2OqND8l_xNqghXiFEArwzOBfpHcqbpO4IiiJcXdlz86NCnKlfxE24xBB0VWklEAC7tIwgSwlOzQRAC6_o1zumuq62N7txGv5CJIV_4lIkgm2LZibVOzj02dNpgxYwklhQFYSvor6y9msuxDwgw008KQEyLFepD_qxCjQLKoTISCjdijjF3_p5UH1MHSJ9zfhG1uiRl0P0LSwkiNoGz2PcRr5K-jYG192R31DWRiUMYqeSa9uc5TREhOt0h6lVDOy-q-3Y5p82pD7dfAEokemXynN-3kfZ7_djiOyW8Z
1345,קבב אמונה באר שבע,"קק""ל 58, באר שבע, Israel",Kabab Emuna,"Kakal St 58, Be'er Sheva, Israel",ChIJ2dvISBdmAhURgAivmMTfr7w,4.3,08-627-8865,places/ChIJ2dvISBdmAhURgAivmMTfr7w/photos/AaVGc3nMftXW2tJRbzZeX6Y3qvxGZXDrxD_kk66b9ARgPkBTAbteDupMo1PCiThnYRGBpaTw7wK7NTPfnrYfuLglp5jxFVVlrTuMYHQmgHCUr-PzFTA8nahSbeKralkCSxSFjLm9N3mE-oGpc0z8d-Dhn2Y8wB6X68H-QSv_0LTGDGXa2mL-h7-Pto35T9juS6MBftQA3p0E53yAZDGGjHVGqaNXvcom58ZDapYdoFYGGUDCPEZE00SM7ol0lk3A9VYo_c5JcqwqNE_Ozf-okhp67vS0slfJIG8i5fnDE7cOTLC5cmRAssmef5dcLtl2fGozLvwyM4J7dX3_uHmeFfHE-0frQdQYca3sjGSHhJn5770G652W5eLVUxA8xMn294nm3TVp0LcrIy4CrNMc6K5fAaJ6xv1wUpUHnJdS0Oya_vsw0g
1347,YAKITORI,"שד' מנחם בגין 28, שדרות, Israel",יאקיטורי סושי - Yakitori Sushi,"Menachem Begin Rd 28, Sderot, Israel",ChIJLXKbQRCBAhURrHRF6Sk9QMY,3.9,077-700-5451,places/ChIJLXKbQRCBAhURrHRF6Sk9QMY/photos/AaVGc3nX3GqsyYGIxYQ64PN8c9XzMBM8-sYDMoT6LmP1rzgVRHESsGpbXZWCYPlUoCu9cSf5ZNYbCChQzL8zCkqtYJByvMI42_BxoLvo0w9TTBYZpLWPDUtScbJuygrSK10kGNvFLtK6KRDKjTLJVIPXsqEQjqxhX8-LjMoFJxUFeZP1Mekyle4uOEbKiolVDwPx_rj9VgC5-TjqWukgxVaD538UVOxYQywApALnfcdKdfRNrdHdFLS9Bu8HsOC6hDA4lCxV58QGgBRQbC0PE5yqK37a1w0OXui10jGRtVYyTkXnp7UAd6rJy2Vg6JZ-4aQFYlu-W2-3KFdHeAS5yqK5LTqYAOLJUm-L6QMMwhyYz8W1yecbQQuQSsnx8mYlEI4a5ULYm58FZ3VH-z8dyTDXJlg6GcpAj3O1J0nwnFaCp1IoPPDmE4BoP-HzFqPksw
1349,Georgio restaurant italien,"אשקלון, Israel",ג'ורג'יו קפה- מסעדה איטלקית,"HaNamal St 9, Ashkelon, 7879304, Israel",ChIJ05BIt4adAhURVwIk4iyPlPU,4.5,08-623-4555,places/ChIJ05BIt4adAhURVwIk4iyPlPU/photos/AaVGc3lCQQ3BjB8X2hEpN8_-xXKng7fYCysR_4oePgHbxQgdWAI8gca04lzHk-ymHSdeuK76l-7cdFQ-zIVk_SNyqNX9j0YBTLz7l7a87SWv8HQCV5QKKWdnOJ3PwW9zkwz_p_wOognF8GbvysZjWlYNf7VdA046omdjYZc4Xv_7JvW2abAoCyxVWcUSdcN0W16aEfD8ZW0_sA5_YqkvKWyDYTZkxEyS5mKhxSOqq3dTI-MsVuoxFswXycwJj0anKMhqMXPaKifH65bkWcuzhQ4AYXxwqTcy0MOYkNU4dUOvodrR-HOdn8q3AjMSNhTahp7ESwibfLiIgXz5U3-RJvXN3nll1bWC8jdo7tsSJznT9GkuhDOuiZeshWgKh2T_rA-puTPv7V8ulWaZAg57p04NBrpjGrRGpwcd29ta3XvIVNr_ViHeHISGCPo9mM9_hw
