id,old_name,google_name,name_sim,old_address,google_address,distance_m,business_status,google_phone,google_rating,google_rating_count,has_photo,google_maps_uri,confidence,status,reason
2448,פיצה דה לה קאזה,דה לה קאזה,1.000,"ניצנים 39, מגדל העמק, Israel","קניון מרכז העמק, Nitsanim 45, Migdal HaEmek, Israel",351,OPERATIONAL,04-644-4477,3.5,11,yes,https://maps.google.com/?cid=13336766108641727187&g_mp=CiVnb29nbGUubWFwcy5wbGFjZXMudjEuUGxhY2VzLkdldFBsYWNlEAIYBCAA,0.7,flagged,dist=351m name=1.00 needs-review
5565,פיצה יו-יו,Pizza Yoyo,0.000,"עובדיה 1, יד בנימין, Israel","מרכז מסחרי, הושע 1, יד בנימין, Israel",344,OPERATIONAL,08-869-0485,4.1,193,yes,https://maps.google.com/?cid=3497773454503147626&g_mp=CiVnb29nbGUubWFwcy5wbGFjZXMudjEuUGxhY2VzLkdldFBsYWNlEAIYBCAA,0.2,no_match,dist=344m name=0.00 no-match
5405,ארטורוס,ARTUROS,0.667,"האומן 1, יבנה, Israel","HaUman St 1, Yavne, Israel",2,OPERATIONAL,058-655-5202,4.6,251,yes,https://maps.google.com/?cid=7714476260988985957&g_mp=CiVnb29nbGUubWFwcy5wbGFjZXMudjEuUGxhY2VzLkdldFBsYWNlEAIYBCAA,0.95,verified,dist=2m name=0.67 close-proximity
3187,מקדונלד'ס,McDonald's,0.750,"רוטשילד 19, ראשון לציון, Israel","Rothschild St 19, Rishon LeZion, 7526605, Israel",804,CLOSED_PERMANENTLY,052-944-0112,3.3,708,yes,https://maps.google.com/?cid=14171349569610329905&g_mp=CiVnb29nbGUubWFwcy5wbGFjZXMudjEuUGxhY2VzLkdldFBsYWNlEAIYBCAA,0.4,flagged,dist=804m name=0.75 business=CLOSED_PERMANENTLY (non-operational)
3768,פיצה פצץ,פיצה פצץ,1.000,"חיים בר לב 10, אור יהודה, Israel","جادة حييم بر لف 10 يهود، Or Yehuda, Israel",283,OPERATIONAL,,4,27,yes,https://maps.google.com/?cid=8985733858122507689&g_mp=CiVnb29nbGUubWFwcy5wbGFjZXMudjEuUGxhY2VzLkdldFBsYWNlEAIYBCAA,0.7,flagged,dist=283m name=1.00 needs-review
2257,פלאפל הנשיא,פלאפל אורי-גושן 55 ק.מוצקין,0.500,"שדרות גושן 55, קריית מוצקין, Israel","Moshe Goshen Ave 55, Kiryat Motzkin, Israel",367,OPERATIONAL,052-446-0982,4.4,351,yes,https://maps.google.com/?cid=7123692130425246859&g_mp=CiVnb29nbGUubWFwcy5wbGFjZXMudjEuUGxhY2VzLkdldFBsYWNlEAIYBCAA,0.2,no_match,dist=367m name=0.50 no-match
3712,ליון,Lyon Cafe,0.667,"שד' יצחק רבין 5, אור יהודה, Israel","מתחם מיני, Itzhak rabin 5, Or Yehuda, Israel",716,OPERATIONAL,03-721-4979,4.5,1136,yes,https://maps.google.com/?cid=7067968560107563698&g_mp=CiVnb29nbGUubWFwcy5wbGFjZXMudjEuUGxhY2VzLkdldFBsYWNlEAIYBCAA,0.7,flagged,dist=716m name=0.67 needs-review
3010,הפועלים,Bank Hapoalim,0.429,"להב 42, כרמיאל, Israel","HaGalil St 6, Karmiel, 2192105, Israel",721,OPERATIONAL,03-653-2407,2.7,77,yes,https://maps.google.com/?cid=11346301441950390761&g_mp=CiVnb29nbGUubWFwcy5wbGFjZXMudjEuUGxhY2VzLkdldFBsYWNlEAIYBCAA,0.2,no_match,dist=721m name=0.43 no-match
5869,מאנקי בורגר,מאנקי בורגר,1.000,"דרך הבנים 4, פרדס חנה-כרכור, Israel","Derech HaBanim 4, Pardes Hana-Karkur, Israel",258,OPERATIONAL,04-952-3555,4.2,369,yes,https://maps.google.com/?cid=2841514244953507554&g_mp=CiVnb29nbGUubWFwcy5wbGFjZXMudjEuUGxhY2VzLkdldFBsYWNlEAIYBCAA,0.7,flagged,dist=258m name=1.00 needs-review
1338,פיצה טו גו,פיצה טו-גו,1.000,"אלי כהן 21, אשקלון, Israel","78700 ישראל, Eli Cohen 21, Ashkelon, Israel",17,CLOSED_PERMANENTLY,08-672-2832,,,no,https://maps.google.com/?cid=826819493597658315&g_mp=CiVnb29nbGUubWFwcy5wbGFjZXMudjEuUGxhY2VzLkdldFBsYWNlEAIYBCAA,0.4,flagged,dist=17m name=1.00 business=CLOSED_PERMANENTLY (non-operational)
6068,המטבח של סילביה,המטבח של סלביה,1.000,"סוקולוב 37, שופינג סנטר רמת השרון, רמת השרון, Israel","43,, Sokolov 33, Ramat HaSharon, Israel",2915,OPERATIONAL,03-549-9555,4.5,71,yes,https://maps.google.com/?cid=17355552348814963682&g_mp=CiVnb29nbGUubWFwcy5wbGFjZXMudjEuUGxhY2VzLkdldFBsYWNlEAIYBCAA,0.2,no_match,dist=2915m name=1.00 no-match
7304,קפה גרג,Cafe Greg,1.000,"נמל ת""א, תל אביב, Israel","האנגר 20, Nemal Tel Aviv, Tel Aviv-Jaffa, Israel",7404,CLOSED_PERMANENTLY,,3.2,1223,yes,https://maps.google.com/?cid=3130965214043383277&g_mp=CiVnb29nbGUubWFwcy5wbGFjZXMudjEuUGxhY2VzLkdldFBsYWNlEAIYBCAA,0.4,flagged,dist=7404m name=1.00 business=CLOSED_PERMANENTLY (non-operational)
6213,השניצליה,השניצליה,1.000,"אלוף יקותיאל אדם 7, מול הפרדס, חדרה, Israel","קניון מול, אדם יקותיאל 12, חדרה, Israel",32787,CLOSED_PERMANENTLY,04-643-4454,4.5,241,yes,https://maps.google.com/?cid=10096074321389504176&g_mp=CiVnb29nbGUubWFwcy5wbGFjZXMudjEuUGxhY2VzLkdldFBsYWNlEAIYBCAA,0.4,flagged,dist=32787m name=1.00 business=CLOSED_PERMANENTLY (non-operational)
4785,באבוש,באבוש,1.000,"דרך חברון 101, ירושלים, Israel","Hebron Rd 101, Jerusalem, Israel",2,OPERATIONAL,02-644-1851,4.2,80,yes,https://maps.google.com/?cid=17949318936355853429&g_mp=CiVnb29nbGUubWFwcy5wbGFjZXMudjEuUGxhY2VzLkdldFBsYWNlEAIYBCAA,0.95,verified,dist=2m name=1.00 close-proximity
4550,שיפודי ציפורה,שיפודי ציפורה,1.000,"שחם 17, יכין סנטר פתח תקווה, Israel","Leshem St 10, Petah Tikva, Israel",459,OPERATIONAL,03-947-2020,3.8,2566,yes,https://maps.google.com/?cid=15338397433030242145&g_mp=CiVnb29nbGUubWFwcy5wbGFjZXMudjEuUGxhY2VzLkdldFBsYWNlEAIYBCAA,0.7,flagged,dist=459m name=1.00 needs-review
584,המאפה הצרפתי,Le Parisien,0.200,"נתניה, Israel","Israel Zangvill St 14, Netanya, Israel",471,OPERATIONAL,09-882-8981,4.5,170,yes,https://maps.google.com/?cid=759669676619093362&g_mp=CiVnb29nbGUubWFwcy5wbGFjZXMudjEuUGxhY2VzLkdldFBsYWNlEAIYBCAA,0.2,no_match,dist=471m name=0.20 no-match
1422,פיצה של אפרים,הפיצה של אפרים,1.000,"הנשיא 97, אשקלון, Israel","Ha-Nasi St 97, Ashkelon, Israel",139,OPERATIONAL,077-231-4040,4,248,yes,https://maps.google.com/?cid=4961232610822643933&g_mp=CiVnb29nbGUubWFwcy5wbGFjZXMudjEuUGxhY2VzLkdldFBsYWNlEAIYBCAA,0.88,verified,dist=139m name=1.00 near+name
5877,בית רצון,Beit Razon,0.400,"שער הגיא 5, נתניה, Israel","Sha'ar HaGai St 5, Netanya, Israel",58,OPERATIONAL,09-861-6157,4.3,746,yes,https://maps.google.com/?cid=4875595253253478742&g_mp=CiVnb29nbGUubWFwcy5wbGFjZXMudjEuUGxhY2VzLkdldFBsYWNlEAIYBCAA,0.95,verified,dist=58m name=0.40 close-proximity
6850,B-FRESH - באר יעקב,B-FRESH,1.000,"שא נס 17, באר יעקב","Sa Nes St 17, Be'er Ya'akov, Israel",943,OPERATIONAL,053-445-3020,3.5,15,yes,https://maps.google.com/?cid=12773023469658799936&g_mp=CiVnb29nbGUubWFwcy5wbGFjZXMudjEuUGxhY2VzLkdldFBsYWNlEAIYBCAA,0.7,flagged,dist=943m name=1.00 needs-review
5038,קפה גלאטה,Galata Coffee,0.750,"יפו 97, ירושלים, Israel","Jaffa St 97, Jerusalem, Israel",52,OPERATIONAL,,4.3,15,yes,https://maps.google.com/?cid=8221856876224886166&g_mp=CiVnb29nbGUubWFwcy5wbGFjZXMudjEuUGxhY2VzLkdldFBsYWNlEAIYBCAA,0.95,verified,dist=52m name=0.75 close-proximity
5554,יוגו,Yogo,0.333,"ביל""ו 2, קניון רחובות, Israel","Bilu St 2, Rehovot, Israel",20029,OPERATIONAL,08-857-1936,3.9,45,yes,https://maps.google.com/?cid=2062654127221563763&g_mp=CiVnb29nbGUubWFwcy5wbGFjZXMudjEuUGxhY2VzLkdldFBsYWNlEAIYBCAA,0.2,no_match,dist=20029m name=0.33 no-match
5230,פאפאס פיצה פלאפל,פאפא דה פיצה ירושלים Papa de pizza,0.385,"תפארת ישראל 2, הרובע היהודי, ירושלים, Israel","The Armenian Patriarchate St 73, Jerusalem",343,OPERATIONAL,02-537-7776,4.9,71,yes,https://maps.google.com/?cid=8937899228295303918&g_mp=CiVnb29nbGUubWFwcy5wbGFjZXMudjEuUGxhY2VzLkdldFBsYWNlEAIYBCAA,0.2,no_match,dist=343m name=0.38 no-match
6574,רוזה מודיעין,ROZA,0.250,"ישפרו סנטר, שד' המלאכות 1, מודיעין","ישפרו סנטר, שד' המלאכות 1, Modi'in Makabim-Re'ut, Israel",4466,OPERATIONAL,08-630-4644,4.5,4232,yes,https://maps.google.com/?cid=2984329953532350164&g_mp=CiVnb29nbGUubWFwcy5wbGFjZXMudjEuUGxhY2VzLkdldFBsYWNlEAIYBCAA,0.2,no_match,dist=4466m name=0.25 no-match
6546,Station 9 | סטיישן 9,Station 9,1.000,"דוד רמז 4, ירושלים","מתחם התחנה הראשונה, דוד רמז 4, ירושלים, Israel",1039,OPERATIONAL,072-212-5152,4.1,1270,yes,https://maps.google.com/?cid=3725917100213003234&g_mp=CiVnb29nbGUubWFwcy5wbGFjZXMudjEuUGxhY2VzLkdldFBsYWNlEAIYBCAA,0.7,flagged,dist=1039m name=1.00 needs-review
3723,cofix,אמות קניון קריית אונו,0.000,"הכלנית 17, קניון קרית אונו, Israel","Shlomo ha-Melekh St 37, Kiryat Ono, 5542133, Israel",84,OPERATIONAL,03-635-2845,4.1,8928,yes,https://maps.google.com/?cid=5206489036775307084&g_mp=CiVnb29nbGUubWFwcy5wbGFjZXMudjEuUGxhY2VzLkdldFBsYWNlEAIYBCAA,0.7,flagged,dist=84m name=0.00 needs-review
2447,ארומה,ארומה-Aroma,1.000,"יהושע חנקין 48, עפולה, Israel","Joshua Hankin St 49, Afula, 1825459, Israel",976,OPERATIONAL,04-689-6050,4.2,1355,yes,https://maps.google.com/?cid=10144413540386255845&g_mp=CiVnb29nbGUubWFwcy5wbGFjZXMudjEuUGxhY2VzLkdldFBsYWNlEAIYBCAA,0.7,flagged,dist=976m name=1.00 needs-review
3321,מהמטבח של חני,Yehuda Halevi St 49,0.250,"יהודה הלוי 49, גבעת שמואל, Israel","Yehuda Halevi St 49, Giv'at Shmuel, Israel",88,,,,,no,https://maps.google.com/?cid=13761510740493454077&g_mp=CiVnb29nbGUubWFwcy5wbGFjZXMudjEuUGxhY2VzLkdldFBsYWNlEAIYBCAA,0.7,flagged,dist=88m name=0.25 needs-review
3360,מרכז אסיה,Central Asia,0.000,"מסילת ישרים 41, תל אביב, Israel","Mesilat Yesharim St 41, Tel Aviv-Yafo, Israel",11,OPERATIONAL,03-639-3859,4.4,289,yes,https://maps.google.com/?cid=542051346196821635&g_mp=CiVnb29nbGUubWFwcy5wbGFjZXMudjEuUGxhY2VzLkdldFBsYWNlEAIYBCAA,0.6,flagged,dist=11m name=0.00 proximity-name-mismatch
7225,Frenchy Marche,Frenchy Tlv,0.571,"שינקין 54, תל אביב","Sheinkin St 54, Tel Aviv-Yafo, 6713212, Israel",1937,OPERATIONAL,054-750-0125,4.1,120,yes,https://maps.google.com/?cid=18156903266010468076&g_mp=CiVnb29nbGUubWFwcy5wbGFjZXMudjEuUGxhY2VzLkdldFBsYWNlEAIYBCAA,0.2,no_match,dist=1937m name=0.57 no-match
3600,קפה עלית-אספרסו בר,דז׳ה וו | Deja Vu,0.125,"שד' החשמונאים 1, מודיעין והסביבה, Israel","Dam HaMacbim St 53, Modi'in-Maccabim-Re'ut, Israel",166,OPERATIONAL,055-970-4930,4.9,68,yes,https://maps.google.com/?cid=10806550388101793027&g_mp=CiVnb29nbGUubWFwcy5wbGFjZXMudjEuUGxhY2VzLkdldFBsYWNlEAIYBCAA,0.7,flagged,dist=166m name=0.13 needs-review
3616,ברגר קינג,Burger King,1.000,"דיזנגוף 50, תל אביב, Israel","דיזנגוף 50 דיזנגוף סנטר, Tel Aviv-Jaffa, 6433267, Israel",22,CLOSED_PERMANENTLY,,3.3,643,yes,https://maps.google.com/?cid=403237209668120401&g_mp=CiVnb29nbGUubWFwcy5wbGFjZXMudjEuUGxhY2VzLkdldFBsYWNlEAIYBCAA,0.4,flagged,dist=22m name=1.00 business=CLOSED_PERMANENTLY (non-operational)
3843,דומיניק,Dominik,0.800,"תובל 11, מתחם הבורסה, רמת גן, Israel","Tuval St 11, Ramat Gan, Israel",13,OPERATIONAL,03-751-1144,4,2058,yes,https://maps.google.com/?cid=541167239507666223&g_mp=CiVnb29nbGUubWFwcy5wbGFjZXMudjEuUGxhY2VzLkdldFBsYWNlEAIYBCAA,0.95,verified,dist=13m name=0.80 close-proximity
4633,להבות,Lehavot Restaurant,0.800,"יוסף לישנסקי 20, ראשון לציון, Israel","Yosef Lishanski Blvd 20, Rishon LeZion, Israel",88,CLOSED_PERMANENTLY,03-956-5757,3.6,750,yes,https://maps.google.com/?cid=9125494018192151689&g_mp=CiVnb29nbGUubWFwcy5wbGFjZXMudjEuUGxhY2VzLkdldFBsYWNlEAIYBCAA,0.4,flagged,dist=88m name=0.80 business=CLOSED_PERMANENTLY (non-operational)
3809,לה וויס,La Voice - לה ווייס קריוקי,0.417,"המרץ 13, ראש העין, Israel","HaMerEts St 13, Rosh Haayin, 4801713, Israel",381,OPERATIONAL,052-535-2552,4.7,65,yes,https://maps.google.com/?cid=5722283289192786335&g_mp=CiVnb29nbGUubWFwcy5wbGFjZXMudjEuUGxhY2VzLkdldFBsYWNlEAIYBCAA,0.2,no_match,dist=381m name=0.42 no-match
6157,ג'מס ביר פקטורי,Jem's Beer Pub,0.500,"האורנים 12, פרדס חנה-כרכור, Israel","HaOranim St 12, Pardes Hanna-Karkur, Israel",506,CLOSED_PERMANENTLY,04-984-6560,4.2,319,yes,https://maps.google.com/?cid=2258098625514976017&g_mp=CiVnb29nbGUubWFwcy5wbGFjZXMudjEuUGxhY2VzLkdldFBsYWNlEAIYBCAA,0.4,flagged,dist=506m name=0.50 business=CLOSED_PERMANENTLY (non-operational)
6201,Food Story,Ha-Prakhim St 68,0.167,"הפרחים 68, ניצני עוז, Israel","Ha-Prakhim St 68, Nitzanei Oz, Israel",246,,,,,no,https://maps.google.com/?cid=16093100461969595554&g_mp=CiVnb29nbGUubWFwcy5wbGFjZXMudjEuUGxhY2VzLkdldFBsYWNlEAIYBCAA,0.7,flagged,dist=246m name=0.17 needs-review
5568,פביוס פיצה,פיצה פביוס יבנה Fabios Pizza Yavne,1.000,"שד' דואני 20, מרכז מסחרי לב יבנה, Israel","מרכז מסחרי לב, שדרות דואני 20, יבנה, 81551, Israel",23931,OPERATIONAL,08-942-0960,4,274,yes,https://maps.google.com/?cid=16091616843940060278&g_mp=CiVnb29nbGUubWFwcy5wbGFjZXMudjEuUGxhY2VzLkdldFBsYWNlEAIYBCAA,0.2,no_match,dist=23931m name=1.00 no-match
5022,פאלאס,Waldorf Astoria Jerusalem,0.083,"אגרון 26, ירושלים, Israel","Gershon Agron St 26-28, Jerusalem, 9419008, Israel",125,OPERATIONAL,02-542-3333,4.6,4276,yes,https://maps.google.com/?cid=16740845258508265519&g_mp=CiVnb29nbGUubWFwcy5wbGFjZXMudjEuUGxhY2VzLkdldFBsYWNlEAIYBCAA,0.7,flagged,dist=125m name=0.08 needs-review
2580,ארקפה,ארקפה קיסריה Arcaffe Caesarea,1.000,"הרקיע 1, קיסריה, Israel","ונוס קיסריה, Ha-Rakia St 1, Caesarea, 3070216, Israel",112,OPERATIONAL,072-241-9303,4,834,yes,https://maps.google.com/?cid=13620114599354302625&g_mp=CiVnb29nbGUubWFwcy5wbGFjZXMudjEuUGxhY2VzLkdldFBsYWNlEAIYBCAA,0.88,verified,dist=112m name=1.00 near+name
2525,סאן סושי ונודלס,San Sushi Ashdod,0.500,"שדרות הנשיא בן צבי 1, נהריה, Israel","Ha-Gdud ha-Ivri St, Ashdod, Israel",141735,OPERATIONAL,08-930-1255,3.7,421,yes,https://maps.google.com/?cid=4243936532338521410&g_mp=CiVnb29nbGUubWFwcy5wbGFjZXMudjEuUGxhY2VzLkdldFBsYWNlEAIYBCAA,0.2,no_match,dist=141735m name=0.50 no-match
3225,האופה מבגדד,האופה מבגדד,1.000,"רוטשילד 45, בת ים, Israel","Rothschild St 40, Bat Yam, 59876, Israel",145,OPERATIONAL,03-505-0043,4.2,29,yes,https://maps.google.com/?cid=12674829839202886468&g_mp=CiVnb29nbGUubWFwcy5wbGFjZXMudjEuUGxhY2VzLkdldFBsYWNlEAIYBCAA,0.88,verified,dist=145m name=1.00 near+name
5938,Big Ben Pizza חדרה,פיצה ביג בן חדרה,1.000,"התנאים 1, חדרה, Israel","HaTana'im St 1, Hadera, 3832301, Israel",171,OPERATIONAL,077-204-0977,4.4,85,yes,https://maps.google.com/?cid=1380945828913023945&g_mp=CiVnb29nbGUubWFwcy5wbGFjZXMudjEuUGxhY2VzLkdldFBsYWNlEAIYBCAA,0.88,verified,dist=171m name=1.00 near+name
6250,פיצה אורגנו,Oregano Pizza Kadima,0.333,"החסידה 1, קדימה, Israel","בן צבי 78, קדימה צורן, Israel",61,CLOSED_PERMANENTLY,09-777-7747,4.3,49,yes,https://maps.google.com/?cid=12099803832565392354&g_mp=CiVnb29nbGUubWFwcy5wbGFjZXMudjEuUGxhY2VzLkdldFBsYWNlEAIYBCAA,0.4,flagged,dist=61m name=0.33 business=CLOSED_PERMANENTLY (non-operational)
7221,B-FRESH - בילינסון,"B-FRESH בלינסון פ""ת",0.846,"זבוטינסקי 39, פתח תקווה","זאב, רחוב זאב ז'בוטינסקי 39, פתח תקווה, Israel",2133,OPERATIONAL,052-474-2466,3.3,4,yes,https://maps.google.com/?cid=12588815335070658724&g_mp=CiVnb29nbGUubWFwcy5wbGFjZXMudjEuUGxhY2VzLkdldFBsYWNlEAIYBCAA,0.2,no_match,dist=2133m name=0.85 no-match
1934,בלחמניה,Big Eilat,0.167,"הסתת 20, ביג אילת, Israel","Ha-Satat St 20, Eilat, Israel",20,OPERATIONAL,072-274-8888,4.3,13259,yes,https://maps.google.com/?cid=11810556187410836740&g_mp=CiVnb29nbGUubWFwcy5wbGFjZXMudjEuUGxhY2VzLkdldFBsYWNlEAIYBCAA,0.6,flagged,dist=20m name=0.17 proximity-name-mismatch
2845,חצ'פורי ליאון,חצ'פורי לאון,1.000,"זבולון 2, קרית אתא, Israel","Zevulun St 9, Kiryat Ata, Israel",22,OPERATIONAL,,5,1,no,https://maps.google.com/?cid=18218558588438231194&g_mp=CiVnb29nbGUubWFwcy5wbGFjZXMudjEuUGxhY2VzLkdldFBsYWNlEAIYBCAA,0.95,verified,dist=22m name=1.00 close-proximity
4444,סביח מלכה,סביח מלכה - Sabich Malka,1.000,"המלך ג'ורג' 46, תל אביב, Israel","King George St 46, Tel Aviv-Yafo, 6329808, Israel",11,CLOSED_PERMANENTLY,,4.9,89,yes,https://maps.google.com/?cid=11102211461297117614&g_mp=CiVnb29nbGUubWFwcy5wbGFjZXMudjEuUGxhY2VzLkdldFBsYWNlEAIYBCAA,0.4,flagged,dist=11m name=1.00 business=CLOSED_PERMANENTLY (non-operational)
4890,ברמן,Berman Bakery,1.000,"בית הדפוס 24, ירושלים, Israel","Beit Ha-Defus St 24, Jerusalem, 9548329, Israel",85,OPERATIONAL,02-652-2241,4.1,191,yes,https://maps.google.com/?cid=5938533545676091756&g_mp=CiVnb29nbGUubWFwcy5wbGFjZXMudjEuUGxhY2VzLkdldFBsYWNlEAIYBCAA,0.88,verified,dist=85m name=1.00 near+name
566,שווארמה ובשרים,מפגש חברים,0.357,"אשדוד, Israel","Kibuts Galuyot St 1, Ashdod, Israel",968,OPERATIONAL,08-852-1752,4.3,120,yes,https://maps.google.com/?cid=9552667259260125996&g_mp=CiVnb29nbGUubWFwcy5wbGFjZXMudjEuUGxhY2VzLkdldFBsYWNlEAIYBCAA,0.2,no_match,dist=968m name=0.36 no-match
1929,פיצה צ'ולו,פיצה צ'ולו,1.000,"מבצע עובדה 22, באר שבע, Israel","Mivtsa Uvda St 22, Be'er Sheva, 8446027, Israel",510,OPERATIONAL,077-505-1553,3.4,36,no,https://maps.google.com/?cid=15803932644993635557&g_mp=CiVnb29nbGUubWFwcy5wbGFjZXMudjEuUGxhY2VzLkdldFBsYWNlEAIYBCAA,0.7,flagged,dist=510m name=1.00 needs-review
5978,הרש'יס פיצה,הרשי'ס פיצה,1.000,"דברי חיים 20, נתניה, Israel","Divrei Khayim St 20, Netanya, Israel",254,OPERATIONAL,072-255-7557,4.2,66,yes,https://maps.google.com/?cid=16111581250270350361&g_mp=CiVnb29nbGUubWFwcy5wbGFjZXMudjEuUGxhY2VzLkdldFBsYWNlEAIYBCAA,0.7,flagged,dist=254m name=1.00 needs-review
2505,בזיליקום,Ha-Histadrut St 6,0.000,"ההסתדרות 6, חצור הגלילית, Israel","Ha-Histadrut St 6, Hatzor HaGlilit, Israel",265,,,,,no,"https://maps.google.com/?q=Ha-Histadrut+St+6,+Hatzor+HaGlilit,+Israel&ftid=0x151c21f3579fad11:0xc33b582c54b15b6d&g_mp=CiVnb29nbGUubWFwcy5wbGFjZXMudjEuUGxhY2VzLkdldFBsYWNlEAIYBCAA",0.2,no_match,dist=265m name=0.00 no-match
4643,בורגרים,Burgerim,0.833,"מצדה 9, פרדס כץ, בני ברק, Israel","מגדלי בסר 3, מצדה 9, Bnei Brak, Israel",64,OPERATIONAL,03-537-8823,4.1,444,yes,https://maps.google.com/?cid=14319596512283063919&g_mp=CiVnb29nbGUubWFwcy5wbGFjZXMudjEuUGxhY2VzLkdldFBsYWNlEAIYBCAA,0.95,verified,dist=64m name=0.83 close-proximity
1471,"מאפיית איכות חורי בע""מ","מאפיית איכות חורי בע""מ",1.000,"הרצל 33, שדרות, Israel","מול בנק הפועלים, הרצל 33, שדרות, Israel",62,OPERATIONAL,08-689-1212,4.6,482,yes,https://maps.google.com/?cid=3498055830545772911&g_mp=CiVnb29nbGUubWFwcy5wbGFjZXMudjEuUGxhY2VzLkdldFBsYWNlEAIYBCAA,0.95,verified,dist=62m name=1.00 close-proximity
4534,הפלאפל של הג'ינג'י,פלאפל הג'ינג'י - פלאפל חולון - שניצל חולון,0.500,"חיים ויצמן 1, חולון, Israel","Haim Weizman St 1, Holon, Israel",23,OPERATIONAL,054-433-4009,4.4,493,yes,https://maps.google.com/?cid=10405623050951808954&g_mp=CiVnb29nbGUubWFwcy5wbGFjZXMudjEuUGxhY2VzLkdldFBsYWNlEAIYBCAA,0.95,verified,dist=23m name=0.50 close-proximity
5363,פיצה שמש,Pizza Shemesh,1.000,"דרך יצחק רבין 15, בית שמש, Israel","Derech Yitshak Rabin 15, Beit Shemesh, Israel",1263,OPERATIONAL,02-586-9444,4,469,yes,https://maps.google.com/?cid=870062509193755146&g_mp=CiVnb29nbGUubWFwcy5wbGFjZXMudjEuUGxhY2VzLkdldFBsYWNlEAIYBCAA,0.2,no_match,dist=1263m name=1.00 no-match
6866,סטייג',Maale Adumim Cultural Hall,0.077,"דרך מדבר יהודה 8, מעלה אדומים","דרך מדבר יהודה 8, Derekh Midbar Yehuda 5, Ma'ale Adumim",457,OPERATIONAL,02-544-4100,4.6,474,yes,https://maps.google.com/?cid=8094195362494204855&g_mp=CiVnb29nbGUubWFwcy5wbGFjZXMudjEuUGxhY2VzLkdldFBsYWNlEAIYBCAA,0.2,no_match,dist=457m name=0.08 no-match
3996,ריבר נודלס בר,rebar,0.375,"לב העיר 2, קניון מודיעין, Israel","Lev ha-Ir St 2, Adamowice, Israel",73,OPERATIONAL,08-971-7554,3.7,110,yes,https://maps.google.com/?cid=8916821134416893387&g_mp=CiVnb29nbGUubWFwcy5wbGFjZXMudjEuUGxhY2VzLkdldFBsYWNlEAIYBCAA,0.95,verified,dist=73m name=0.38 close-proximity
2535,אדן אספרסו בר,Wine Bar by Andre Suidan,0.250,"אנדרי סחרוב 9, חיפה, Israel","HaNassi Blvd 98, Haifa, Israel",3208,OPERATIONAL,058-427-4558,4.7,449,yes,https://maps.google.com/?cid=6499151719812483270&g_mp=CiVnb29nbGUubWFwcy5wbGFjZXMudjEuUGxhY2VzLkdldFBsYWNlEAIYBCAA,0.2,no_match,dist=3208m name=0.25 no-match
5492,מייק בורגר,Mike Burger מייק בורגר נס ציונה,1.000,"ויצמן 22, נס ציונה, Israel","Weizman St 22, Ness Ziona, 7403019, Israel",8,OPERATIONAL,08-930-0949,4.2,251,yes,https://maps.google.com/?cid=1386298087537635060&g_mp=CiVnb29nbGUubWFwcy5wbGFjZXMudjEuUGxhY2VzLkdldFBsYWNlEAIYBCAA,0.95,verified,dist=8m name=1.00 close-proximity
7306,קפה קפה,Cafe Cafe,0.111,"יגאל אלון 53, יד אליהו, תל אביב, Israel","Yigal Alon St 53, Tel Aviv-Yafo, 6706206, Israel",19,CLOSED_PERMANENTLY,077-408-0588,3.9,611,yes,https://maps.google.com/?cid=7544457236922523223&g_mp=CiVnb29nbGUubWFwcy5wbGFjZXMudjEuUGxhY2VzLkdldFBsYWNlEAIYBCAA,0.4,flagged,dist=19m name=0.11 business=CLOSED_PERMANENTLY (non-operational)
1631,טאג'ין,וולטר פארק,0.125,"האורגים 22, נמל אשדוד, Israel","HaOrgim St 2, Ashdod, Israel",60,OPERATIONAL,08-852-9311,4.4,207,yes,https://maps.google.com/?cid=15116059778820852276&g_mp=CiVnb29nbGUubWFwcy5wbGFjZXMudjEuUGxhY2VzLkdldFBsYWNlEAIYBCAA,0.6,flagged,dist=60m name=0.13 proximity-name-mismatch
4407,שופרא רומה,שופרא רומה,1.000,"ויצמן 17, יהוד, Israel","Weizman St 13, Yehud-Monosson, Israel",342,OPERATIONAL,03-624-5755,4.6,94,yes,https://maps.google.com/?cid=5900119166404064205&g_mp=CiVnb29nbGUubWFwcy5wbGFjZXMudjEuUGxhY2VzLkdldFBsYWNlEAIYBCAA,0.7,flagged,dist=342m name=1.00 needs-review
2689,פיצה האט,Pizza Hut,1.000,"קרית אתא, Israel","Kiryat Ata, Israel",4160,OPERATIONAL,,3.5,726,yes,https://maps.google.com/?cid=9087568287286287869&g_mp=CiVnb29nbGUubWFwcy5wbGFjZXMudjEuUGxhY2VzLkdldFBsYWNlEAIYBCAA,0.2,no_match,dist=4160m name=1.00 no-match
5800,מאפיית שיבולת הארץ,שיבולת הארץ,1.000,"סוקולוב 17, הרצליה, Israel","Sokolov St 17, Herzliya, Israel",675,OPERATIONAL,09-955-6622,4.2,54,yes,https://maps.google.com/?cid=1057021484347057389&g_mp=CiVnb29nbGUubWFwcy5wbGFjZXMudjEuUGxhY2VzLkdldFBsYWNlEAIYBCAA,0.7,flagged,dist=675m name=1.00 needs-review
1295,ריבס הכשרה,ריבס הכשרה,1.000,"אורט 1, נמל אשדוד, Israel","Ort St 1, Ashdod, Israel",210,OPERATIONAL,,1,2,yes,https://maps.google.com/?cid=4309724040172072731&g_mp=CiVnb29nbGUubWFwcy5wbGFjZXMudjEuUGxhY2VzLkdldFBsYWNlEAIYBCAA,0.88,verified,dist=210m name=1.00 near+name
3778,פיצה בריבוע,פיצה בריבוע,1.000,"חיים עוזר 4, קניון לב העיר פתח תקווה, Israel","Khayim Ozer St 4, Petah Tikva, Israel",15,OPERATIONAL,077-797-8877,4.1,270,yes,https://maps.google.com/?cid=348705406428339071&g_mp=CiVnb29nbGUubWFwcy5wbGFjZXMudjEuUGxhY2VzLkdldFBsYWNlEAIYBCAA,0.95,verified,dist=15m name=1.00 close-proximity
4864,וופל בר,וופל בר קניון רמות ירושלים,1.000,"גולדה מאיר 255, רמות אלון, ירושלים, Israel","Sderot Golda Me'ir, Jerusalem, Israel",2231,OPERATIONAL,052-813-4101,3.6,165,yes,https://maps.google.com/?cid=12546225524148261599&g_mp=CiVnb29nbGUubWFwcy5wbGFjZXMudjEuUGxhY2VzLkdldFBsYWNlEAIYBCAA,0.2,no_match,dist=2231m name=1.00 no-match
2313,שיפודי האגם,Simha And Sons Grill,0.125,"הירקון 1, טבריה, Israel","Al Hadif St, Tiberias, 1424308, Israel",784,OPERATIONAL,04-673-1542,4.4,3195,yes,https://maps.google.com/?cid=10600333023927124912&g_mp=CiVnb29nbGUubWFwcy5wbGFjZXMudjEuUGxhY2VzLkdldFBsYWNlEAIYBCAA,0.2,no_match,dist=784m name=0.13 no-match
3090,לורנץ ומינץ,לורנץ ומינץ Lorenz and Mintz,1.000,"שלוש 42, נווה צדק, תל אביב, Israel","מכון שכטר schechter center, Aharon Chelouche St 42, Tel Aviv-Yafo, 6684521, Israel",28,OPERATIONAL,03-901-8070,4.3,1774,yes,https://maps.google.com/?cid=16431753706748132062&g_mp=CiVnb29nbGUubWFwcy5wbGFjZXMudjEuUGxhY2VzLkdldFBsYWNlEAIYBCAA,0.95,verified,dist=28m name=1.00 close-proximity
5716,טוקיו ביג'ינג,טוקיו בייגינג,1.000,"החינוך העברי 6, נתניה, Israel","Hahinuch Haivri St 6, Netanya, Israel",30,CLOSED_PERMANENTLY,,4.3,156,yes,https://maps.google.com/?cid=16480804098952040454&g_mp=CiVnb29nbGUubWFwcy5wbGFjZXMudjEuUGxhY2VzLkdldFBsYWNlEAIYBCAA,0.4,flagged,dist=30m name=1.00 business=CLOSED_PERMANENTLY (non-operational)
2122,בורגר בר,בורגר בר,1.000,"הרב עוזיאל 66, שלומי, Israel","HaRav Uziel St 66, Shlomi, Israel",26,OPERATIONAL,,5,3,no,https://maps.google.com/?cid=8630590329681748032&g_mp=CiVnb29nbGUubWFwcy5wbGFjZXMudjEuUGxhY2VzLkdldFBsYWNlEAIYBCAA,0.95,verified,dist=26m name=1.00 close-proximity
7123,אונמי - הילטון תל אביב,Onami Hilton Tel-Aviv - אונמי הילטון תל אביב,1.000,"הירקון 205, תל אביב","HaYarkon St 205, Tel Aviv-Yafo, 6340506, Israel",1126,OPERATIONAL,03-520-2128,4.8,82,yes,https://maps.google.com/?cid=7439255817478658204&g_mp=CiVnb29nbGUubWFwcy5wbGFjZXMudjEuUGxhY2VzLkdldFBsYWNlEAIYBCAA,0.7,flagged,dist=1126m name=1.00 needs-review
4718,קאסה וינה,,,"הרימון 1, גבעת זאב, Israel",,,,,,,,,,no_match,text-search returned nothing
6202,שווארמה איתי,Shmuel HaNatziv St 6,0.222,"שמואל הנציב 6, נתניה, Israel","Shmuel HaNatziv St 6, Netanya, 4228103, Israel",15,,,,,no,https://maps.google.com/?cid=12222828358830946375&g_mp=CiVnb29nbGUubWFwcy5wbGFjZXMudjEuUGxhY2VzLkdldFBsYWNlEAIYBCAA,0.6,flagged,dist=15m name=0.22 proximity-name-mismatch
5392,שיפודי התקווה,שיפודי התקווה,1.000,"הקישון 7, יבנה, Israel","קניון G, HaKishon, Yavne, Israel",31,OPERATIONAL,08-651-8888,4,44,no,https://maps.google.com/?cid=154665926289536564&g_mp=CiVnb29nbGUubWFwcy5wbGFjZXMudjEuUGxhY2VzLkdldFBsYWNlEAIYBCAA,0.95,verified,dist=31m name=1.00 close-proximity
3490,Cofizz,"בתי קפה בביאליק, רמת גן",0.000,"ביאליק 77, רמת גן, Israel","Bialik St 19, Ramat Gan, Israel",633,OPERATIONAL,,4.7,7,no,https://maps.google.com/?cid=16596029990534528841&g_mp=CiVnb29nbGUubWFwcy5wbGFjZXMudjEuUGxhY2VzLkdldFBsYWNlEAIYBCAA,0.2,no_match,dist=633m name=0.00 no-match
4879,דני במדבר,Danny's Farm,0.286,"סוסיא, Israel","Hahita St 7, Sitria, Israel",26522,OPERATIONAL,,4.8,332,yes,https://maps.google.com/?cid=2279158135512546505&g_mp=CiVnb29nbGUubWFwcy5wbGFjZXMudjEuUGxhY2VzLkdldFBsYWNlEAIYBCAA,0.2,no_match,dist=26522m name=0.29 no-match
4680,מקסיקנה,Mexicana,0.333,"אלוף קלמן מגן 3, מתחם שרונה, תל אביב, Israel","Aluf Kalman Magen St 3, Tel Aviv-Yafo, Israel",50,OPERATIONAL,03-696-0616,4.6,453,yes,https://maps.google.com/?cid=17185519690384060815&g_mp=CiVnb29nbGUubWFwcy5wbGFjZXMudjEuUGxhY2VzLkdldFBsYWNlEAIYBCAA,0.95,verified,dist=50m name=0.33 close-proximity
4432,Mr. Pretzels,קניון עופר הגבעה,0.250,"יוני נתניהו 29, קניון עופר הגבעה, גבעת שמואל, Israel","Yoni Netanyahu St 29-31, Giv'at Shmuel, Israel",99,OPERATIONAL,03-532-1510,4.1,3776,yes,https://maps.google.com/?cid=7340745862113738508&g_mp=CiVnb29nbGUubWFwcy5wbGFjZXMudjEuUGxhY2VzLkdldFBsYWNlEAIYBCAA,0.7,flagged,dist=99m name=0.25 needs-review
4010,הדרים,Hadarim,1.000,"דרך השלום 51, גבעתיים, Israel","HaShalom Rd 51, Tel Aviv-Yafo, Israel",984,CLOSED_PERMANENTLY,03-573-9332,4.5,691,yes,https://maps.google.com/?cid=12705661752565215175&g_mp=CiVnb29nbGUubWFwcy5wbGFjZXMudjEuUGxhY2VzLkdldFBsYWNlEAIYBCAA,0.4,flagged,dist=984m name=1.00 business=CLOSED_PERMANENTLY (non-operational)
5260,איל פרסקו,Il Fresco,0.500,"אגודת ספורט בית""ר 1, קניון ירושלים, Israel","Derech Agudat Sport Beitar 1, Jerusalem, 9695989, Israel",53290,OPERATIONAL,050-675-7740,4.1,85,no,https://maps.google.com/?cid=3741866179514509921&g_mp=CiVnb29nbGUubWFwcy5wbGFjZXMudjEuUGxhY2VzLkdldFBsYWNlEAIYBCAA,0.2,no_match,dist=53290m name=0.50 no-match
5607,מטעמים,עד הלום,0.200,"אודם 14, עד הלום, Israel","Yahalom St 4, Ashdod, Israel",504,OPERATIONAL,,4.1,111,yes,https://maps.google.com/?cid=12993746298588971347&g_mp=CiVnb29nbGUubWFwcy5wbGFjZXMudjEuUGxhY2VzLkdldFBsYWNlEAIYBCAA,0.2,no_match,dist=504m name=0.20 no-match
3850,רוז'נסקי,Rozhanski St 3,0.667,"רוז'נסקי 3, ראשון לציון, Israel","Rozhanski St 3, Rishon LeZion, Israel",15,,,,,no,https://maps.google.com/?cid=6232916389228399313&g_mp=CiVnb29nbGUubWFwcy5wbGFjZXMudjEuUGxhY2VzLkdldFBsYWNlEAIYBCAA,0.95,verified,dist=15m name=0.67 close-proximity
5699,BP בי פי נתניה,BP,0.250,"נתניה, Israel","תחנת דלק פז כביש החוף, Netanya, Israel",1266,OPERATIONAL,074-710-0017,4.6,4038,yes,https://maps.google.com/?cid=12386999519684304707&g_mp=CiVnb29nbGUubWFwcy5wbGFjZXMudjEuUGxhY2VzLkdldFBsYWNlEAIYBCAA,0.2,no_match,dist=1266m name=0.25 no-match
2942,קייטרינג מעדני מלך,קייטרינג מעדני מלך,1.000,"דרך יחיעם 7, נהריה, Israel","Derech Yehi'am 7, Nahariya, Israel",881,OPERATIONAL,04-699-6221,3.9,10,no,https://maps.google.com/?cid=15735466024540541604&g_mp=CiVnb29nbGUubWFwcy5wbGFjZXMudjEuUGxhY2VzLkdldFBsYWNlEAIYBCAA,0.7,flagged,dist=881m name=1.00 needs-review
6927,המשביע - דימונה,המשביע דימונה,1.000,"המלך דוד 70, דימונה","David HaMelech St 283, Dimona, 0860000, Israel",263,OPERATIONAL,08-610-9960,4.4,258,yes,https://maps.google.com/?cid=12534855614163782583&g_mp=CiVnb29nbGUubWFwcy5wbGFjZXMudjEuUGxhY2VzLkdldFBsYWNlEAIYBCAA,0.7,flagged,dist=263m name=1.00 needs-review
3453,קייטרינג לוטם,קייטרינג חלבי טעם וטקסטורה-בדץ העדה החרדית,0.500,"אילת 100, חולון, Israel","HaOrgim St 10, Holon, Israel",3267,OPERATIONAL,03-303-6002,5,386,yes,https://maps.google.com/?cid=1430183229669190927&g_mp=CiVnb29nbGUubWFwcy5wbGFjZXMudjEuUGxhY2VzLkdldFBsYWNlEAIYBCAA,0.2,no_match,dist=3267m name=0.50 no-match
3386,גולדות,Garden 83 - Beer & Burger,0.100,"רוטשילד 83, ראשון לציון, Israel","Rothschild St 83, Rishon LeZion, Israel",20,OPERATIONAL,03-501-5511,4.1,2126,yes,https://maps.google.com/?cid=122429139003777819&g_mp=CiVnb29nbGUubWFwcy5wbGFjZXMudjEuUGxhY2VzLkdldFBsYWNlEAIYBCAA,0.6,flagged,dist=20m name=0.10 proximity-name-mismatch
1609,לבריאות,Sderot Lachish 1,0.111,"שד' לכיש 1, קריית גת, Israel","Sderot Lachish 1, Kiryat Gat, Israel",619,,,,,no,https://maps.google.com/?cid=984935993448255508&g_mp=CiVnb29nbGUubWFwcy5wbGFjZXMudjEuUGxhY2VzLkdldFBsYWNlEAIYBCAA,0.2,no_match,dist=619m name=0.11 no-match
5341,עדן לכרמל,Eden Carmel,0.714,"אדניהו הכהן 5, ירושלים, Israel","17 פריגן מעלה אדומים, Ma'ale Adumim",10772,OPERATIONAL,02-590-6655,4.2,95,yes,https://maps.google.com/?cid=10823324475189651066&g_mp=CiVnb29nbGUubWFwcy5wbGFjZXMudjEuUGxhY2VzLkdldFBsYWNlEAIYBCAA,0.2,no_match,dist=10772m name=0.71 no-match
4830,קפה הרובע,קופיז Cofizz,0.000,"תפארת ישראל 11, הרובע היהודי, ירושלים, Israel","Ha-Meshorerim St 1, Jerusalem",23,OPERATIONAL,,4.1,78,yes,https://maps.google.com/?cid=14110589492249005696&g_mp=CiVnb29nbGUubWFwcy5wbGFjZXMudjEuUGxhY2VzLkdldFBsYWNlEAIYBCAA,0.6,flagged,dist=23m name=0.00 proximity-name-mismatch
2288,קיסר מיט בר,מסעדת קיסר ראש פינה - Caesar Meat Bar - כשר למהדרין,0.500,"ראש פינה, Israel","Galil road 1, Rosh Pinna, Israel",606,OPERATIONAL,04-664-2536,4.8,444,yes,https://maps.google.com/?cid=15408299908068406783&g_mp=CiVnb29nbGUubWFwcy5wbGFjZXMudjEuUGxhY2VzLkdldFBsYWNlEAIYBCAA,0.2,no_match,dist=606m name=0.50 no-match
2977,המחבת,Spa Village Hamat Gader,0.167,"חמת גדר, Israel",Hamat Gader,513,OPERATIONAL,04-665-9999,4,1546,yes,https://maps.google.com/?cid=15991149716497195011&g_mp=CiVnb29nbGUubWFwcy5wbGFjZXMudjEuUGxhY2VzLkdldFBsYWNlEAIYBCAA,0.2,no_match,dist=513m name=0.17 no-match
6149,הפריקסה של חיימיקו,הפריקסה של חיימיקו,1.000,"דרך רמתיים 63, הוד השרון, Israel","Ramatayim Road 63, Hod HaSharon, Israel",325,CLOSED_TEMPORARILY,09-865-7371,4.7,1158,yes,https://maps.google.com/?cid=8568476481485919027&g_mp=CiVnb29nbGUubWFwcy5wbGFjZXMudjEuUGxhY2VzLkdldFBsYWNlEAIYBCAA,0.4,flagged,dist=325m name=1.00 business=CLOSED_TEMPORARILY (non-operational)
6939,אופיר בסט - רמות,פיצה פלאפל אופיר בסט,0.667,"המשורר אצ""ג 2, ירושלים","Ha Meshorer Azag St 3, Jerusalem",6388,OPERATIONAL,02-571-4562,4,58,yes,https://maps.google.com/?cid=715021982458096479&g_mp=CiVnb29nbGUubWFwcy5wbGFjZXMudjEuUGxhY2VzLkdldFBsYWNlEAIYBCAA,0.2,no_match,dist=6388m name=0.67 no-match
4460,מאפה נאמן,Neeman Bakery,1.000,"חיים סוטין 4, פתח תקווה, Israel","Khayim Soutin St 4, Petah Tikva, Israel",2927,OPERATIONAL,03-930-1118,3.9,1949,yes,https://maps.google.com/?cid=12600924758207600239&g_mp=CiVnb29nbGUubWFwcy5wbGFjZXMudjEuUGxhY2VzLkdldFBsYWNlEAIYBCAA,0.2,no_match,dist=2927m name=1.00 no-match
4683,פיצה שמש,פיצה שמש,1.000,"שד' מרדכי בן פורת 79, אור יהודה, Israel","Sderot Mordehai Ben Porat 79, Or Yehuda, Israel",1064,OPERATIONAL,03-533-0111,4.2,592,yes,https://maps.google.com/?cid=10811607075360415458&g_mp=CiVnb29nbGUubWFwcy5wbGFjZXMudjEuUGxhY2VzLkdldFBsYWNlEAIYBCAA,0.7,flagged,dist=1064m name=1.00 needs-review
4313,פיצה רומא חולון,Pizza Roma פיצה רומא חולון,1.000,"שאלתיאל 16, חולון, Israel","David She'alti'el St 16, Holon, Israel",119,OPERATIONAL,03-551-2787,4.1,141,yes,https://maps.google.com/?cid=15408639815793746669&g_mp=CiVnb29nbGUubWFwcy5wbGFjZXMudjEuUGxhY2VzLkdldFBsYWNlEAIYBCAA,0.88,verified,dist=119m name=1.00 near+name
5927,שולחן דוד,שולחן דוד,1.000,"שד' עובד בן עמי 10, נתניה, Israel","Sderot Oved Ben Ami 10, Netanya, Israel",25850,OPERATIONAL,052-744-4904,3.1,126,yes,https://maps.google.com/?cid=12523999190914052352&g_mp=CiVnb29nbGUubWFwcy5wbGFjZXMudjEuUGxhY2VzLkdldFBsYWNlEAIYBCAA,0.2,no_match,dist=25850m name=1.00 no-match
1688,"מאפיית אדום אילת בע""מ",מאפיית אדום דודו אילת בע״מ,1.000,"הבנאי 5, אילת, Israel","HaBanay St 5, Eilat, 88000, Israel",36,OPERATIONAL,08-637-8256,4.1,132,yes,https://maps.google.com/?cid=3707777758222060946&g_mp=CiVnb29nbGUubWFwcy5wbGFjZXMudjEuUGxhY2VzLkdldFBsYWNlEAIYBCAA,0.95,verified,dist=36m name=1.00 close-proximity
1549,שווארמה האחים,פלאפל ושווארמה הירוק השלום 48,0.455,"דרך השלום 48, באר שבע, Israel","Derech HaShalom 48, Beersheba, Israel",1529,OPERATIONAL,08-699-5597,4.3,29,yes,https://maps.google.com/?cid=18238043401727901570&g_mp=CiVnb29nbGUubWFwcy5wbGFjZXMudjEuUGxhY2VzLkdldFBsYWNlEAIYBCAA,0.2,no_match,dist=1529m name=0.45 no-match
4765,מגש הפיצה,Pizza Italiano,0.111,"קידרון 10, גבעת זאב, Israel","מתחם תחנת דלק גבעונים, Giv'at Ze'ev",153921,OPERATIONAL,02-573-4666,4.4,408,yes,https://maps.google.com/?cid=5489295018680158207&g_mp=CiVnb29nbGUubWFwcy5wbGFjZXMudjEuUGxhY2VzLkdldFBsYWNlEAIYBCAA,0.2,no_match,dist=153921m name=0.11 no-match
1749,בורגראנץ',בורגראנץ' סניף אילת,1.000,"המוצר 1, אילת, Israel","קניון הים האדום, Sderot HaTmarim 2, Eilat, Israel",1264,OPERATIONAL,1-700-700-600,3.7,258,yes,https://maps.google.com/?cid=9695304095451596065&g_mp=CiVnb29nbGUubWFwcy5wbGFjZXMudjEuUGxhY2VzLkdldFBsYWNlEAIYBCAA,0.2,no_match,dist=1264m name=1.00 no-match
3607,MEAT MEAT,Better Burger,0.231,"רוטשילד 77, פתח תקווה, Israel","Rothschild St 83, Petah Tikva, Israel",146,OPERATIONAL,1-700-700-905,4.5,2271,yes,https://maps.google.com/?cid=1445327776174765699&g_mp=CiVnb29nbGUubWFwcy5wbGFjZXMudjEuUGxhY2VzLkdldFBsYWNlEAIYBCAA,0.7,flagged,dist=146m name=0.23 needs-review
7009,WayCup Coffee מקווה ישראל,WayCup Coffee,1.000,"מקווה ישראל 17, תל אביב","Mikve Israel St 17, Tel Aviv-Yafo, Israel",2533,OPERATIONAL,03-924-3962,4.7,793,yes,https://maps.google.com/?cid=13797754243599516561&g_mp=CiVnb29nbGUubWFwcy5wbGFjZXMudjEuUGxhY2VzLkdldFBsYWNlEAIYBCAA,0.2,no_match,dist=2533m name=1.00 no-match
1343,גלידה מרג'לטו,גלידה מרג'לטו Gelateria Margelato,1.000,"שד' יוהנה ז'בוטינסקי 13, באר שבע, Israel","Sderot Johana Jabotinsky 13, Beersheba, Israel",2000,CLOSED_PERMANENTLY,052-402-5228,4.4,146,yes,https://maps.google.com/?cid=10710363425941226357&g_mp=CiVnb29nbGUubWFwcy5wbGFjZXMudjEuUGxhY2VzLkdldFBsYWNlEAIYBCAA,0.4,flagged,dist=2000m name=1.00 business=CLOSED_PERMANENTLY (non-operational)
4264,הסנדווצ׳יה,סנדויץ בר בגט,0.444,"ירמיהו 43, חולון, Israel","HaPeled St 26, Holon, Israel",642,OPERATIONAL,03-558-7566,4.2,45,yes,https://maps.google.com/?cid=9952786897408259949&g_mp=CiVnb29nbGUubWFwcy5wbGFjZXMudjEuUGxhY2VzLkdldFBsYWNlEAIYBCAA,0.2,no_match,dist=642m name=0.44 no-match
3277,חומוס העיר,Hummus & Co.,0.429,"אברבנאל 35, פלורנטין, תל אביב, Israel","Herzl St 98, Tel Aviv-Yafo, Israel",332,OPERATIONAL,052-488-3183,4.5,729,yes,https://maps.google.com/?cid=2457207620275065590&g_mp=CiVnb29nbGUubWFwcy5wbGFjZXMudjEuUGxhY2VzLkdldFBsYWNlEAIYBCAA,0.2,no_match,dist=332m name=0.43 no-match
2547,"יש פה פיצה, נהריה",יש פה פיצה,0.667,"שד' הגעתון 35, נהריה, Israel","Sderot HaGa'aton 35, Nahariya, Israel",123,OPERATIONAL,04-828-4424,4.4,314,yes,https://maps.google.com/?cid=4415354467300161660&g_mp=CiVnb29nbGUubWFwcy5wbGFjZXMudjEuUGxhY2VzLkdldFBsYWNlEAIYBCAA,0.88,verified,dist=123m name=0.67 near+name
2161,פיצה טורינו,Torino Pizza,0.600,"שד' הנשיא 121, חיפה, Israel","HaNassi Blvd 121, Haifa, Israel",33569,OPERATIONAL,04-821-1515,3.3,146,yes,https://maps.google.com/?cid=14392331434804415137&g_mp=CiVnb29nbGUubWFwcy5wbGFjZXMudjEuUGxhY2VzLkdldFBsYWNlEAIYBCAA,0.2,no_match,dist=33569m name=0.60 no-match
6755,B-FRESH - אייס מול,B-Fresh,1.000,"קאמפן 8, אילת","Kampen St 8, Eilat, Israel",1742,OPERATIONAL,052-474-2466,3.9,63,yes,https://maps.google.com/?cid=14587317810312494557&g_mp=CiVnb29nbGUubWFwcy5wbGFjZXMudjEuUGxhY2VzLkdldFBsYWNlEAIYBCAA,0.2,no_match,dist=1742m name=1.00 no-match
4305,קייטרינג אריסה,אנגוס פלוס מרכז הבשר והעוף,0.143,"גולומב 15, חולון, Israel","Golomb St 15, Holon, Israel",72,OPERATIONAL,,4.1,25,yes,https://maps.google.com/?cid=16029920773917406910&g_mp=CiVnb29nbGUubWFwcy5wbGFjZXMudjEuUGxhY2VzLkdldFBsYWNlEAIYBCAA,0.6,flagged,dist=72m name=0.14 proximity-name-mismatch
1799,באזל בר שדרות,באזל בר מסעדה שדרות,1.000,"הרצל 3, שדרות, Israel","איילים, שדרות, Israel",96,OPERATIONAL,054-505-4776,4,6,yes,https://maps.google.com/?cid=10199902589217980584&g_mp=CiVnb29nbGUubWFwcy5wbGFjZXMudjEuUGxhY2VzLkdldFBsYWNlEAIYBCAA,0.88,verified,dist=96m name=1.00 near+name
4139,שווארמה בוחניק,שווארמה בוחניק ראשון לציון,1.000,"הרצל 2, ראשון לציון, Israel","Herzl St 2, Rishon LeZion, 7528701, Israel",72,OPERATIONAL,03-674-0922,3.7,182,yes,https://maps.google.com/?cid=17974276838471044822&g_mp=CiVnb29nbGUubWFwcy5wbGFjZXMudjEuUGxhY2VzLkdldFBsYWNlEAIYBCAA,0.95,verified,dist=72m name=1.00 close-proximity
4538,סקאי,Sekai סקאי,1.000,"הברזל 10, רמת החייל, תל אביב, Israel","HaBarzel St 10, Tel Aviv-Yafo, 6971014, Israel",406,OPERATIONAL,050-770-5544,4.8,136,yes,https://maps.google.com/?cid=990620195631049354&g_mp=CiVnb29nbGUubWFwcy5wbGFjZXMudjEuUGxhY2VzLkdldFBsYWNlEAIYBCAA,0.7,flagged,dist=406m name=1.00 needs-review
6188,טוסטביף,טוסטביף אם הדרך,1.000,"כפר ויתקין, Israel","Kfar Vitkin, Israel",839,OPERATIONAL,09-768-5675,3.9,96,yes,https://maps.google.com/?cid=8797560514474283429&g_mp=CiVnb29nbGUubWFwcy5wbGFjZXMudjEuUGxhY2VzLkdldFBsYWNlEAIYBCAA,0.7,flagged,dist=839m name=1.00 needs-review
3807,חומוס נרי,חומוס נרי ראש העין,1.000,"הרב שלום שבזי 60, ראש העין, Israel","Ha-Rav Shalom Shabazi St 58, Rosh Haayin, Israel",1073,OPERATIONAL,077-300-7200,4.7,626,yes,https://maps.google.com/?cid=16560478483202120074&g_mp=CiVnb29nbGUubWFwcy5wbGFjZXMudjEuUGxhY2VzLkdldFBsYWNlEAIYBCAA,0.7,flagged,dist=1073m name=1.00 needs-review
6650,אישטבח ירושלים,Ishtabach,0.455,"השקמה 1 מחנה יהודה, ירושלים","השקמה פינת, Beit Ya'akov St 1, Jerusalem, Israel",1899,OPERATIONAL,02-623-2997,4.4,4709,yes,https://maps.google.com/?cid=1702997159882302509&g_mp=CiVnb29nbGUubWFwcy5wbGFjZXMudjEuUGxhY2VzLkdldFBsYWNlEAIYBCAA,0.2,no_match,dist=1899m name=0.45 no-match
2928,פיצה בן ציון,פיצה סטורי נהריה,0.125,"הרצל 91, נהריה, Israel","Herzl St 64, Nahariyya, 2240113, Israel",155,OPERATIONAL,04-825-5530,4.4,192,yes,https://maps.google.com/?cid=9961784356732619750&g_mp=CiVnb29nbGUubWFwcy5wbGFjZXMudjEuUGxhY2VzLkdldFBsYWNlEAIYBCAA,0.7,flagged,dist=155m name=0.13 needs-review
2264,בום בורגר,קפטן cook,0.000,"יוחנן בן זכאי 7, טבריה, Israel","Sderot Sapir, Tverya, Israel",1819,OPERATIONAL,054-218-1819,5,24,yes,https://maps.google.com/?cid=2379480915911835438&g_mp=CiVnb29nbGUubWFwcy5wbGFjZXMudjEuUGxhY2VzLkdldFBsYWNlEAIYBCAA,0.2,no_match,dist=1819m name=0.00 no-match
2854,מסעדת TOWER מסעדת בשרים,מסעדת טאוור - TOWER,0.500,"חיפה, Israel","Herzl St 63, Haifa, Israel",1272,OPERATIONAL,054-930-0088,3.8,13,yes,https://maps.google.com/?cid=10978315243270340838&g_mp=CiVnb29nbGUubWFwcy5wbGFjZXMudjEuUGxhY2VzLkdldFBsYWNlEAIYBCAA,0.2,no_match,dist=1272m name=0.50 no-match
2065,סטקיית סלע,Steak House Sela - Kosher,0.833,"בן צבי 10, טבריה, Israel","Ben Zvi St 10, Tiberias, Israel",115,OPERATIONAL,04-673-3020,4.7,1421,yes,https://maps.google.com/?cid=12652709066781559520&g_mp=CiVnb29nbGUubWFwcy5wbGFjZXMudjEuUGxhY2VzLkdldFBsYWNlEAIYBCAA,0.88,verified,dist=115m name=0.83 near+name
2126,59 בשדרה,Sderot Ben Gurion 59,0.200,"שד' בן גוריון 59, המושבה הגרמנית, חיפה, Israel","Sderot Ben Gurion 59, Haifa, Israel",16,,,,,no,https://maps.google.com/?cid=13040181035288535626&g_mp=CiVnb29nbGUubWFwcy5wbGFjZXMudjEuUGxhY2VzLkdldFBsYWNlEAIYBCAA,0.6,flagged,dist=16m name=0.20 proximity-name-mismatch
7298,פיצה פרגו,Pizza Prego,0.750,"הלוחמים 62, תל אביב, Israel","Ha-Lokhamim St 62, Tel Aviv-Yafo, Israel",325,OPERATIONAL,03-600-6161,3.1,45,yes,https://maps.google.com/?cid=10941279582890333747&g_mp=CiVnb29nbGUubWFwcy5wbGFjZXMudjEuUGxhY2VzLkdldFBsYWNlEAIYBCAA,0.7,flagged,dist=325m name=0.75 needs-review
5454,אבו הלל,Abu Hilel,0.800,"באר טוביה, Israel","Ha-Biluyim St 13, Gedera, Israel",10072,OPERATIONAL,08-632-3226,4.7,277,yes,https://maps.google.com/?cid=15070696803494909579&g_mp=CiVnb29nbGUubWFwcy5wbGFjZXMudjEuUGxhY2VzLkdldFBsYWNlEAIYBCAA,0.2,no_match,dist=10072m name=0.80 no-match
2572,פיקולו לה קאסה Piccolo la Casa,פיקולו לה קאסה Piccolo La Casa,1.000,"אנפה 7, שלומי, Israel","Anafa St 7, Shlomi, Israel",24,OPERATIONAL,050-541-1123,3.8,5,yes,https://maps.google.com/?cid=7718449988610095244&g_mp=CiVnb29nbGUubWFwcy5wbGFjZXMudjEuUGxhY2VzLkdldFBsYWNlEAIYBCAA,0.95,verified,dist=24m name=1.00 close-proximity
2225,גריל בר 8,הבן של סימו מסעדת בשרים,0.000,"ככר צה""ל 20, קריית שמונה, Israel","ת.ד 8716, Tel Hai 108, Kiryat Shmona, Israel",150,OPERATIONAL,04-699-7550,4.4,609,yes,https://maps.google.com/?cid=4398939862909855329&g_mp=CiVnb29nbGUubWFwcy5wbGFjZXMudjEuUGxhY2VzLkdldFBsYWNlEAIYBCAA,0.7,flagged,dist=150m name=0.00 needs-review
6467,Babbi's,BABBI'S,1.000,"הבנאים 3, אשדוד","HaBana'im St 3, Ashdod, Israel",1032,OPERATIONAL,08-856-9457,4.1,2771,yes,https://maps.google.com/?cid=13259125846053307802&g_mp=CiVnb29nbGUubWFwcy5wbGFjZXMudjEuUGxhY2VzLkdldFBsYWNlEAIYBCAA,0.7,flagged,dist=1032m name=1.00 needs-review
4182,בורגראנץ',Marlen,0.250,"רמב""ם 30, גבעתיים, Israel","Rambam St 30, Giv'atayim, Israel",19,OPERATIONAL,051-500-8717,4.2,1667,yes,https://maps.google.com/?cid=16494870148433950223&g_mp=CiVnb29nbGUubWFwcy5wbGFjZXMudjEuUGxhY2VzLkdldFBsYWNlEAIYBCAA,0.6,flagged,dist=19m name=0.25 proximity-name-mismatch
5195,הסלטיה הלל,הסלטיה,1.000,"הלל 23, ירושלים, Israel","Hillel St 23, Jerusalem, Israel",8,OPERATIONAL,02-622-3300,4.2,244,yes,https://maps.google.com/?cid=9570526309279491437&g_mp=CiVnb29nbGUubWFwcy5wbGFjZXMudjEuUGxhY2VzLkdldFBsYWNlEAIYBCAA,0.95,verified,dist=8m name=1.00 close-proximity
7188,פלאפל בריבוע מרום נווה,Marom Mall,0.188,"חיים לנדאו 7, רמת גן","Khayim Landau St 7, Ramat Gan, Israel",563,OPERATIONAL,03-574-9969,3.9,3269,yes,https://maps.google.com/?cid=2851274937353457025&g_mp=CiVnb29nbGUubWFwcy5wbGFjZXMudjEuUGxhY2VzLkdldFBsYWNlEAIYBCAA,0.2,no_match,dist=563m name=0.19 no-match
2830,יאמי שווארמה,Shawarma brothers,0.300,"דרך יפו 196, בת גלים, חיפה, Israel","Jaffa Road 136, Haifa, Israel",220,OPERATIONAL,077-553-8727,4.4,4611,yes,https://maps.google.com/?cid=996738477220084437&g_mp=CiVnb29nbGUubWFwcy5wbGFjZXMudjEuUGxhY2VzLkdldFBsYWNlEAIYBCAA,0.7,flagged,dist=220m name=0.30 needs-review
1595,פלאפל רץ,פלאפל רץ,1.000,"העבודה 14, אשקלון, Israel","Ha-Avoda St 14, Ashkelon, Israel",523,OPERATIONAL,,,,yes,https://maps.google.com/?cid=13269381246890851012&g_mp=CiVnb29nbGUubWFwcy5wbGFjZXMudjEuUGxhY2VzLkdldFBsYWNlEAIYBCAA,0.7,flagged,dist=523m name=1.00 needs-review
4286,אמ'ס קיטשן,Weizmann St 1,0.143,"ויצמן 1, תל אביב, Israel","Weizmann St 1, Tel Aviv-Yafo, Israel",223,,,,,no,https://maps.google.com/?cid=5230536318186484840&g_mp=CiVnb29nbGUubWFwcy5wbGFjZXMudjEuUGxhY2VzLkdldFBsYWNlEAIYBCAA,0.7,flagged,dist=223m name=0.14 needs-review
1672,באדה בום,באדה בום -Bada Boom,1.000,"אשדוד, Israel","Ha-Gdud ha-Ivri St 5, Ashdod, 7770089, Israel",1573,OPERATIONAL,08-615-7777,4.3,683,yes,https://maps.google.com/?cid=8564465724449311763&g_mp=CiVnb29nbGUubWFwcy5wbGFjZXMudjEuUGxhY2VzLkdldFBsYWNlEAIYBCAA,0.2,no_match,dist=1573m name=1.00 no-match
6617,בייגל קפה עזריאלי מודיעין,Bagel Cafe,0.143,"לב העיר 2, מודיעין","Ar'ar St 8, Modi'in-Maccabim-Re'ut, Israel",326,OPERATIONAL,1-700-500-751,3.9,21,yes,https://maps.google.com/?cid=3668820787521290604&g_mp=CiVnb29nbGUubWFwcy5wbGFjZXMudjEuUGxhY2VzLkdldFBsYWNlEAIYBCAA,0.2,no_match,dist=326m name=0.14 no-match
2263,מאפיית המפגש,HaMifgash Bakery,0.556,"שד' ההסתדרות 82, חיפה, Israel","HaHistadrut Ave 82, Haifa, Israel",4853,OPERATIONAL,04-841-2611,4.5,908,yes,https://maps.google.com/?cid=7870413254246034362&g_mp=CiVnb29nbGUubWFwcy5wbGFjZXMudjEuUGxhY2VzLkdldFBsYWNlEAIYBCAA,0.2,no_match,dist=4853m name=0.56 no-match
7187,פלאג אין רמת ישי,Plugin,0.444,"האקליפטוס 3, רמת ישי","Ekaliptus St 3, Ramat Yishai, Israel",1155,OPERATIONAL,050-550-5052,4.3,1113,yes,https://maps.google.com/?cid=12150581871293754067&g_mp=CiVnb29nbGUubWFwcy5wbGFjZXMudjEuUGxhY2VzLkdldFBsYWNlEAIYBCAA,0.2,no_match,dist=1155m name=0.44 no-match
4342,זותא פיצה,פיצה &פסטה פופולו חולון (כשר בד״ץ בית יוסף) -POPOLO HOLON,0.071,"צבי תדמור 12, חולון, Israel","Tzvi Tadmor 12, Holon, Israel",156,OPERATIONAL,03-932-2323,4.3,29,yes,https://maps.google.com/?cid=1863936861225173020&g_mp=CiVnb29nbGUubWFwcy5wbGFjZXMudjEuUGxhY2VzLkdldFBsYWNlEAIYBCAA,0.7,flagged,dist=156m name=0.07 needs-review
2472,דוס לוקוס,דוס לוקוס -Dos Locos - גריל מקסיקני,1.000,"יהודה הלוי 1, ביג פאשן דנילוף טבריה, Israel","Big Fashion Danilof, Yehuda Halevi St 1, Tiberias, 1424625, Israel",86,CLOSED_PERMANENTLY,04-812-5777,4.8,167,yes,https://maps.google.com/?cid=17728683102924441925&g_mp=CiVnb29nbGUubWFwcy5wbGFjZXMudjEuUGxhY2VzLkdldFBsYWNlEAIYBCAA,0.4,flagged,dist=86m name=1.00 business=CLOSED_PERMANENTLY (non-operational)
3725,פוקי סטיישן,פוקי סטיישן,1.000,"תובל 16, מתחם הבורסה, רמת גן, Israel","Tuval St 16, Ramat Gan, Israel",391,OPERATIONAL,03-613-1326,2.9,36,yes,https://maps.google.com/?cid=18355824926488738134&g_mp=CiVnb29nbGUubWFwcy5wbGFjZXMudjEuUGxhY2VzLkdldFBsYWNlEAIYBCAA,0.7,flagged,dist=391m name=1.00 needs-review
6013,פיצה הירושלמית,שיר הפיצה,0.222,"הלל יפה 1, חדרה, Israel","HaGiborim St 47, Hadera, Israel",648,OPERATIONAL,04-677-8774,4.5,95,yes,https://maps.google.com/?cid=4136355867211954835&g_mp=CiVnb29nbGUubWFwcy5wbGFjZXMudjEuUGxhY2VzLkdldFBsYWNlEAIYBCAA,0.2,no_match,dist=648m name=0.22 no-match
5629,ערמונים,מסעדת ערמונים,1.000,"שדה יואב, Israel","Sde Yoav, 7935100, Israel",801,OPERATIONAL,08-979-7997,3.9,720,yes,https://maps.google.com/?cid=509245518404696037&g_mp=CiVnb29nbGUubWFwcy5wbGFjZXMudjEuUGxhY2VzLkdldFBsYWNlEAIYBCAA,0.7,flagged,dist=801m name=1.00 needs-review
1724,כפות תמרים,"כפות תמרים, קייטרינג ואירועים - Capot Tmarim",1.000,"אילות, Israel","Eilot, 8880500, Israel",94,OPERATIONAL,054-587-5049,4.4,701,yes,https://maps.google.com/?cid=15902702703717401139&g_mp=CiVnb29nbGUubWFwcy5wbGFjZXMudjEuUGxhY2VzLkdldFBsYWNlEAIYBCAA,0.88,verified,dist=94m name=1.00 near+name
3060,סיזל,סיזל SIZZLE פתח תקווה,1.000,"שחם 30, פתח תקווה, Israel","Shacham St 30, Petah Tikva, 4951726, Israel",249,OPERATIONAL,03-744-0111,4.7,46,yes,https://maps.google.com/?cid=3593937797174387723&g_mp=CiVnb29nbGUubWFwcy5wbGFjZXMudjEuUGxhY2VzLkdldFBsYWNlEAIYBCAA,0.88,verified,dist=249m name=1.00 near+name
2526,cofix,10fix nahariya,0.214,"שד' הגעתון 20, נהריה, Israel","Herzl St 65, Nahariyya, 2240015, Israel",228,OPERATIONAL,054-244-2124,4.8,23,yes,https://maps.google.com/?cid=7231442448531968138&g_mp=CiVnb29nbGUubWFwcy5wbGFjZXMudjEuUGxhY2VzLkdldFBsYWNlEAIYBCAA,0.7,flagged,dist=228m name=0.21 needs-review
6812,פיצה רג'ינה,פיצה רג'ינה regina pizza,1.000,"הרצל 3, גדרה","Herzl St 3, Gedera, 7040002, Israel",844,OPERATIONAL,077-938-6472,4.4,150,yes,https://maps.google.com/?cid=7417630998132908167&g_mp=CiVnb29nbGUubWFwcy5wbGFjZXMudjEuUGxhY2VzLkdldFBsYWNlEAIYBCAA,0.7,flagged,dist=844m name=1.00 needs-review
5232,באגט הקסטל,באגט הקסטל,1.000,"החוצבים 5, מבשרת ציון, Israel","Rahvat HaAtsma'ut 1, Mevaseret Zion, 90805, Israel",449,OPERATIONAL,02-622-2434,3.9,250,yes,https://maps.google.com/?cid=1210744713875792625&g_mp=CiVnb29nbGUubWFwcy5wbGFjZXMudjEuUGxhY2VzLkdldFBsYWNlEAIYBCAA,0.7,flagged,dist=449m name=1.00 needs-review
6277,דורין אוכל ואהבה,Buy the Way,0.125,"עזרא 35, כפר סבא, Israel","Sderot Menachem Begin, Kfar Saba, Israel",4130,OPERATIONAL,054-239-2500,4.1,723,yes,https://maps.google.com/?cid=10159279659706311052&g_mp=CiVnb29nbGUubWFwcy5wbGFjZXMudjEuUGxhY2VzLkdldFBsYWNlEAIYBCAA,0.2,no_match,dist=4130m name=0.13 no-match
5132,"א.ר. מאפה קפה בע""מ",מאפה קפה היובל,0.250,"אורוגואי 6, ירושלים, Israel","Uruguay St 6, Jerusalem, Israel",24,OPERATIONAL,02-642-7944,4.5,436,yes,https://maps.google.com/?cid=14590874014371452268&g_mp=CiVnb29nbGUubWFwcy5wbGFjZXMudjEuUGxhY2VzLkdldFBsYWNlEAIYBCAA,0.6,flagged,dist=24m name=0.25 proximity-name-mismatch
6647,מאו סושי,MaO Sushi,0.667,"קרן היסוד 8, באר יעקב","Keren HaYesod St 8, Be'er Ya'akov, 7030708, Israel",1251,OPERATIONAL,054-527-6053,4,341,yes,https://maps.google.com/?cid=11275006054658348415&g_mp=CiVnb29nbGUubWFwcy5wbGFjZXMudjEuUGxhY2VzLkdldFBsYWNlEAIYBCAA,0.2,no_match,dist=1251m name=0.67 no-match
3188,שומשום בר בריאות,בר שומשום,1.000,"דרך אבא הלל סילבר 2, מתחם הבורסה, רמת גן, Israel","Abba Hillel Silver Rd 6, Ramat Gan, Israel",2624,OPERATIONAL,,3.2,20,yes,https://maps.google.com/?cid=13912114975745506658&g_mp=CiVnb29nbGUubWFwcy5wbGFjZXMudjEuUGxhY2VzLkdldFBsYWNlEAIYBCAA,0.2,no_match,dist=2624m name=1.00 no-match
1895,"""מאפית בית הלחם""",בית הלחם והמאפה,0.500,"קריית גת, Israel","Derekh ha-Darom 13, Kiryat Gat, Israel",436,OPERATIONAL,08-688-9669,4.4,459,yes,https://maps.google.com/?cid=11975122229290070057&g_mp=CiVnb29nbGUubWFwcy5wbGFjZXMudjEuUGxhY2VzLkdldFBsYWNlEAIYBCAA,0.2,no_match,dist=436m name=0.50 no-match
1792,פיצה כמעט חינם,פיצה כמעט חינם,1.000,"שד' הנשיא 20, דימונה, Israel","Sderot HaNassi 20, Dimona, Israel",883,OPERATIONAL,08-657-2637,3.9,114,yes,https://maps.google.com/?cid=273418547932103761&g_mp=CiVnb29nbGUubWFwcy5wbGFjZXMudjEuUGxhY2VzLkdldFBsYWNlEAIYBCAA,0.7,flagged,dist=883m name=1.00 needs-review
4422,ביג ברגרס,Big Burgers,1.000,"ז'בוטינסקי 7, פרדס כץ, בני ברק, Israel","Jabotinsky St 7, Bnei Brak, Israel",32,CLOSED_PERMANENTLY,,4.5,26,yes,https://maps.google.com/?cid=11041978308149014668&g_mp=CiVnb29nbGUubWFwcy5wbGFjZXMudjEuUGxhY2VzLkdldFBsYWNlEAIYBCAA,0.4,flagged,dist=32m name=1.00 business=CLOSED_PERMANENTLY (non-operational)
6819,BIGA טבעון,Biga,1.000,"האלונים 85, טבעון","Alonim St 85, Kiryat Tiv'on, Israel",2715,OPERATIONAL,04-953-6306,4.1,949,yes,https://maps.google.com/?cid=18200586410859188839&g_mp=CiVnb29nbGUubWFwcy5wbGFjZXMudjEuUGxhY2VzLkdldFBsYWNlEAIYBCAA,0.2,no_match,dist=2715m name=1.00 no-match
4543,קראמבל,קראמבל,1.000,"אצ""ל 26, ראשון לציון, Israel","Etsel St 26, Rishon LeZion, Israel",133,OPERATIONAL,03-633-3883,4.3,66,yes,https://maps.google.com/?cid=3080744002054503554&g_mp=CiVnb29nbGUubWFwcy5wbGFjZXMudjEuUGxhY2VzLkdldFBsYWNlEAIYBCAA,0.88,verified,dist=133m name=1.00 near+name
5750,בירקין,בירקין בר Birkin Bar,1.000,"ויצמן 273, רעננה, Israel","Weizman St 273, Ra'anana, 4323316, Israel",2377,CLOSED_PERMANENTLY,09-832-8899,4.4,10,yes,https://maps.google.com/?cid=4148796789353719305&g_mp=CiVnb29nbGUubWFwcy5wbGFjZXMudjEuUGxhY2VzLkdldFBsYWNlEAIYBCAA,0.4,flagged,dist=2377m name=1.00 business=CLOSED_PERMANENTLY (non-operational)
4194,פיצה הקוסם האיטלקי,פיצה הקוסם האיטלקי פיצריה בבת ים,1.000,"הרצל 48, בת ים, Israel","Derech Ben Gurion 79, Bat Yam, Israel",548,OPERATIONAL,03-648-5555,4.9,944,yes,https://maps.google.com/?cid=15104730020595356512&g_mp=CiVnb29nbGUubWFwcy5wbGFjZXMudjEuUGxhY2VzLkdldFBsYWNlEAIYBCAA,0.7,flagged,dist=548m name=1.00 needs-review
5830,פומדרו פיצריה,Pizza Pomedro,0.667,"הנשיא וייצמן 66, חדרה, Israel","HaNassi St 66, Hadera, Israel",431,OPERATIONAL,04-632-6432,4.2,431,yes,https://maps.google.com/?cid=3123615887699773495&g_mp=CiVnb29nbGUubWFwcy5wbGFjZXMudjEuUGxhY2VzLkdldFBsYWNlEAIYBCAA,0.7,flagged,dist=431m name=0.67 needs-review
5839,פיצה שמש נתניה,פיצה שמש נתניה-מרכז העיר,1.000,"הרצל 51, נתניה, Israel","Herzl St 51, Netanya, Israel",24,OPERATIONAL,09-833-3212,4,437,yes,https://maps.google.com/?cid=1570810886024333902&g_mp=CiVnb29nbGUubWFwcy5wbGFjZXMudjEuUGxhY2VzLkdldFBsYWNlEAIYBCAA,0.95,verified,dist=24m name=1.00 close-proximity
5743,מסעדת ארץ,Lehem Erez,0.000,"אחוזה 128, אש סנטר, רעננה, Israel","Ahuza St 104, Ra'anana, Israel",6429,OPERATIONAL,09-741-2626,4.5,163,yes,https://maps.google.com/?cid=5458545442329725691&g_mp=CiVnb29nbGUubWFwcy5wbGFjZXMudjEuUGxhY2VzLkdldFBsYWNlEAIYBCAA,0.2,no_match,dist=6429m name=0.00 no-match
6919,ג'פניקה הרצליה,ג׳פניקה הרצליה כשר | JAPANIKA HERZELIYA KOSHER,1.000,"הסדנאות 10, הרצליה","Ha-Sadna'ot St 10, Herzliya, Israel",3551,OPERATIONAL,03-723-6100,3.9,2638,yes,https://maps.google.com/?cid=6793279064931453289&g_mp=CiVnb29nbGUubWFwcy5wbGFjZXMudjEuUGxhY2VzLkdldFBsYWNlEAIYBCAA,0.2,no_match,dist=3551m name=1.00 no-match
1538,קפה קפה,קפה הנשיא,0.333,"הנשיא 82, אשקלון, Israel","Ha-Nasi St 4, Ashkelon, Israel",640,CLOSED_PERMANENTLY,,,,yes,https://maps.google.com/?cid=13623548567642698267&g_mp=CiVnb29nbGUubWFwcy5wbGFjZXMudjEuUGxhY2VzLkdldFBsYWNlEAIYBCAA,0.4,flagged,dist=640m name=0.33 business=CLOSED_PERMANENTLY (non-operational)
6967,פוקצ'ריה,פוקצ'ריה,1.000,"ז'בוטינסקי 72, פתח תקווה","הקניון הגדול 72, Jabotinsky St, Petah Tikva, Israel",2309,OPERATIONAL,03-644-8797,4.7,688,yes,https://maps.google.com/?cid=10676759579972368901&g_mp=CiVnb29nbGUubWFwcy5wbGFjZXMudjEuUGxhY2VzLkdldFBsYWNlEAIYBCAA,0.2,no_match,dist=2309m name=1.00 no-match
1714,קפה גן סיפור,Story Garden Cafe,0.083,"שד' משה דיין 4, אשדוד, Israel","Mafkura St 1, Ashdod, Israel",41,OPERATIONAL,072-336-0999,4.4,1911,yes,https://maps.google.com/?cid=11434235493187782047&g_mp=CiVnb29nbGUubWFwcy5wbGFjZXMudjEuUGxhY2VzLkdldFBsYWNlEAIYBCAA,0.6,flagged,dist=41m name=0.08 proximity-name-mismatch
4927,מדיצ'י בכיכר,מדיצ'י,1.000,"שד' המאירי 8, ירושלים, Israel","8, Sderot HaMe'iri 4, Jerusalem, Israel",12,OPERATIONAL,02-652-0282,4.7,472,yes,https://maps.google.com/?cid=16843619562374856251&g_mp=CiVnb29nbGUubWFwcy5wbGFjZXMudjEuUGxhY2VzLkdldFBsYWNlEAIYBCAA,0.95,verified,dist=12m name=1.00 close-proximity
4481,שאול בשרים,Saul meats,0.222,"העבודה 2, אור יהודה, Israel","Ha-Avoda St 2, Or Yehuda, Israel",193,CLOSED_PERMANENTLY,03-612-2261,3.9,507,yes,https://maps.google.com/?cid=14932885702206645552&g_mp=CiVnb29nbGUubWFwcy5wbGFjZXMudjEuUGxhY2VzLkdldFBsYWNlEAIYBCAA,0.4,flagged,dist=193m name=0.22 business=CLOSED_PERMANENTLY (non-operational)
601,אלונזו,אלונזו | Alonzo,1.000,"נתניה, Israel","Kikar HaAtsmaut 13, Netanya, Israel",447,OPERATIONAL,09-799-6267,4.2,1085,yes,https://maps.google.com/?cid=9362360832924404274&g_mp=CiVnb29nbGUubWFwcy5wbGFjZXMudjEuUGxhY2VzLkdldFBsYWNlEAIYBCAA,0.7,flagged,dist=447m name=1.00 needs-review
6950,BIGA ראשונים,ביגה ראשונים,0.889,"שדרות נים 2, ראשון לציון","Sderot Nim 2, Rishon LeZion, Israel",2742,OPERATIONAL,053-718-2172,4.5,1494,yes,https://maps.google.com/?cid=6661867006859542127&g_mp=CiVnb29nbGUubWFwcy5wbGFjZXMudjEuUGxhY2VzLkdldFBsYWNlEAIYBCAA,0.2,no_match,dist=2742m name=0.89 no-match
4929,תמול שלשום,Tmol Shilshom,0.818,"יואל משה סלומון 5, כיכר המוזיקה, ירושלים, Israel","בחצר קומה שנייה, יואל משה סלומון 5, ירושלים, Israel",12,OPERATIONAL,02-623-2758,4.3,3036,yes,https://maps.google.com/?cid=16880391915991375636&g_mp=CiVnb29nbGUubWFwcy5wbGFjZXMudjEuUGxhY2VzLkdldFBsYWNlEAIYBCAA,0.95,verified,dist=12m name=0.82 close-proximity
1917,הדסה כל ההבדל בטעם,הדסה כל ההבדל בטעם,1.000,"העבודה 57, נמל אשדוד, Israel","Ha-Avoda St 57, Ashdod, Israel",907,CLOSED_PERMANENTLY,,,,no,https://maps.google.com/?cid=7605785029532253164&g_mp=CiVnb29nbGUubWFwcy5wbGFjZXMudjEuUGxhY2VzLkdldFBsYWNlEAIYBCAA,0.4,flagged,dist=907m name=1.00 business=CLOSED_PERMANENTLY (non-operational)
4935,פיצה איטליאנו,Pizza Italiano,0.750,"יפו 218, ירושלים, Israel","תחנת מרכזית, Yafo 218, Jerusalem, Israel",9,OPERATIONAL,02-537-6381,4.6,922,yes,https://maps.google.com/?cid=16653414869977833601&g_mp=CiVnb29nbGUubWFwcy5wbGFjZXMudjEuUGxhY2VzLkdldFBsYWNlEAIYBCAA,0.95,verified,dist=9m name=0.75 close-proximity
2891,ויקטוריה,ויקטוריה,1.000,"הפלמ""ח 3, טבריה, Israel","מלון אירופה 1917, הפלמ""ח 3, טבריה, Israel",115,OPERATIONAL,053-937-2425,4,12,no,https://maps.google.com/?cid=17639274623652344983&g_mp=CiVnb29nbGUubWFwcy5wbGFjZXMudjEuUGxhY2VzLkdldFBsYWNlEAIYBCAA,0.88,verified,dist=115m name=1.00 near+name
3176,פול ווליום,Full volume,0.500,"דיזנגוף 114, תל אביב, Israel","Dizengoff St 114, Tel Aviv-Yafo, Israel",8,CLOSED_PERMANENTLY,03-527-2497,3.9,54,yes,https://maps.google.com/?cid=1556174300135967246&g_mp=CiVnb29nbGUubWFwcy5wbGFjZXMudjEuUGxhY2VzLkdldFBsYWNlEAIYBCAA,0.4,flagged,dist=8m name=0.50 business=CLOSED_PERMANENTLY (non-operational)
3338,"ד""ר פיצה",Dr Pizza,1.000,"מורדי הגטאות 42, שיכון המזרח, ראשון לציון, Israel","Mordei ha-Geta'ot St 42, Rishon LeZion, Israel",448,OPERATIONAL,03-958-7775,4.6,309,yes,https://maps.google.com/?cid=4472891444474977372&g_mp=CiVnb29nbGUubWFwcy5wbGFjZXMudjEuUGxhY2VzLkdldFBsYWNlEAIYBCAA,0.7,flagged,dist=448m name=1.00 needs-review
6267,באקו סיטי,באקו סיטי נתניה,1.000,"גיבורי ישראל 17, יכין סנטר נתניה, נתניה, Israel","Sderot Giborei Israel 17, Netanya, Israel",22218,OPERATIONAL,077-803-6512,3.9,39,yes,https://maps.google.com/?cid=13892180635720466703&g_mp=CiVnb29nbGUubWFwcy5wbGFjZXMudjEuUGxhY2VzLkdldFBsYWNlEAIYBCAA,0.2,no_match,dist=22218m name=1.00 no-match
1922,קייטרינג בשמל,בשמל,1.000,"באר שבע, Israel","Dror St 22, Be'er Sheva, Israel",2909,OPERATIONAL,054-836-6446,,,no,https://maps.google.com/?cid=6600432704149698594&g_mp=CiVnb29nbGUubWFwcy5wbGFjZXMudjEuUGxhY2VzLkdldFBsYWNlEAIYBCAA,0.2,no_match,dist=2909m name=1.00 no-match
3024,מסעדת אמא,Mother Restaurant,0.250,"רחבעם גנדי זאבי 5, בית שאן, Israel","רחבעם זאבי 5, Beit She'an, Israel",609,OPERATIONAL,050-560-0650,4.6,835,yes,https://maps.google.com/?cid=14793248302601547862&g_mp=CiVnb29nbGUubWFwcy5wbGFjZXMudjEuUGxhY2VzLkdldFBsYWNlEAIYBCAA,0.2,no_match,dist=609m name=0.25 no-match
3032,פותח את ידך קייטרינג,פותח את ידך קייטרינג,1.000,"דרך העמק 2, יקנעם, Israel","Derech HaEmek 2, Yokne'am, Israel",2275,OPERATIONAL,,,,no,https://maps.google.com/?cid=14357777367497742474&g_mp=CiVnb29nbGUubWFwcy5wbGFjZXMudjEuUGxhY2VzLkdldFBsYWNlEAIYBCAA,0.2,no_match,dist=2275m name=1.00 no-match
6752,Burgers Bar מלחה,Burgers Bar,1.000,"דרך אגודת ספורט בית""ר 1, ירושלים","קניון, Derech Agudat Sport Beitar 1, Jerusalem, 9695989, Israel",3149,OPERATIONAL,079-591-2242,4.1,612,yes,https://maps.google.com/?cid=11793712778853117563&g_mp=CiVnb29nbGUubWFwcy5wbGFjZXMudjEuUGxhY2VzLkdldFBsYWNlEAIYBCAA,0.2,no_match,dist=3149m name=1.00 no-match
4403,חומוס הבוטקה,Hummus Beit Ha-Ful,0.364,"החשמונאים 88, תל אביב, Israel","HaHashmonaim St 119, Tel Aviv-Yafo, Israel",225,OPERATIONAL,03-561-8162,4.3,694,yes,https://maps.google.com/?cid=2228955395686505334&g_mp=CiVnb29nbGUubWFwcy5wbGFjZXMudjEuUGxhY2VzLkdldFBsYWNlEAIYBCAA,0.7,flagged,dist=225m name=0.36 needs-review
6138,בא לי סמי,,,"הקדר 46, נתניה, Israel",,,,,,,,,,no_match,text-search returned nothing
4951,zariffa,Zariffa - בית קפה ירושלמי,1.000,"הורקניה 8, ירושלים, Israel","Horkanya St 8, Jerusalem, Israel",23,OPERATIONAL,02-650-0508,4.6,1209,yes,https://maps.google.com/?cid=4375651827083955501&g_mp=CiVnb29nbGUubWFwcy5wbGFjZXMudjEuUGxhY2VzLkdldFBsYWNlEAIYBCAA,0.95,verified,dist=23m name=1.00 close-proximity
4664,ספיישל סושי,טורו סושי אור יהודה,0.500,"אריק איינשטיין 52, אור יהודה, Israel","מתחם מיני, יצחק רבין 5, אור יהודה, Israel",728,OPERATIONAL,077-938-6165,4,109,yes,https://maps.google.com/?cid=16958678683613774665&g_mp=CiVnb29nbGUubWFwcy5wbGFjZXMudjEuUGxhY2VzLkdldFBsYWNlEAIYBCAA,0.2,no_match,dist=728m name=0.50 no-match
2570,רוניוס בכיכר,רוניוס בכיכר,1.000,"יקנעם, Israel","Ha-Khartsit St 52, Yokne'am Illit, 20692, Israel",1827,CLOSED_PERMANENTLY,04-828-5050,4.8,4,no,https://maps.google.com/?cid=14733493790441217624&g_mp=CiVnb29nbGUubWFwcy5wbGFjZXMudjEuUGxhY2VzLkdldFBsYWNlEAIYBCAA,0.4,flagged,dist=1827m name=1.00 business=CLOSED_PERMANENTLY (non-operational)
6484,Wok To Walk נתניה (כשר),ווק טו ווק נתניה,0.583,"שושנה דמארי 10, נתניה","Shoshana Damari St 10, Netanya, Israel",5044,OPERATIONAL,09-772-8182,3.7,126,yes,https://maps.google.com/?cid=12683217430555016941&g_mp=CiVnb29nbGUubWFwcy5wbGFjZXMudjEuUGxhY2VzLkdldFBsYWNlEAIYBCAA,0.2,no_match,dist=5044m name=0.58 no-match
6663,Burgers Bar תלפיות,Burgers Bar,1.000,"האומן 14, ירושלים","HaUman St 14, Jerusalem, 9342109, Israel",1993,OPERATIONAL,079-591-2242,4.3,659,yes,https://maps.google.com/?cid=15329786358710039920&g_mp=CiVnb29nbGUubWFwcy5wbGFjZXMudjEuUGxhY2VzLkdldFBsYWNlEAIYBCAA,0.2,no_match,dist=1993m name=1.00 no-match
4834,שניצל ג'ורדי,Jordi Schnitzel,0.100,"שד' יגאל אלון 6, בית שמש, Israel","Yig'al Alon Ave 6, Beit Shemesh, Israel",1051,OPERATIONAL,,3.9,68,yes,https://maps.google.com/?cid=13474886930780382889&g_mp=CiVnb29nbGUubWFwcy5wbGFjZXMudjEuUGxhY2VzLkdldFBsYWNlEAIYBCAA,0.2,no_match,dist=1051m name=0.10 no-match
5466,אורו,אורו,1.000,"גאליה, Israel","Ge'alya, Israel",947,OPERATIONAL,08-931-6617,4.3,754,yes,https://maps.google.com/?cid=10001558773249039805&g_mp=CiVnb29nbGUubWFwcy5wbGFjZXMudjEuUGxhY2VzLkdldFBsYWNlEAIYBCAA,0.7,flagged,dist=947m name=1.00 needs-review
5880,שביל החלב,שביל החלב,1.000,"הרצל 6, נתניה, Israel","Herzl St 6, Netanya, Israel",18,OPERATIONAL,09-882-4638,,,yes,https://maps.google.com/?cid=11135394651541743299&g_mp=CiVnb29nbGUubWFwcy5wbGFjZXMudjEuUGxhY2VzLkdldFBsYWNlEAIYBCAA,0.95,verified,dist=18m name=1.00 close-proximity
3704,רד מיט,רד מיט,1.000,"שד' המלאכות 22, ישפרו סנטר מודיעין, Israel","HaMelahot Blvd 22, Modi'in-Maccabim-Re'ut, Israel",4620,CLOSED_PERMANENTLY,,,,no,https://maps.google.com/?cid=1672703282065049475&g_mp=CiVnb29nbGUubWFwcy5wbGFjZXMudjEuUGxhY2VzLkdldFBsYWNlEAIYBCAA,0.4,flagged,dist=4620m name=1.00 business=CLOSED_PERMANENTLY (non-operational)
4276,פצץ פצץ כשר בד״ץ,Pizza Pazzaz,0.071,"שד' עמק איילון 161, מרכז מסחרי שהם, שוהם, Israel","Sderot Emek Ayalon 161, Shoham, Israel",319,OPERATIONAL,03-974-9745,3.7,186,yes,https://maps.google.com/?cid=3338993763875714858&g_mp=CiVnb29nbGUubWFwcy5wbGFjZXMudjEuUGxhY2VzLkdldFBsYWNlEAIYBCAA,0.2,no_match,dist=319m name=0.07 no-match
1951,"המחמסים בע""מ אשקלון",חומוס המחמסים,0.500,"אלי כהן 21, אשקלון, Israel","Eli Cohen St 21, Ashkelon, 7832302, Israel",76,CLOSED_PERMANENTLY,08-678-6767,4.7,700,yes,https://maps.google.com/?cid=9179423858815860575&g_mp=CiVnb29nbGUubWFwcy5wbGFjZXMudjEuUGxhY2VzLkdldFBsYWNlEAIYBCAA,0.4,flagged,dist=76m name=0.50 business=CLOSED_PERMANENTLY (non-operational)
3514,מפגש גיא,שפעלאפל,0.125,"שד' מרדכי בן פורת 88, אור יהודה, Israel","Sderot Mordehai Ben Porat 88, Or Yehuda, Israel",914,OPERATIONAL,03-535-7228,4.8,22,yes,https://maps.google.com/?cid=5619980260299550250&g_mp=CiVnb29nbGUubWFwcy5wbGFjZXMudjEuUGxhY2VzLkdldFBsYWNlEAIYBCAA,0.2,no_match,dist=914m name=0.13 no-match
6121,"לחם האופים בע""מ",Bread bakers לחם האופים,0.667,"החינוך העברי 4, נתניה, Israel","Hahinuch Haivri St 4, Netanya, Israel",53,OPERATIONAL,09-884-0888,4.6,761,yes,https://maps.google.com/?cid=16719925211258286853&g_mp=CiVnb29nbGUubWFwcy5wbGFjZXMudjEuUGxhY2VzLkdldFBsYWNlEAIYBCAA,0.95,verified,dist=53m name=0.67 close-proximity
5577,פיתה.,פיתה.,1.000,"הרצל 186, רחובות, Israel","Herzl St 186, Rehovot, 7626720, Israel",21,CLOSED_PERMANENTLY,08-914-1727,4.6,190,yes,https://maps.google.com/?cid=13881535792266651394&g_mp=CiVnb29nbGUubWFwcy5wbGFjZXMudjEuUGxhY2VzLkdldFBsYWNlEAIYBCAA,0.4,flagged,dist=21m name=1.00 business=CLOSED_PERMANENTLY (non-operational)
3054,ניני צ'ו,Nini Choo,0.400,"הסיבים 18, פתח תקווה, Israel","Ha-Sivim St 18, Petah Tikva, 4959376, Israel",113,OPERATIONAL,03-518-3333,4.4,1338,yes,https://maps.google.com/?cid=14275327318108076714&g_mp=CiVnb29nbGUubWFwcy5wbGFjZXMudjEuUGxhY2VzLkdldFBsYWNlEAIYBCAA,0.7,flagged,dist=113m name=0.40 needs-review
2037,קייטרינג תימני נאווה,CineMall,0.167,"שד' ההסתדרות 55, קניון סינמול, חיפה, Israel","HaHistadrut Ave 55, Haifa, Israel",4626,OPERATIONAL,04-841-6090,4.2,10815,yes,https://maps.google.com/?cid=12489128351314471531&g_mp=CiVnb29nbGUubWFwcy5wbGFjZXMudjEuUGxhY2VzLkdldFBsYWNlEAIYBCAA,0.2,no_match,dist=4626m name=0.17 no-match
4459,פיצה טיו ארנסטו,פיצה סטורי אור יהודה,0.400,"חיים בר לב 10, אור יהודה, Israel","Haim Bar Lev Blvd 10, Or Yehuda, Israel",283,OPERATIONAL,03-674-4448,4.4,32,yes,https://maps.google.com/?cid=8875232649255989464&g_mp=CiVnb29nbGUubWFwcy5wbGFjZXMudjEuUGxhY2VzLkdldFBsYWNlEAIYBCAA,0.2,no_match,dist=283m name=0.40 no-match
7000,פורינה,פיצרייה נאפוליטנית פורינה,1.000,"המושב 33, פרדס חנה כרכור","Ha-Moshav St 33, Pardes Hanna-Karkur, 3706933, Israel",2690,OPERATIONAL,04-666-3369,4.7,430,yes,https://maps.google.com/?cid=7840402564599938711&g_mp=CiVnb29nbGUubWFwcy5wbGFjZXMudjEuUGxhY2VzLkdldFBsYWNlEAIYBCAA,0.2,no_match,dist=2690m name=1.00 no-match
