id,status,confidence,name_sim,distance_m,old_name,google_name,name_updated,old_address,new_address,coords_fixed,reason
1218,no_match,0.2,0.500,557,קפה אופרה,Opera Cafe,no,"קנאים 27, קניון ערד, Israel",,no,dist=557m name=0.50 no-match
1219,verified,0.88,1.000,91,הלב הרחב,הלב הרחב,yes,"חיל ההנדסה 6, אילת, Israel","Heil HaHandasa St 6, Eilat, Israel",yes,dist=91m name=1.00 near+name
1220,flagged,0.7,1.000,422,MOOD,מסעדת מוד באילת | mood restaurant eilat,no,"הים 5, אילת, Israel",,no,dist=422m name=1.00 needs-review
1221,flagged,0.7,1.000,820,קפרזה,קפרזה,no,"דרך הדרום 20, קריית גת, Israel",,no,dist=820m name=1.00 needs-review
1222,verified,0.88,1.000,112,איטליקה,איטליקה אילת,yes,"קאמפן 8, אילת, Israel","Kampen St 6, Eilat, Israel",yes,dist=112m name=1.00 near+name
1223,verified,0.88,1.000,109,בום בר,עגלת קפה בום בר - מושב מבקיעים,yes,"מבקיעים, Israel","שדרת עצי הזית, Mavki'im, Israel",yes,dist=109m name=1.00 near+name
1224,flagged,0.7,0.250,153,השיפודיה של שופן,Shufan,no,"נורדאו מקס 5, באר שבע, Israel",,no,dist=153m name=0.25 needs-review
1225,flagged,0.7,1.000,624,טעם העמק,טעם העמק,no,"יפה נוף 5, אשקלון, Israel",,no,dist=624m name=1.00 needs-review
1226,flagged,0.6,0.273,73,קפה גרג מתחם ביג אילת,Greg Coffee,no,"הסתת 20, ביג אילת, Israel",,no,dist=73m name=0.27 proximity-name-mismatch
1227,verified,0.88,0.833,104,ניסו הדייג,Nisso HaDayag,no,"בת גלים 3, אשקלון, Israel","מתחם המרינה, בת גלים 1, אשקלון, Israel",yes,dist=104m name=0.83 near+name
1228,no_match,0.2,0.600,1853,לורנס,Lawrence,no,"אילת, Israel",,no,dist=1853m name=0.60 no-match
1229,flagged,0.7,1.000,618,אושי אושי,אושי אושי דימונה,no,"דימונה, Israel",,no,dist=618m name=1.00 needs-review
1230,verified,0.95,0.583,28,בית החצ'אפורי באר שבע,בית החצ'פורי,no,"החלוץ 53, באר שבע, Israel","He-Khaluts St 53, Be'er Sheva, 8421431, Israel",yes,dist=28m name=0.58 close-proximity
1231,flagged,0.7,1.000,269,"ג'אספר 08 JASPER, ישרוטל אגמים",ג'אספר 08 - Jasper 08,no,"קאמפן 7, אילת, Israel",,no,dist=269m name=1.00 needs-review
1232,flagged,0.7,0.750,530,באביס',BABBI'S,no,"הבנאים 3, אשדוד, Israel",,no,dist=530m name=0.75 needs-review
1234,no_match,0.2,0.182,343,ביגה במרכז פריז,Biga Bakery,no,"בעלי המלאכה 203, נתיבות, Israel",,no,dist=343m name=0.18 no-match
1235,flagged,0.7,0.286,88,ללוש בראסרי באר שבע,Cafe La Lush,no,"חיטה 1, באר שבע, Israel",,no,dist=88m name=0.29 needs-review
1236,verified,0.88,1.000,184,ריבר אשקלון,ריבר אשקלון - River,yes,"רחבעם זאבי 4, אשקלון, Israel","Rehavam Ze'evi St 4, Ashkelon, Israel",yes,dist=184m name=1.00 near+name
1237,verified,0.88,0.667,102,HAVAS,מסעדת חבס,no,"יוסף טרומפלדור 73, באר שבע, Israel","Trumpeldor Joseph St 73, Be'er Sheva, Israel",yes,dist=102m name=0.67 near+name
1238,no_match,0.2,1.000,1872,בית הפול והשווארמה נווה זאב,"בית הפול והשווארמה - נווה זאב באר שבע | ב""ש | חומוס | פלאפל | סביח | שניצל | שווארמה | משלוחים",no,"שד' יוהנה ז'בוטינסקי 11, באר שבע, Israel",,no,dist=1872m name=1.00 no-match
1239,no_match,0.2,0.667,1286,פוטטוס פיצה,Potatoes Pizza,no,"קניון מלכת שבא, אילת, Israel",,no,dist=1286m name=0.67 no-match
1240,no_match,0.2,1.000,2571,שלומי שיפודין,שלומי שיפודין,no,"באר שבע, Israel",,no,dist=2571m name=1.00 no-match
1241,flagged,0.6,0.040,13,קיצ'ן ביי גרג אייסמול אילת,Cafe Cafe,no,"קאמפן 8, אילת, Israel",,no,dist=13m name=0.04 proximity-name-mismatch
1242,no_match,0.2,1.000,1461,ויצמן,מסעדת ויצמן אשדוד,no,"הבנאים 9, נמל אשדוד, Israel",,no,dist=1461m name=1.00 no-match
1243,flagged,0.4,0.400,277,קריולו,Criollo,no,"קק""ל 26, באר שבע, Israel",,no,dist=277m name=0.40 business=CLOSED_PERMANENTLY (non-operational)
1244,verified,0.95,0.429,63,פינצ'יטו,Pinchito Eilat,no,"הסתת 7, אילת, Israel","Ha-Satat St 7, Eilat, 88000, Israel",yes,dist=63m name=0.43 close-proximity
1245,no_match,0.2,0.125,1052,בורגראנץ',רשת 8 Eight,no,"נתיבות, Israel",,no,dist=1052m name=0.13 no-match
1246,no_match,0.2,1.000,1759,פיצה שמש נווה זאב,פיצה שמש נווה זאב,no,"שד' יוהנה ז'בוטינסקי 24, באר שבע, Israel",,no,dist=1759m name=1.00 no-match
1247,verified,0.95,0.909,48,מאפיית אורן,מאפיות אורן Cafe,yes,"מרכז אורן 50, באר שבע, Israel","Yitzhack I. Rager Blvd 185, Be'er Sheva, Israel",yes,dist=48m name=0.91 close-proximity
1248,verified,0.88,1.000,138,בראנצ'וס,בראנצ'וס אשדוד,yes,"ז'בוטינסקי 43, סטאר סנטר, אשדוד, Israel","מתחם סטאר סנטר, ז'בוטינסקי 43, אשדוד, Israel",yes,dist=138m name=1.00 near+name
1249,no_match,0.2,1.000,4611,נאפיס,נאפיס - אשדוד ביג פאשן,no,"הבנאים 2, נמל אשדוד, Israel",,no,dist=4611m name=1.00 no-match
1250,flagged,0.7,1.000,574,פיתה בסטה אשדוד,פיתה בסטה - סניף אשדוד,no,"הבנאים 1, נמל אשדוד, Israel",,no,dist=574m name=1.00 needs-review
1251,no_match,0.2,1.000,2840,סטקיית עמרם ליברטי באר שבע,סטקיית עמרם,no,"באר שבע, Israel",,no,dist=2840m name=1.00 no-match
1252,flagged,0.7,1.000,475,רשת עגול שדרות,רשת עגול סניף שדרות,no,"ככר הנשיא 10, שדרות, Israel",,no,dist=475m name=1.00 needs-review
1253,no_match,0.2,0.125,35728,פאב שדרות,רסק,no,"ככר הנשיא 4, שדרות, Israel",,no,dist=35728m name=0.13 no-match
1254,flagged,0.4,1.000,4680,ביגה,ביגה אשקלון,no,"שד' חיים בר לב, אשקלון, Israel",,no,dist=4680m name=1.00 business=CLOSED_PERMANENTLY (non-operational)
1255,no_match,0.2,1.000,1423,עידן הפיצה,עידן הפיצה אשדוד,no,"שד' הפרחים 20, אשדוד, Israel",,no,dist=1423m name=1.00 no-match
1256,flagged,0.7,0.238,120,על הפלאנצה,אלי אלמוזנינו בוטיק שיער - EA Eli Almoznino,no,"העצמאות 56, אשדוד, Israel",,no,dist=120m name=0.24 needs-review
1257,no_match,0.2,0.500,607,באבי שווארמה,שווארמה ראש העיר,no,"צה""ל 2, אשקלון, Israel",,no,dist=607m name=0.50 no-match
1258,no_match,0.2,0.200,4574,פיצה פפלינו,Farino Pizza,no,"שדרות תל חי 63, אשדוד, Israel",,no,dist=4574m name=0.20 no-match
1259,verified,0.95,1.000,32,פיצה קרמלין Kremlin,פיצה קרמלין,yes,"תש""ח 9, אשדוד, Israel","Tashah St 9, Ashdod, Israel",yes,dist=32m name=1.00 close-proximity
1260,no_match,0.2,0.100,1015,מאפיות אנג'ל,Angel Bakery Factory Store,no,"אברהם רוזנמן 6, נתיבות, Israel",,no,dist=1015m name=0.10 no-match
1261,flagged,0.7,1.000,630,פיצה פלוס פיצה,פיצה פלוס פיצה,no,"שד' גת 46, קריית גת, Israel",,no,dist=630m name=1.00 needs-review
1262,no_match,0.2,0.100,985,הקייטרינג של אורטל,ארליך,no,"שיבת ציון, אשקלון, Israel",,no,dist=985m name=0.10 no-match
1263,no_match,0.2,0.200,3091,סושי צליל טעים,Tzalil Taim Sushi,no,"קטינקא ברוך 2, באר שבע, Israel",,no,dist=3091m name=0.20 no-match
1264,verified,0.95,0.615,47,שווארמה סבן,מרכז השווארמה דימונה,no,"פרץ סנטר, פרץ סנטר דימונה, Israel","Peretz Center Mall, Dimona, Israel",yes,dist=47m name=0.62 close-proximity
1265,flagged,0.4,1.000,32,‎מאיליס פאשן קייקס Maili's Fashion Cakes,Maili's - Fashion Cakes,no,"הנמל 9, אשקלון, Israel",,no,dist=32m name=1.00 business=CLOSED_PERMANENTLY (non-operational)
1266,flagged,0.7,0.000,146,קונופיצה,קניון RED,no,"קאמן 12, מרכז מסחרי רד, אילת, Israel",,no,dist=146m name=0.00 needs-review
1267,no_match,0.2,0.167,2585,פיצה הממלכה,mishlohim pizza,no,"המלאכה 5, דימונה, Israel",,no,dist=2585m name=0.17 no-match
1268,no_match,0.2,0.100,339,שיפקה,Maccabi Health Services - Negev Medical Center,no,"התקווה 4, קניון קרית הממשלה, באר שבע, Israel",,no,dist=339m name=0.10 no-match
1269,verified,0.88,1.000,124,שניצליה,"שניצליה, באר שבע",yes,"דרך מצדה 17, באר שבע, Israel","Derech Metsada 17, Beersheba, Israel",yes,dist=124m name=1.00 near+name
1270,verified,0.88,0.500,148,פיצה מרציאנו,Pizza Marciano,no,"וינגייט 32, באר שבע, Israel","Wingate St 15, Be'er Sheva, Israel",yes,dist=148m name=0.50 near+name
1271,verified,0.88,1.000,137,קונדיטורית ללוש,קונדיטוריית ללוש,yes,"בארי, Israel","Be'eri, 8513500, Israel",yes,dist=137m name=1.00 near+name
1272,flagged,0.7,1.000,261,הפינה התאילנדית,Thai Corner הפינה התאילנדית,no,"גן בנימין 8, אילת, Israel",,no,dist=261m name=1.00 needs-review
1273,no_match,0.2,0.429,897,למון גראס,Omer's,no,"הנגר 3, אילת, Israel",,no,dist=897m name=0.43 no-match
1274,flagged,0.4,1.000,208,פיצה דון פדרו,פיצה דון פדרו אשדוד pizza don pedro,no,"שבט לוי 14, אשדוד, Israel",,no,dist=208m name=1.00 business=CLOSED_PERMANENTLY (non-operational)
1275,no_match,0.2,0.125,283,פיצה המשולש,פיצה סוגיס - pizza sugis,no,"בורנשטיין 801, ירוחם, Israel",,no,dist=283m name=0.13 no-match
1276,no_match,0.2,0.500,942,פיצה אשקלון,Pizza Stori Ashkelon,no,"אלי כהן 21, אשקלון, Israel",,no,dist=942m name=0.50 no-match
1277,flagged,0.7,1.000,483,המקסיקני,המקסיקני,no,"דרך הדרום 9, קריית גת, Israel",,no,dist=483m name=1.00 needs-review
1278,flagged,0.7,0.111,224,Fresh & tasty burgers,רקבב של תומר תומס אשקלון,no,"אלי כהן 40, אשקלון, Israel",,no,dist=224m name=0.11 needs-review
1279,no_match,0.2,0.667,2445,בורגרס בר,Burger Bar,no,"קק""ל 44, באר שבע, Israel",,no,dist=2445m name=0.67 no-match
1280,flagged,0.6,0.286,65,המיטבח הטוניסאי של אליזבט,אל סיקרטו - El secreto,no,"קק""ל 29, באר שבע, Israel",,no,dist=65m name=0.29 proximity-name-mismatch
1281,no_match,0.2,0.286,1116,בונבון בעיר,החנות של בני חסון,no,"שד' העצמאות 49, קריית גת, Israel",,no,dist=1116m name=0.29 no-match
1282,flagged,0.7,1.000,603,פיצה דליה,לה פיאצ'ה (פיצה דליה),no,"דימונה, Israel",,no,dist=603m name=1.00 needs-review
1283,flagged,0.4,1.000,14,המטעמים של סילביה,המטעמים של סילביה,no,"ברית ערים 25, שדרות, Israel",,no,dist=14m name=1.00 business=CLOSED_PERMANENTLY (non-operational)
1285,flagged,0.7,1.000,600,אזור גריל בר,אזור גריל-בר,no,"הרצל 102, באר שבע, Israel",,no,dist=600m name=1.00 needs-review
1286,no_match,0.2,0.500,408,בורקס בבא,הטורקי אילת | אוכל מהיר באילת | בורקס באילת | פסטה באילת | פיצה באילת,no,"דרך יותם 6, אילת, Israel",,no,dist=408m name=0.50 no-match
1287,no_match,0.2,0.300,706,רייצ'ל,מרכז התיירות החדש,no,"דרך יותם 2, אילת, Israel",,no,dist=706m name=0.30 no-match
1288,verified,0.95,0.455,45,אנטריקוט אקספרס,Antrikot,no,"קאמפן 8, אילת, Israel","קניון אייס מול, Kampen 8, Eilat, Israel",yes,dist=45m name=0.45 close-proximity
1289,flagged,0.4,1.000,558,טראפל'ס,טראפל'ס,no,"דרך השלום 907, דימונה, Israel",,no,dist=558m name=1.00 business=CLOSED_PERMANENTLY (non-operational)
1290,no_match,0.2,0.333,3974,קפה עלית-אספרסו בר,Elite Coffee Station in Ashkelon,no,"פאואר סנטר סילבר, אשקלון, Israel",,no,dist=3974m name=0.33 no-match
1291,no_match,0.2,0.750,1800,מקדונלד'ס,McDonald's,no,"שד' בן גוריון 21, קניון גירון, אשקלון, Israel",,no,dist=1800m name=0.75 no-match
1292,flagged,0.7,0.250,239,קאריבו,Sheba Mall,no,"אנטיב 8, קניון מלכת שבא, אילת, Israel",,no,dist=239m name=0.25 needs-review
1293,no_match,0.2,0.154,972,Coffeat,Black Gold Coffee Boutique Ashdod,no,"אדר 4, אשדוד, Israel",,no,dist=972m name=0.15 no-match
1294,verified,0.88,1.000,164,המאפה של רונה,המאפה של רונה בע''מ,yes,"הרצל 32, אשקלון, Israel","Herzl St 32, Ashkelon, Israel",yes,dist=164m name=1.00 near+name
1295,verified,0.88,1.000,210,ריבס הכשרה,ריבס הכשרה,yes,"אורט 1, נמל אשדוד, Israel","Ort St 1, Ashdod, Israel",yes,dist=210m name=1.00 near+name
1296,no_match,0.2,0.250,4561,המזנון של מושון,Ha-Nasi 1 Pub,no,"המתכנן 1, אשקלון, Israel",,no,dist=4561m name=0.25 no-match
1297,flagged,0.6,0.167,35,ג'אדי,מוסך א.ישראל,no,"הנגר 1, אילת, Israel",,no,dist=35m name=0.17 proximity-name-mismatch
1298,no_match,0.2,0.300,2418,בול סנדוויץ' בר,sandwich bar,no,"שד' משה סנה, אשדוד, Israel",,no,dist=2418m name=0.30 no-match
1299,no_match,0.2,0.333,2574,פרלה אשדוד,PERLA,no,"שד' משה סנה, אשדוד, Israel",,no,dist=2574m name=0.33 no-match
1300,flagged,0.4,1.000,254,פיצה לוצה,פיצה לוצה,no,"נווה, Israel",,no,dist=254m name=1.00 business=CLOSED_PERMANENTLY (non-operational)
1301,no_match,0.2,0.143,1358,הסוד,דואר ישראל,no,"שדרות תמר 1, להבים, Israel",,no,dist=1358m name=0.14 no-match
1302,verified,0.95,1.000,57,גן עדן,מסעדת גן עדן,yes,"קהילת מילנו 55, שדרות, Israel","Kehilat Milano St, Sderot, Israel",yes,dist=57m name=1.00 close-proximity
1303,flagged,0.4,1.000,135,גרין פלאפל,גרין פלאפל,no,"נחל לכיש 21, אשדוד, Israel",,no,dist=135m name=1.00 business=CLOSED_PERMANENTLY (non-operational)
1304,verified,0.88,0.500,116,פיצה פרגו,Pizza Fargo,no,"אנפה 1, אילת, Israel","מרכז מור, Anafa 1, Eilat, Israel",yes,dist=116m name=0.50 near+name
1306,flagged,0.4,1.000,1864,דיינר 24,דיינר 24 - Diner 24,no,"דימונה, Israel",,no,dist=1864m name=1.00 business=CLOSED_PERMANENTLY (non-operational)
1307,verified,0.95,1.000,61,בית הפול והשווארמה דימונה,בית הפול והשווארמה - דימונה תחנה מרכזית | חומוס | פלאפל | סביח | שניצל | שווארמה | משלוחים,yes,"שד' הרצל, דימונה, Israel","Sderot Golda Me'ir, Dimona, Israel",yes,dist=61m name=1.00 close-proximity
1308,no_match,0.2,0.455,291,הסושיה,אושי אושי באר שבע,no,"שד' יצחק רגר 2, קניון הנגב, Israel",,no,dist=291m name=0.45 no-match
1309,flagged,0.7,1.000,1119,בורגרים,"בורגרים קרית גת, כשר בשר חלק",no,"שד' משה 25, קריית גת, Israel",,no,dist=1119m name=1.00 needs-review
1310,verified,0.95,1.000,48,פיצה האט,Pizza Hut,no,"אלי כהן 21, אשקלון, Israel","Eli Cohen St 21, Ashkelon, Israel",yes,dist=48m name=1.00 close-proximity
1311,flagged,0.7,1.000,316,חן הלחם,חן הלחם. אשדוד,no,"העבודה 18, נמל אשדוד, Israel",,no,dist=316m name=1.00 needs-review
1312,verified,0.95,1.000,4,פלאפל הגשר,פלאפל הגשר,yes,"שד' יעלים 32, באר שבע, Israel","Sderot Ye'elim 3, Beersheba, 8456316, Israel",yes,dist=4m name=1.00 close-proximity
1313,flagged,0.7,0.250,188,פיצה סופיה,Sofia Pizza,no,"אמציה, Israel",,no,dist=188m name=0.25 needs-review
1314,no_match,0.2,1.000,1289,ג'ט לק שדרות,ג'ט לק שדרות Jetlek,no,"דרך מנחם בגין 7, שדרות, Israel",,no,dist=1289m name=1.00 no-match
1315,no_match,0.2,0.176,1332,בית האוכל המוכן,מאמא אירועי בוטיק,no,"שד' ישראל פולק 51, קריית גת, Israel",,no,dist=1332m name=0.18 no-match
1316,flagged,0.4,1.000,328,פיצריית המושבה,פיצריית המושבה,no,"עוצם, Israel",,no,dist=328m name=1.00 business=CLOSED_PERMANENTLY (non-operational)
1317,flagged,0.7,1.000,751,כיכר הטעמים,כיכר הטעמים,no,"וינגייט 2, באר שבע, Israel",,no,dist=751m name=1.00 needs-review
1319,flagged,0.7,1.000,283,cofix,COFIX,no,"ככר פז 62, קריית גת, Israel",,no,dist=283m name=1.00 needs-review
1320,verified,0.95,1.000,66,המגש החם,המגש החם,yes,"יהושע ייבין 2, באר שבע, Israel","Yehoshua Yevin St 2, Be'er Sheva, Israel",yes,dist=66m name=1.00 close-proximity
1321,verified,0.88,0.600,165,הבורקס של פארוק,בורקס בבאלך,no,"אשקלון, Israel","Ha-Gvura St 1, Ashkelon, Israel",yes,dist=165m name=0.60 near+name
1322,no_match,0.2,0.143,1549,מנגה בר,Soroka Medical Center,no,"שד' יצחק רגר 85, מרכז רפואי אוניברסיטאי סורוקה, באר שבע, Israel",,no,dist=1549m name=0.14 no-match
1323,flagged,0.7,1.000,862,ארומה,ארומה Aroma,no,"שד' יצחק רגר, אוניברסיטת בן-גוריון בנגב, באר שבע, Israel",,no,dist=862m name=1.00 needs-review
1324,flagged,0.7,1.000,322,סומבררו,סומבררו,no,"בורנשטיין 801, ירוחם, Israel",,no,dist=322m name=1.00 needs-review
1325,no_match,0.2,0.500,1431,קייטרינג נאני,קייטרינג חלבי בבאר שבע - פריקאצ'ה,no,"אטד 73, באר שבע, Israel",,no,dist=1431m name=0.50 no-match
1326,verified,0.95,0.833,21,בורגרים,Burgerim,no,"בית אשל 21, באר שבע, Israel","Beit Eshel St 21, Be'er Sheva, Israel",yes,dist=21m name=0.83 close-proximity
1327,verified,0.95,0.429,50,המקסיקני,מקסיקני באשדוד,no,"הגדוד העברי 5, אשדוד, Israel","Ha-Gdud ha-Ivri St, Ashdod, Israel",yes,dist=50m name=0.43 close-proximity
1328,flagged,0.4,1.000,116,שיפודית השף קרית גת,שיפודית השף קרית גת,no,"היסמין 97, קריית גת, Israel",,no,dist=116m name=1.00 business=CLOSED_PERMANENTLY (non-operational)
1329,verified,0.88,0.500,181,אחלה אילת,Achla - Platinum Grill,no,"קאמן 1, אילת, Israel","קאמן 1 אילת IL 88000, Kamen 1, Eilat, Israel",yes,dist=181m name=0.50 near+name
1330,no_match,0.2,0.333,1232,קייטרינג ברמה אחרת,אולמי האצולה קייטרינג האצולה,no,"הרב הרצוג 5, אשדוד, Israel",,no,dist=1232m name=0.33 no-match
1331,verified,0.88,1.000,156,פיצה דהרי,דהרי,yes,"רשב""י 15, אשדוד, Israel","Rashbi St 14, Ashdod, Israel",yes,dist=156m name=1.00 near+name
1332,flagged,0.7,1.000,877,ישראלי קריספי,ישראלי קריספי,no,"יוסף סמלו 1, נתיבות, Israel",,no,dist=877m name=1.00 needs-review
1333,no_match,0.2,0.200,971,PIERO BAR,Ha-Nasi 1 Pub,no,"הנשיא 3, אשקלון, Israel",,no,dist=971m name=0.20 no-match
1334,no_match,0.2,0.200,1807,meroll סושי ביתי,Loti-Roll,no,"פטיו 1167, אילת, Israel",,no,dist=1807m name=0.20 no-match
1335,no_match,0.2,1.000,1307,החצ'פורי,בית החצ'פורי,no,"מונטיפיורי 1, באר שבע, Israel",,no,dist=1307m name=1.00 no-match
1336,no_match,0.2,0.500,1134,דוקטור פלאפל,פלאפל בראשית,no,"גשר עד הלום 3, אשדוד, Israel",,no,dist=1134m name=0.50 no-match
1337,flagged,0.6,0.077,7,קפה קפה,Coffee Coffee,no,"בעלי המלאכה 203, צים סנטר נתיבות, Israel",,no,dist=7m name=0.08 proximity-name-mismatch
1338,flagged,0.4,1.000,17,פיצה טו גו,פיצה טו-גו,no,"אלי כהן 21, אשקלון, Israel",,no,dist=17m name=1.00 business=CLOSED_PERMANENTLY (non-operational)
1339,no_match,0.2,0.583,1395,מורן בוארון,שניצל בוארון,no,"אלי כהן 10, אשקלון, Israel",,no,dist=1395m name=0.58 no-match
1340,verified,0.88,0.667,179,פפה לאון רמות,פפה לאון באר שבע,no,"אוסקר שינדלר 21, באר שבע, Israel","Oskar Schindler St 21, Be'er Sheva, Israel",yes,dist=179m name=0.67 near+name
1341,flagged,0.6,0.154,25,הבריקס,רינגלבלום 13 בר מסעדה כשר באר שבע,no,"רינגלבלום 16, באר שבע, Israel",,no,dist=25m name=0.15 proximity-name-mismatch
1342,verified,0.95,0.667,20,אפטר פיצה בר,After Pizza Bar,no,"שלושת בני עין חרוד 85, באר שבע, Israel","Shloshet Bnei Ein Kharod St 76, Be'er Sheva, 84205, Israel",yes,dist=20m name=0.67 close-proximity
1343,flagged,0.4,1.000,2000,גלידה מרג'לטו,גלידה מרג'לטו Gelateria Margelato,no,"שד' יוהנה ז'בוטינסקי 13, באר שבע, Israel",,no,dist=2000m name=1.00 business=CLOSED_PERMANENTLY (non-operational)
1344,verified,0.95,0.333,42,מסעדת אבו,Abu Choo House,no,"בן יהודה 13, פרץ סנטר שדרות, Israel","Ben Yehuda St 13, Sderot, 80100, Israel",yes,dist=42m name=0.33 close-proximity
1345,flagged,0.7,0.417,182,קבב אמונה באר שבע,Kabab Emuna,no,"קק""ל 58, באר שבע, Israel",,no,dist=182m name=0.42 needs-review
1346,no_match,0.2,0.522,1221,קייטרינג אהרון,פרנקו קייטרינג ואירועים,no,"מגידו 5, אשקלון, Israel",,no,dist=1221m name=0.52 no-match
1347,flagged,0.7,1.000,477,YAKITORI,יאקיטורי סושי - Yakitori Sushi,no,"שד' מנחם בגין 28, שדרות, Israel",,no,dist=477m name=1.00 needs-review
1348,no_match,0.2,0.000,513,קפה לביא,Mall 7 shopping Center,no,"הע""ל 30, מול 7 MALL, באר שבע, Israel",,no,dist=513m name=0.00 no-match
1349,no_match,0.2,0.556,2048,Georgio restaurant italien,ג'ורג'יו קפה- מסעדה איטלקית,no,"אשקלון, Israel",,no,dist=2048m name=0.56 no-match
1350,flagged,0.4,0.500,453,ג'ויה סושי בר,ג'ויה קרית גת,no,"דרך הדרום 9, קריית גת, Israel",,no,dist=453m name=0.50 business=CLOSED_PERMANENTLY (non-operational)
1352,no_match,0.2,,,cofix,,no,"שד' יוהנה ז'בוטינסקי 9, באר שבע, Israel",,no,no-candidate
1353,no_match,0.2,0.111,296,pizza 2 face,Paco ve Nany | פקו ונני - Local Pizzeria,no,"נחל צייה 7, מרכז מסחרי מצפה רמון, Israel",,no,dist=296m name=0.11 no-match
1354,flagged,0.4,1.000,95,קנזס בורגר&סלט בהרכבה באר שבע,קנזס בורגר בר,no,"יצחק אבינו 5, באר שבע, Israel",,no,dist=95m name=1.00 business=CLOSED_PERMANENTLY (non-operational)
1355,flagged,0.6,0.176,61,שניצליין,ג'מס באר שבע JEM'S BEER FACTORY,no,"האנרגיה 77, באר שבע, Israel",,no,dist=61m name=0.18 proximity-name-mismatch
1356,no_match,0.2,1.000,1463,מאפה נאמן,מאפה נאמן אשדוד,no,"שד' מנחם בגין 1, מרכז צימר אשדוד, Israel",,no,dist=1463m name=1.00 no-match
1357,no_match,0.2,0.500,3009,פלאפל סופר,פלאפל בוארון נתיבות,no,"שד' ירושלים 134, נתיבות, Israel",,no,dist=3009m name=0.50 no-match
1358,no_match,0.2,0.750,1680,פיצה איטלינו,Pizza Italiano,no,"שד' דרום אפריקה 63, אשקלון, Israel",,no,dist=1680m name=0.75 no-match
1359,no_match,0.2,0.500,1584,פיצה פאנצ',Pizza Punch,no,"דרך השלום 52, באר שבע, Israel",,no,dist=1584m name=0.50 no-match
1360,verified,0.95,1.000,75,ברכת המזון,ברכת המזון,yes,"עין החתול 3, הקניון האדום, אילת, Israel","Ein he-Khatul St 3, Eilat, 88000, Israel",yes,dist=75m name=1.00 close-proximity
1361,flagged,0.7,1.000,435,פיצה במקום,פיצה במקום ערד,no,"חן 29, ערד, Israel",,no,dist=435m name=1.00 needs-review
1362,flagged,0.4,1.000,324,טוסט ביף,טוסט ביף,no,"דרך בן גוריון 1043, דימונה, Israel",,no,dist=324m name=1.00 business=CLOSED_PERMANENTLY (non-operational)
1363,flagged,0.7,0.364,135,שניצלוס,שניצל פקטורי רוגוזין אשדוד,no,"רוגוזין 11, אשדוד, Israel",,no,dist=135m name=0.36 needs-review
1364,no_match,0.2,1.000,3730,הריף,הריף,no,"שד' משה דיין 1, אשדוד, Israel",,no,dist=3730m name=1.00 no-match
1365,no_match,0.2,0.167,2108,אצה,Mall 7 shopping Center,no,"הע""ל 30, מול 7 MALL, באר שבע, Israel",,no,dist=2108m name=0.17 no-match
1366,flagged,0.4,1.000,1710,בונה פיצה,בונה פיצה,no,"מדרחוב הנביאים 1, אשדוד, Israel",,no,dist=1710m name=1.00 business=CLOSED_PERMANENTLY (non-operational)
1367,no_match,0.2,0.333,315,המקסיקני,The Mexican,no,"רותם 17, מרכז מסחרי עומר, Israel",,no,dist=315m name=0.33 no-match
1368,flagged,0.7,1.000,291,אושי אושי באר שבע,אושי אושי באר שבע,no,"שד' יצחק רגר 2, באר שבע, Israel",,no,dist=291m name=1.00 needs-review
1370,verified,0.95,0.333,15,אקספרס החבית,HaHavit,no,"נחל ציחור 10, מצפה רמון, Israel","Nakhal Tsikhor St 10, Mitzpe Ramon, Israel",yes,dist=15m name=0.33 close-proximity
1371,no_match,0.2,0.100,518,בורגרס בר,מיסטר B10 דימונה,no,"דימונה, Israel",,no,dist=518m name=0.10 no-match
1372,verified,0.88,0.889,92,שירי'ס בורגר,Shiri's Burger,no,"קק""ל 79, באר שבע, Israel","Kakal St 79, Be'er Sheva, Israel",yes,dist=92m name=0.89 near+name
1374,flagged,0.7,0.429,131,שוקולה,Rav Kat Eilat,no,"גן בנימין 12, אילת, Israel",,no,dist=131m name=0.43 needs-review
1375,flagged,0.7,0.143,204,נפגשים בסיבוב,יאקיטורי סושי - Yakitori Sushi,no,"בן יהודה 9, שדרות, Israel",,no,dist=204m name=0.14 needs-review
1376,no_match,0.2,0.444,388,פלאפל'ס,פלאפל דימונה,no,"מ""ד המעפילים 11, דימונה, Israel",,no,dist=388m name=0.44 no-match
1377,no_match,0.2,0.333,462,פיצה פלוס,פיצה פאי - באר שבע,no,"דוד המלך 14, באר שבע, Israel",,no,dist=462m name=0.33 no-match
1378,flagged,0.4,0.875,405,המבורגיניס,Hamboorginis,no,"שד' התמרים 56, אילת, Israel",,no,dist=405m name=0.88 business=CLOSED_PERMANENTLY (non-operational)
1379,flagged,0.7,1.000,398,אצל איתן,אצל איתן,no,"שדרות, Israel",,no,dist=398m name=1.00 needs-review
1380,verified,0.88,0.625,145,חומוס אליהו,Hummus Eliyahu,no,"שד' צורן, קריית גת, Israel","פינת, שדרות צורן, קרית גת, Israel",yes,dist=145m name=0.63 near+name
1381,flagged,0.7,0.667,848,קייטרינג טאשי גאורגיה,קייטרינג בשרי כשר טאשי גרוזיני בטעם הבית,no,"אלי כהן 19, אשקלון, Israel",,no,dist=848m name=0.67 needs-review
1382,no_match,0.2,0.786,30534,בר בארי אנטריקוט בר,בוטיק אנטריקוט,no,"שד' ירושלים 2, באר שבע, Israel",,no,dist=30534m name=0.79 no-match
1383,flagged,0.4,1.000,13874,פיצה מטר,פיצה מטר אשקלון,no,"אקסודוס 6, אשקלון, Israel",,no,dist=13874m name=1.00 business=CLOSED_PERMANENTLY (non-operational)
1384,flagged,0.7,1.000,447,מנהטן טוסט נקניק,מנהטן - טוסט נקניק,no,"שד' לכיש 16, קריית גת, Israel",,no,dist=447m name=1.00 needs-review
1385,no_match,0.2,0.500,1732,סאן סושי ונודלס,San Sushi Ashdod,no,"שד' מנחם בגין, אשדוד, Israel",,no,dist=1732m name=0.50 no-match
1386,flagged,0.6,0.000,5,בית מאפה הגשר,Bridge bakery,no,"שד' יעלים 32, באר שבע, Israel",,no,dist=5m name=0.00 proximity-name-mismatch
1387,no_match,0.2,0.429,28392,"הסנדק (רמב""ם), באר שבע",Sombrero Be'er sheva,no,"שד' ירושלים 2, באר שבע, Israel",,no,dist=28392m name=0.43 no-match
1388,verified,0.95,0.800,4,טירמיסו,Tiramisu,no,"שדרות הים התיכון 1, אשדוד, Israel","HaYam HaTichon Blvd 1, Ashdod, Israel",yes,dist=4m name=0.80 close-proximity
1390,flagged,0.6,0.000,60,cofix,קופיקס סיטי אשדוד,no,"העצמאות 93, אשדוד, Israel",,no,dist=60m name=0.00 proximity-name-mismatch
1391,no_match,0.2,0.200,2076,פלאפל שווארמה הכרם,HaKerem Falafel,no,"הע""ל 30, מול 7 MALL, באר שבע, Israel",,no,dist=2076m name=0.20 no-match
1392,flagged,0.7,0.750,547,מקדונלד'ס,McDonald's,no,"בית קמה, Israel",,no,dist=547m name=0.75 needs-review
1393,no_match,0.2,0.200,18448,בי טי המבורגרים,Giron Mall,no,"שד' בן גוריון 21, קניון גירון, אשקלון, Israel",,no,dist=18448m name=0.20 no-match
1394,no_match,0.2,0.222,638,פלאפל באר שבע,סביב השעון,no,"המלך שאול 109, באר שבע, Israel",,no,dist=638m name=0.22 no-match
1395,no_match,0.2,0.500,486,הסנדביץ של השף שגב,הבאגט של שגב,no,"קריית גת, Israel",,no,dist=486m name=0.50 no-match
1396,no_match,0.2,0.143,1167,שמונה,Mizrahi Bank,no,"שד' ירושלים 12, אשדוד, Israel",,no,dist=1167m name=0.14 no-match
1397,flagged,0.7,0.714,1158,קופי נקסט,קופיקס,no,"אבן עזרא 14, קניון לב אשדוד, Israel",,no,dist=1158m name=0.71 needs-review
1398,no_match,0.2,0.000,882,סגה סושי,Manga,no,"שד' התמרים 12, קניון מול הים, אילת, Israel",,no,dist=882m name=0.00 no-match
1399,flagged,0.7,0.250,82,לונה,קניון אמות באר שבע,no,"חיל הנדסה 1, מרכז בי 7 באר שבע, Israel",,no,dist=82m name=0.25 needs-review
1400,no_match,0.2,1.000,15800,ארומה,Aroma Espresso Bar ארומה אספרסו בר,no,"שד' בן גוריון 21, קניון גירון, אשקלון, Israel",,no,dist=15800m name=1.00 no-match
1401,verified,0.88,1.000,247,פלאפל הישועה,פלאפל הישועה,yes,"שד' לכיש 6, קריית גת, Israel","Mish'ol Paz 101, Kiryat Gat, Israel",yes,dist=247m name=1.00 near+name
1402,flagged,0.7,0.214,101,ביג בראשית שווארמה,Shawarma Bereshit,no,"הבנים 3, אשדוד, Israel",,no,dist=101m name=0.21 needs-review
1403,flagged,0.4,1.000,342,Pizz stop עומר,Pizz Stop,no,"רותם 17, מרכז מסחרי עומר, Israel",,no,dist=342m name=1.00 business=CLOSED_PERMANENTLY (non-operational)
1404,flagged,0.4,1.000,113,Kings pizza,Kings Pizza,no,"חיים לנדאו 4, באר שבע, Israel",,no,dist=113m name=1.00 business=CLOSED_PERMANENTLY (non-operational)
1405,flagged,0.7,0.778,550,לחם ברויטמן,Lechem Broitman Bakery,no,"האלמוגים 17, אילת, Israel",,no,dist=550m name=0.78 needs-review
1407,no_match,0.2,0.429,3261,בזיליקום,Basilika - Italian Restaurant,no,"צה""ל 6, אשקלון, Israel",,no,dist=3261m name=0.43 no-match
1408,verified,0.88,1.000,91,אללתה מטבח אתיופי אותנטי,אללתה - מטבח אתיופי אותנטי,yes,"הרצל 33, אשקלון, Israel","Herzl St 33, Ashkelon, 7860132, Israel",yes,dist=91m name=1.00 near+name
1409,verified,0.88,1.000,92,קפה גרג,קפה גרג,yes,"בעלי המלאכה 5, צים סנטר נתיבות, Israel","Ba'alei ha-Melakha St 5, Netivot, Israel",yes,dist=92m name=1.00 near+name
1410,no_match,0.2,0.222,457,ברכת השובע,פושטק,no,"העבודה 31, אשקלון, Israel",,no,dist=457m name=0.22 no-match
1411,flagged,0.7,1.000,755,טובלה בעיר,טובל'ה בעיר,no,"שדרות, Israel",,no,dist=755m name=1.00 needs-review
1412,verified,0.88,0.500,113,פיצה גוטה,Gute Pizza,no,"ביאליק 26, באר שבע, Israel","מרכז חן, חיים נחמן ביאליק 26, באר שבע, Israel",yes,dist=113m name=0.50 near+name
1414,flagged,0.4,1.000,401,טוניס אורגינל,מסעדת טוניס אורגינל,no,"יוסף סמלו 78, נתיבות, Israel",,no,dist=401m name=1.00 business=CLOSED_PERMANENTLY (non-operational)
1415,no_match,0.2,0.556,1890,שניצל יוסף,Schnitzel Yosef,no,"בעלי מלאכה 11, נמל אשדוד, Israel",,no,dist=1890m name=0.56 no-match
1416,flagged,0.4,0.273,4680,הביגה,ביגה אשקלון,no,"אשקלון, Israel",,no,dist=4680m name=0.27 business=CLOSED_PERMANENTLY (non-operational)
1417,flagged,0.7,1.000,415,פיצה ביאנקה,ביאנקה - Bianca,no,"אלי כהן 34, אשקלון, Israel",,no,dist=415m name=1.00 needs-review
1418,verified,0.95,1.000,50,יהלי שירותי הסעדה,יהלי שירותי הסעדה,yes,"שאר ישוב 1, שדרות, Israel","She'ar Yashuv St 1, Sderot, Israel",yes,dist=50m name=1.00 close-proximity
1419,flagged,0.7,0.333,220,פיצה מון אמי,mishlohim pizza,no,"חרוב 26, דימונה, Israel",,no,dist=220m name=0.33 needs-review
1420,flagged,0.7,0.250,93,אלברטו,פבלה pavella,no,"מרטין בובר 1, אשדוד, Israel",,no,dist=93m name=0.25 needs-review
1421,no_match,0.2,0.545,2498,r.m קייטרינג לאירועים,"לי - בר קייטרינג יפרח בע""מ",no,"קריית גת, Israel",,no,dist=2498m name=0.55 no-match
1422,verified,0.88,1.000,139,פיצה של אפרים,הפיצה של אפרים,yes,"הנשיא 97, אשקלון, Israel","Ha-Nasi St 97, Ashkelon, Israel",yes,dist=139m name=1.00 near+name
1424,no_match,0.2,0.091,1810,רוסו פומדורו,Big Beer Sheva,no,"דרך אליהו נאוי 18, ביג באר שבע, Israel",,no,dist=1810m name=0.09 no-match
1425,flagged,0.6,0.200,20,אלפרדו,Razin Center,no,"אילות 31, אילת, Israel",,no,dist=20m name=0.20 proximity-name-mismatch
1426,no_match,0.2,1.000,19265,שיפודי האווז,שיפודי האווז,no,"פאואר סנטר סילבר, אשקלון, Israel",,no,dist=19265m name=1.00 no-match
1429,flagged,0.4,1.000,695,המרוקאית הקטנה,המרוקאית הקטנה,no,"שד' יגאל אלון 10, דימונה, Israel",,no,dist=695m name=1.00 business=CLOSED_PERMANENTLY (non-operational)
1430,verified,0.88,1.000,144,פיצה האט,פיצה האט - שדרות,yes,"דרך מנחם בגין, שדרות, Israel","מרכז מול 7, שדרות, Israel",yes,dist=144m name=1.00 near+name
1431,flagged,0.7,0.200,187,האיטלקיה הקטנה,The little Italian,no,"לואי פיקרד 2, באר שבע, Israel",,no,dist=187m name=0.20 needs-review
1432,flagged,0.7,1.000,1030,פיצה האיטלקיה,פיצה האיטלקיה אשקלון,no,"אלי כהן 40, אשקלון, Israel",,no,dist=1030m name=1.00 needs-review
1433,flagged,0.7,0.000,132,פיצה סופרר,פיצה כמעט חינם,no,"בן יהודה 5, שדרות, Israel",,no,dist=132m name=0.00 needs-review
1434,flagged,0.7,1.000,428,הפינה של אילן,הפינה של אילן נתיבות,no,"יוסף סמלו 201, נתיבות, Israel",,no,dist=428m name=1.00 needs-review
1435,no_match,0.2,0.000,1483,קפה קפה,קפה רות,no,"שד' התמרים, אילת, Israel",,no,dist=1483m name=0.00 no-match
1436,flagged,0.7,1.000,371,טריפוליטנה,טריפוליטנה,no,"החלוץ 120, באר שבע, Israel",,no,dist=371m name=1.00 needs-review
1437,flagged,0.7,1.000,298,פיצה מוצרלה,פיצה מוצרלה,no,"רחבעם זאבי 4, אשקלון, Israel",,no,dist=298m name=1.00 needs-review
1438,no_match,0.2,0.500,1485,New Deli ניו דלי אשדוד,ניודלי Newdeli,no,"שד' מנחם בגין 1, מרכז צימר אשדוד, Israel",,no,dist=1485m name=0.50 no-match
1439,verified,0.88,1.000,183,ג'אפן ג'אפן מצפה רמון,גאפן גאפן,yes,"שד' בן גוריון 2, מצפה רמון, Israel","מתחם אבן דרך, Sderot David Ben Gurion 2, Mitzpe Ramon, Israel",yes,dist=183m name=1.00 near+name
1440,no_match,0.2,0.545,17849,פלאפל משיח ניסים,פלאפל צנעני,no,"שד' בן גוריון 25, אשקלון, Israel",,no,dist=17849m name=0.55 no-match
1441,no_match,0.2,0.000,453,פיצה העמק,easy pizza - איזי פיצה,no,"מורדי הגטאות 4, אשדוד, Israel",,no,dist=453m name=0.00 no-match
1442,no_match,0.2,0.571,634,אטמוספרה,Atmosphera,no,"ז'בוטינסקי 29, אשדוד, Israel",,no,dist=634m name=0.57 no-match
1443,no_match,0.2,0.200,294,א.ב שרותי מזון,מיני בית,no,"המלך שאול 28, באר שבע, Israel",,no,dist=294m name=0.20 no-match
1444,no_match,0.2,1.000,2126,קמפאי סטריט ווק,Kampai Street Wok - קמפאי סטריט ווק,no,"גור דב 13, אשדוד, Israel",,no,dist=2126m name=1.00 no-match
1445,no_match,0.2,0.185,2170,אצל קמילו,"מריולו - אוכל ביתי חם וטרי בכל יום, בשישי ולאירועים",no,"אשקלון, Israel",,no,dist=2170m name=0.19 no-match
1446,flagged,0.6,0.250,67,האומן 9,Haoman 9- Coffee Confectionery,no,"האומן 9, אילת, Israel",,no,dist=67m name=0.25 proximity-name-mismatch
1447,flagged,0.7,0.667,704,קפטן בורגר אילת,קפטן בורגר Captain Burger,no,"אילת, Israel",,no,dist=704m name=0.67 needs-review
1449,flagged,0.6,0.100,31,עץ הזית,Olive Tree Restaurant,no,"המנוף 9, באר שבע, Israel",,no,dist=31m name=0.10 proximity-name-mismatch
1450,no_match,0.2,0.429,311,בורגראנץ' אשקלון,Burgeranch,no,"דרך אליהו נאוי 12, ביג באר שבע, Israel",,no,dist=311m name=0.43 no-match
1451,flagged,0.7,0.667,597,מסעדת ללו,Lalo's restaurant,no,"חורב 259, אילת, Israel",,no,dist=597m name=0.67 needs-review
1452,verified,0.88,1.000,81,פושטק,פושטק,yes,"הרצל 5, אשקלון, Israel","בית פרנק, Hertsel 5, Ashkelon, Israel",yes,dist=81m name=1.00 near+name
1453,no_match,0.2,0.217,463,Black & White סנדוויץ' בר טורטייה,מקסיקו 70 - טורטיה ומקסיקני בשדרות,no,"ככר הנשיא 7, שדרות, Israel",,no,dist=463m name=0.22 no-match
1454,verified,0.88,1.000,211,ארומה,Aroma Espresso Bar ארומה אספרסו בר,yes,"ככר פז 3, קריית גת, Israel","שדרות לכיש קניון לב העיר, Kiryat Gat, 8201816, Israel",yes,dist=211m name=1.00 near+name
1455,flagged,0.4,0.667,1742,מסעדת ספרא,safra,no,"יוסף הבורסקאי 18, באר שבע, Israel",,no,dist=1742m name=0.67 business=CLOSED_PERMANENTLY (non-operational)
1456,no_match,0.2,0.500,1311,שיפודי אילת,שיפודי איצ'י - Shipudey Itchi,no,"קאמפן 8, אילת, Israel",,no,dist=1311m name=0.50 no-match
1458,verified,0.88,1.000,202,בית הסנדוויץ הטוניסאי,בית הסנדוויץ הטוניסאי,yes,"הזית 56, קריית גת, Israel","Ha-Zayit St 56, Kiryat Gat, Israel",yes,dist=202m name=1.00 near+name
1459,flagged,0.7,1.000,456,מטעמי רוימי,מטעמי רוימי,no,"ירוחם, Israel",,no,dist=456m name=1.00 needs-review
1460,flagged,0.6,0.200,49,גותה,שדרות,no,"הדגל 4, שדרות, Israel",,no,dist=49m name=0.20 proximity-name-mismatch
1461,flagged,0.4,1.000,82,תבשילי העמק,תבשילי העמק,no,"הפועלים 16, באר שבע, Israel",,no,dist=82m name=1.00 business=CLOSED_PERMANENTLY (non-operational)
1462,verified,0.88,1.000,208,המקום של ניב,המקום של ניב,yes,"ההסתדרות 40, קניון לב אשקלון, Israel","Ha-Histadrut St 40, Ashkelon, Israel",yes,dist=208m name=1.00 near+name
1463,verified,0.95,1.000,14,השיפוד והמנגל,השיפוד והמנגל אשדוד,yes,"חטיבת כרמלי 20, אשדוד, Israel","Hativat Carmeli St 3, Ashdod, Israel",yes,dist=14m name=1.00 close-proximity
1464,no_match,0.2,0.000,1657,גוונים בקפה,Shades Cafe,no,"נוה שלום 32, אשקלון, Israel",,no,dist=1657m name=0.00 no-match
1465,flagged,0.7,0.111,219,מקדונלד'ס,גבטו- קרית גת,no,"ככר פז 3, קריית גת, Israel",,no,dist=219m name=0.11 needs-review
1466,verified,0.95,1.000,28,Bar Bakery,בייקרי בר- Bakery Bar,yes,"אייר 6, אשקלון, Israel","Iyar St 6, Ashkelon, Israel",yes,dist=28m name=1.00 close-proximity
1467,flagged,0.7,1.000,344,המטבח המרוקאי אשדוד,המטבח,no,"הראשונים 3, אשדוד, Israel",,no,dist=344m name=1.00 needs-review
1468,no_match,0.2,0.167,831,קפה קפה,קפה הילי | Hilly Cafe,no,"דרך מנחם בגין, שדרות, Israel",,no,dist=831m name=0.17 no-match
1469,no_match,0.2,1.000,3627,קייטרינג שף,הסכין והקרש-שף פרטי-עדי אליהו-קייטרינג- באר שבע,no,"באר שבע, Israel",,no,dist=3627m name=1.00 no-match
1470,no_match,0.2,0.700,3649,שניצל פלייס,Schnitzel Place,no,"אשדוד, Israel",,no,dist=3649m name=0.70 no-match
1471,verified,0.95,1.000,62,"מאפיית איכות חורי בע""מ","מאפיית איכות חורי בע""מ",yes,"הרצל 33, שדרות, Israel","מול בנק הפועלים, הרצל 33, שדרות, Israel",yes,dist=62m name=1.00 close-proximity
1472,no_match,0.2,0.647,2580,אולמי פרדייז,אולם בוטיק פרדייז,no,"שלזינגר 1, נמל אשדוד, Israel",,no,dist=2580m name=0.65 no-match
1473,no_match,0.2,1.000,2577,קיארה,קיארה לאונג׳ בר Kiara Lounge Bar,no,"קטינקא ברוך 2, באר שבע, Israel",,no,dist=2577m name=1.00 no-match
1474,flagged,0.4,1.000,704,מיטל,מיטל מטבח בריא,no,"ככר הנשיא 10, שדרות, Israel",,no,dist=704m name=1.00 business=CLOSED_PERMANENTLY (non-operational)
1475,no_match,0.2,0.500,696,פלאפל צנעני,פלאפל כרמי סטאר סנטר אשדוד,no,"ז'בוטינסקי 45, סטאר סנטר, אשדוד, Israel",,no,dist=696m name=0.50 no-match
1476,no_match,0.2,0.667,3051,שניצל סאן,שניצל בוארון,no,"רחבעם זאבי 4, אשקלון, Israel",,no,dist=3051m name=0.67 no-match
1477,verified,0.88,0.692,159,קריולו בוטיק,קריולו - מטבח איטלקי 🍝,no,"קק""ל 26, באר שבע, Israel","Kakal St 75, Be'er Sheva, Israel",yes,dist=159m name=0.69 near+name
1479,no_match,0.2,0.294,1234,הבורקס הטורקי האורגינל,Turkish Original Burekas,no,"הפועלים 5, דימונה, Israel",,no,dist=1234m name=0.29 no-match
1480,verified,0.95,0.800,52,רולדין,Roladin,no,"מח""ל 1, אשקלון, Israel","המח""ל 1, Ashkelon, Israel",yes,dist=52m name=0.80 close-proximity
1481,no_match,0.2,0.000,401,טוריקס,Yosef Samelo St 78,no,"יוסף סמלו 78, נתיבות, Israel",,no,dist=401m name=0.00 no-match
1482,flagged,0.4,1.000,803,צ'יף בורגר,צ'יף בורגר אילת - כשר למהדרין,no,"שד' יעלים 14, אילת, Israel",,no,dist=803m name=1.00 business=CLOSED_PERMANENTLY (non-operational)
1483,no_match,0.2,0.333,1124,מפגש השייח',בית הסביח,no,"שד' התמרים 133, אילת, Israel",,no,dist=1124m name=0.33 no-match
1485,flagged,0.4,0.182,1003,פינת הלב הרחב,Halev Ha'rahav Cornet,no,"המלך שאול 109, באר שבע, Israel",,no,dist=1003m name=0.18 business=CLOSED_PERMANENTLY (non-operational)
1486,flagged,0.7,1.000,871,אופוריה מסעדה חלבית,פיצה אופוריה,no,"שד' ירושלים 430, נתיבות, Israel",,no,dist=871m name=1.00 needs-review
1487,verified,0.88,0.600,197,שיפודים גריל ישראלי,שיפוד הזהב,no,"ככר צפניה 4, אשקלון, Israel","Sderot David Ben Gurion 25, Ashkelon, Israel",yes,dist=197m name=0.60 near+name
1488,no_match,0.2,0.333,990,Cofizz,Coffee Coffee,no,"נתיבות, Israel",,no,dist=990m name=0.33 no-match
1489,flagged,0.4,0.636,147,חזן מרכז השווארמה,Hazan shawarma Center,no,"הרצל 20, שדרות, Israel",,no,dist=147m name=0.64 business=CLOSED_PERMANENTLY (non-operational)
1490,flagged,0.7,1.000,456,רוניתא,קייטרינג רוניתא | קייטרינג בשרי וחלבי,no,"מדרשת בן גוריון, Israel",,no,dist=456m name=1.00 needs-review
1491,flagged,0.7,0.667,839,ביגה,Biga,no,"שד' דוד טוביהו 125, באר שבע, Israel",,no,dist=839m name=0.67 needs-review
1492,no_match,0.2,1.000,2766,המאפה הצרפתי,המאפה הצרפתי,no,"שד' ירושלים 29, נתיבות, Israel",,no,dist=2766m name=1.00 no-match
1493,flagged,0.7,1.000,349,צ'נה אילת,ביאנקה (מסעדה כשרה באילת - לשעבר צ'נה אילת),no,"קאמן 17, אילת, Israel",,no,dist=349m name=1.00 needs-review
1494,verified,0.95,1.000,59,השיפודיה,השיפודיה,yes,"אוסלו 6, שדרות, Israel","Oslo St 6, Sderot, Israel",yes,dist=59m name=1.00 close-proximity
1495,verified,0.95,1.000,52,ארומה,Aroma Espresso Bar ארומה אספרסו בר,yes,"פרץ סנטר 1, פרץ סנטר דימונה, Israel","קניון פרץ סנטר, דימונה, Israel",yes,dist=52m name=1.00 close-proximity
1496,flagged,0.7,1.000,821,טעמים,מסעדת טעמים,no,"המדע 35, נמל אשדוד, Israel",,no,dist=821m name=1.00 needs-review
1497,flagged,0.6,0.125,29,השניצליה,Peretz Center Mall,no,"פרץ סנטר, דימונה, Israel",,no,dist=29m name=0.13 proximity-name-mismatch
1498,no_match,0.2,0.500,348,סנדביץ בר,sandwich bar,no,"כנרת 5, אשדוד, Israel",,no,dist=348m name=0.50 no-match
1499,verified,0.88,1.000,202,סומבררו,סומבררו נתיבות,yes,"יוסף סמלו 42, נתיבות, Israel","Yosef Samelo St 42, Netivot, 8020000, Israel",yes,dist=202m name=1.00 near+name
1500,flagged,0.7,0.625,814,בורגראנץ',Burgeranch,no,"הנגרים 14, באר שבע, Israel",,no,dist=814m name=0.63 needs-review
1501,flagged,0.7,1.000,407,קאסה,קאסה - CASA - Lounge Bar & Restaurant,no,"המלאכה 26, דימונה, Israel",,no,dist=407m name=1.00 needs-review
1502,flagged,0.4,1.000,257,פיצה פצץ,פיצה פצץ קרית גת,no,"הזית 41, קריית גת, Israel",,no,dist=257m name=1.00 business=CLOSED_PERMANENTLY (non-operational)
1504,no_match,0.2,0.636,1897,הירושלמי,חומוס ירושלמי,no,"העמל 41, נמל אשדוד, Israel",,no,dist=1897m name=0.64 no-match
1505,flagged,0.4,1.000,573,שווארמת השמן,השמן,no,"ז'בוטינסקי 43, סטאר סנטר, אשדוד, Israel",,no,dist=573m name=1.00 business=CLOSED_PERMANENTLY (non-operational)
1506,no_match,0.2,1.000,2761,בורגר גריל בר,בורגר סטיישן אשקלון BURGER STATION ASHKELON,no,"ביאליק 55, אשקלון, Israel",,no,dist=2761m name=1.00 no-match
1507,verified,0.88,1.000,116,פיצה בלה,פיצה בלה אשדוד,yes,"חיים משה שפירא 22, אשדוד, Israel","Haim Moshe Shapira St 22, Ashdod, Israel",yes,dist=116m name=1.00 near+name
1508,flagged,0.7,0.333,223,פיצה חיון,Pizza Hut,no,"בעלי המלאכה 17, צים סנטר נתיבות, Israel",,no,dist=223m name=0.33 needs-review
1509,flagged,0.4,1.000,457,טאץ' בורגר,טאצ׳ בורגר,no,"יוסף סמלו 9, נתיבות, Israel",,no,dist=457m name=1.00 business=CLOSED_PERMANENTLY (non-operational)
1510,flagged,0.4,1.000,1790,פיצה פרגו,פרגו פיצה בבאר שבע,no,"אפרים 112, באר שבע, Israel",,no,dist=1790m name=1.00 business=CLOSED_TEMPORARILY (non-operational)
1511,no_match,0.2,0.286,713,יקוטה,גאטוס בחאן,no,"הרצל 5, אשקלון, Israel",,no,dist=713m name=0.29 no-match
1513,flagged,0.6,0.118,3,e talya,בית מרקחת תל חי (מאושר קנאביס),no,"שדרות תל חי 63, אשדוד, Israel",,no,dist=3m name=0.12 proximity-name-mismatch
1514,verified,0.95,1.000,33,פיצה המרכזית,פיצה המרכזית,yes,"יצחק בן צבי 4, קניון הנגב, Israel","תחנה מרכזית, Beersheba, Israel",yes,dist=33m name=1.00 close-proximity
1515,flagged,0.7,0.800,358,ביג אפל פיצה,Big Apple Pizza,no,"שד' התמרים 45, אילת, Israel",,no,dist=358m name=0.80 needs-review
1516,flagged,0.6,0.118,48,פינה קוזינה,קובה בר באר שבע KUBA,no,"התקווה 11, באר שבע, Israel",,no,dist=48m name=0.12 proximity-name-mismatch
1517,verified,0.95,0.500,68,אננייה מטבח אתיופי אותנטי,אנניה,no,"שפינוזה 7, אשקלון, Israel","Shpinoza St 7, Ashkelon, Israel",yes,dist=68m name=0.50 close-proximity
1518,no_match,0.2,1.000,90361,סול דאנס בר,Sol Dance Academy - סול דאנס אקדמי,no,"יוסף סמלו 303, נתיבות, Israel",,no,dist=90361m name=1.00 no-match
1519,flagged,0.4,0.600,274,השניצליה ערד,Hashnitzeliya,no,"שמיר 11, צים סנטר ערד, Israel",,no,dist=274m name=0.60 business=CLOSED_PERMANENTLY (non-operational)
1520,no_match,0.2,1.000,1862,קפה הילה,קפה הילה,no,"אשדוד, Israel",,no,dist=1862m name=1.00 no-match
1521,flagged,0.7,1.000,338,פיצה פומודורי,פיצה פומודורי,no,"כנרת 5, אשדוד, Israel",,no,dist=338m name=1.00 needs-review
1522,verified,0.88,0.667,154,שווארמה הפינה אקספרס נתיבות,הפינה של אילן נתיבות,no,"רבי עקיבא, נתיבות, Israel","Yosef Samelo St 201, Netivot, Israel",yes,dist=154m name=0.67 near+name
1523,flagged,0.4,1.000,165,סין צ'אן אשקלון,סין צ'אן אשקלון,no,"רחבעם זאבי 4, אשקלון, Israel",,no,dist=165m name=1.00 business=CLOSED_PERMANENTLY (non-operational)
1524,no_match,0.2,0.286,1272,דרך האוכל,"ד""ר שניצל - שדרות",no,"שדרות, Israel",,no,dist=1272m name=0.29 no-match
1525,flagged,0.7,1.000,988,דודא לפיצה,דודא לפיצה,no,"אלי כהן 42, אשקלון, Israel",,no,dist=988m name=1.00 needs-review
1526,verified,0.88,1.000,86,פיצה סמילנו,פיצה סמילנו,yes,"יהודה הלוי 36, אשקלון, Israel","Yehuda Halevi St 36, Ashkelon, Israel",yes,dist=86m name=1.00 near+name
1527,verified,0.88,1.000,123,טופ בורגר י,טופ בורגר,yes,"צה""ל 23, אשקלון, Israel","Tsahal St 23, Ashkelon, Israel",yes,dist=123m name=1.00 near+name
1528,no_match,0.2,0.182,1483,קונדיטורית הטעם,Dudu Outmezgine,no,"העמל 17, נמל אשדוד, Israel",,no,dist=1483m name=0.18 no-match
1529,verified,0.88,1.000,124,קונדיטוריית דובדבן,קונדיטוריית דובדבן,yes,"שד' הרצל 110, דימונה, Israel","Sderot Herzl 30, Dimona, Israel",yes,dist=124m name=1.00 near+name
1530,no_match,0.2,0.263,1519,לה שיפוד,שיפודאלי- חווית בשר יוקרתית,no,"מ""ד המעפילים 4, דימונה, Israel",,no,dist=1519m name=0.26 no-match
1531,verified,0.95,1.000,71,בית מאפה אללוף,בית מאפה אללוף חיים,yes,"בורנשטיין 96, ירוחם, Israel","Tsvi Bornstein St 96, Yeruham, Israel",yes,dist=71m name=1.00 close-proximity
1532,verified,0.95,1.000,59,פיצה פלא,פיצה פלא,yes,"אבן עזרא 23, אשדוד, Israel","Moshe Ibn Ezra St 23, Ashdod, 7762226, Israel",yes,dist=59m name=1.00 close-proximity
1533,no_match,0.2,1.000,1736,בי בי בי,BBB,no,"דרך הדרום 3, קריית גת, Israel",,no,dist=1736m name=1.00 no-match
1534,flagged,0.4,0.000,2868,cofix,קופיקס,no,"שד' ירושלים 17, נתיבות, Israel",,no,dist=2868m name=0.00 business=CLOSED_PERMANENTLY (non-operational)
1536,no_match,0.2,0.100,425,LUIGI קפה סיגל,Bialik 26,no,"ביאליק 5, באר שבע, Israel",,no,dist=425m name=0.10 no-match
1537,verified,0.88,1.000,250,מאפיית ארץ הצבי,מאפיית ארץ הצבי,yes,"בעלי המלאכה 17, צים סנטר נתיבות, Israel","Ba'alei ha-Melakha St 17, Netivot, Israel",yes,dist=250m name=1.00 near+name
1538,no_match,0.2,0.125,810,קפה קפה,Heihal HaTarbut,no,"הנשיא 82, אשקלון, Israel",,no,dist=810m name=0.13 no-match
1539,no_match,0.2,0.000,84976,בנדורה,Eli Cohen St 1,no,"אלי כהן 1, צומת שוקת, Israel",,no,dist=84976m name=0.00 no-match
1540,verified,0.88,0.500,103,פיצה עגבניה,Pizza Agvania,no,"חיל הנדסה 1, מרכז בי 7 באר שבע, Israel","מתחם ביג, חיל ההנדסה 1, באר שבע, Israel",yes,dist=103m name=0.50 near+name
1541,no_match,0.2,0.200,653,אלדו,Azrieli Mall Hayam,no,"דרך פעמי השלום 17, אילת, Israel",,no,dist=653m name=0.20 no-match
1542,flagged,0.6,0.000,29,cofix,Peretz Center Mall,no,"פרץ סנטר דימונה, Israel",,no,dist=29m name=0.00 proximity-name-mismatch
1543,verified,0.88,1.000,96,בית מאפה חושן ברכת הכוהנים,בית מאפה חושן,yes,"דוד ניב 26, באר שבע, Israel","David Niv St 26, Be'er Sheva, Israel",yes,dist=96m name=1.00 near+name
1544,no_match,0.2,0.500,1033,טולום ביץ',Tulum Beach / חוף טולום (מסעדה בשרית כשר),no,"דרך פעמי השלום 10, אילת, Israel",,no,dist=1033m name=0.50 no-match
1545,no_match,0.2,0.500,3593,פיצה ברכת השם,פיצה ברכה,no,"בלפור 22, אשדוד, Israel",,no,dist=3593m name=0.50 no-match
1546,no_match,0.2,0.000,255,מיקספורט,David Remez St 19,no,"רמז דוד 19, אשקלון, Israel",,no,dist=255m name=0.00 no-match
1547,verified,0.95,0.583,71,בוטיק הפיצה,"בוטיק הפיתה סניף רובע י""ג",no,"המלך דוד 20, אשדוד, Israel","David HaMelech St 20, Ashdod, Israel",yes,dist=71m name=0.58 close-proximity
1549,no_match,0.2,0.455,1529,שווארמה האחים,פלאפל ושווארמה הירוק השלום 48,no,"דרך השלום 48, באר שבע, Israel",,no,dist=1529m name=0.45 no-match
1550,no_match,0.2,0.538,679,אלוף הפלאפל והפול,הפלאפל של שרון,no,"הרצל 12, אשקלון, Israel",,no,dist=679m name=0.54 no-match
1551,flagged,0.4,1.000,1817,איזאקאיה,איזאקאיה,no,"הרצל 29, באר שבע, Israel",,no,dist=1817m name=1.00 business=CLOSED_PERMANENTLY (non-operational)
1552,verified,0.88,1.000,79,ניחוחות הטעם,קייטרינג ניחוחות הטעם,yes,"תלמי ביל""ו, Israel","Talmei Bilu, Israel",yes,dist=79m name=1.00 near+name
1553,flagged,0.7,1.000,528,שווראמה כחלון,שווארמה כחלון,no,"יוסף סמלו, נתיבות, Israel",,no,dist=528m name=1.00 needs-review
1554,flagged,0.7,0.444,147,התימני השווארמה והפלאפל,The Yemeni Shawarma and Tortilla,no,"גרשון שופמן 17, באר שבע, Israel",,no,dist=147m name=0.44 needs-review
1555,verified,0.95,1.000,24,בית העגל,מסעדת בית העגל בוואן פלזה ב״ש,yes,"שד' יצחק רגר 2, קניון הנגב, Israel","Yitshak Nafha St 25, Be'er Sheva, Israel",yes,dist=24m name=1.00 close-proximity
1556,flagged,0.7,0.000,146,פוקצ'ה,Fucaccia,no,"אנפה 1, אילת, Israel",,no,dist=146m name=0.00 needs-review
1557,no_match,0.2,1.000,1215,רוקפור,מסעדת רוקפור דימונה,no,"הפועלים 5, דימונה, Israel",,no,dist=1215m name=1.00 no-match
1558,flagged,0.7,0.800,1018,בליקר בייקרי,Bleecker Bakery,no,"שד' דוד טוביהו 125, באר שבע, Israel",,no,dist=1018m name=0.80 needs-review
1559,verified,0.88,1.000,128,פלאפל מיטל,פלאפל אסולין מיטל- סניף הרכבת,yes,"יצחק בן צבי 1, תחנה מרכזית באר שבע, Israel","Yitshak Ben Zvi St 1, Be'er Sheva, Israel",yes,dist=128m name=1.00 near+name
1560,flagged,0.7,1.000,770,בליקר בייקרי,בליקר בייקרי קריית גת,no,"דרך הדרום 20, קריית גת, Israel",,no,dist=770m name=1.00 needs-review
1562,verified,0.95,0.667,30,לוטי רול,Loti-Roll,no,"בני ישראל 6, אילת, Israel","Bnei Yisra'el St 6, Eilat, Israel",yes,dist=30m name=0.67 close-proximity
1563,flagged,0.7,1.000,645,פרנקו,פרנקו אשקלון - מסעדה חלבית,no,"הרצל 30, אשקלון, Israel",,no,dist=645m name=1.00 needs-review
1564,verified,0.88,0.571,181,פיצה בורו פארק,Pizza Borough Park,no,"שלמה בן יוסף 27, אשדוד, Israel","Shlomo Ben Yosef St 27, Ashdod, Israel",yes,dist=181m name=0.57 near+name
1565,flagged,0.7,0.636,759,שניצל דהן,שניצל בוארון,no,"הרצל 12, אשקלון, Israel",,no,dist=759m name=0.64 needs-review
1566,flagged,0.7,0.667,922,הולנד צ'יפס,Holland Chips,no,"רוגוזין 72, אשדוד, Israel",,no,dist=922m name=0.67 needs-review
1567,no_match,0.2,0.000,255,הפלנצ'ה,בגחלים,no,"שד' העצמאות 42, קריית גת, Israel",,no,dist=255m name=0.00 no-match
1568,flagged,0.6,0.231,25,אבא'לה,רינגלבלום 13 בר מסעדה כשר באר שבע,no,"רינגלבלום 10, באר שבע, Israel",,no,dist=25m name=0.23 proximity-name-mismatch
1569,flagged,0.4,1.000,997,אליזבת איטלקיה אמיתית,אליזבת איטלקיה אמיתית אשקלון,no,"התענך 2, אשקלון, Israel",,no,dist=997m name=1.00 business=CLOSED_TEMPORARILY (non-operational)
1570,flagged,0.7,1.000,672,אגדה מזרחית,מסעדת בשרים אגדה מזרחית,no,"שד' יגאל אלון 23, דימונה, Israel",,no,dist=672m name=1.00 needs-review
1571,flagged,0.7,1.000,338,הפינה החמה באר שבע,הפינה החמה,no,"קק""ל 2, באר שבע, Israel",,no,dist=338m name=1.00 needs-review
1572,flagged,0.7,0.333,219,מאק בורגר,גבטו- קרית גת,no,"שד' לכיש 33, קריית גת, Israel",,no,dist=219m name=0.33 needs-review
1573,no_match,0.2,0.500,1979,ארומה,Aroma,no,"הסתת 20, ביג אילת, Israel",,no,dist=1979m name=0.50 no-match
1574,no_match,0.2,0.429,27459,קפה עלית-אספרסו בר,Cafe Elite Stand,no,"סיני, נתיבות, Israel",,no,dist=27459m name=0.43 no-match
1575,no_match,0.2,0.333,676,פנינת המזרח,Peretz Center Mall,no,"המלאכה 33, דימונה, Israel",,no,dist=676m name=0.33 no-match
1576,flagged,0.7,1.000,1197,מאפיית גיל,מאפית גיל,no,"המחוגה 30, אשקלון, Israel",,no,dist=1197m name=1.00 needs-review
1577,no_match,0.2,0.167,976,סטייק וואן,Butchery,no,"יוסף הבורסקאי 18, באר שבע, Israel",,no,dist=976m name=0.17 no-match
1578,flagged,0.7,0.091,242,שיפודי הבוסתן,Ranch House,no,"דרך פעמי השלום 23, טיילת רויאל ביץ', אילת, Israel",,no,dist=242m name=0.09 needs-review
1579,no_match,0.2,0.200,339,חומוס full,הפלאפל של שרון,no,"הרצל 86, אשקלון, Israel",,no,dist=339m name=0.20 no-match
1580,no_match,0.2,0.400,785,פלאפל כיד המלך,פלאפל מכל הלב נתיבות,no,"הרמב""ם 1, מרכז מסחרי נתיבות, Israel",,no,dist=785m name=0.40 no-match
1581,verified,0.88,1.000,140,הדרומית,הדרומית - מסעדת בשרים כשרה,yes,"אלקיים ניסים 4, באר שבע, Israel","מתחם ישפרו סנטר, Tsvi Taub 1, Beersheba, 8488584, Israel",yes,dist=140m name=1.00 near+name
1582,verified,0.95,1.000,63,שווארמה אשקלון,שווארמה אשקלון,yes,"הגבורה 5, אשקלון, Israel","Ha-Gvura St 7, Ashkelon, Israel",yes,dist=63m name=1.00 close-proximity
1583,verified,0.88,1.000,171,המזנון של ישראל,המזנון של ישראל אילת,yes,"התבונה 14, אילת, Israel","HaTvuna St 14, Eilat, Israel",yes,dist=171m name=1.00 near+name
1584,no_match,0.2,1.000,187120,מקדונלד'ס,מקדונלד'ס - ביג אילת (כשר),no,"הסתת 20, ביג אילת, Israel",,no,dist=187120m name=1.00 no-match
1585,flagged,0.4,1.000,1394,אלוף השווארמה,אלוף השווארמה,no,"אשדוד, Israel",,no,dist=1394m name=1.00 business=CLOSED_PERMANENTLY (non-operational)
1586,flagged,0.6,0.158,62,המטבח של איציק,בלנקו פטיסרי - אורטל בן סימון,no,"הבנאי 1, אילת, Israel",,no,dist=62m name=0.16 proximity-name-mismatch
1587,verified,0.88,1.000,87,גאטוס,גאטוס מסעדה איטלקית,yes,"בת גלים 1, אשקלון, Israel","Bat Galim St, Ashkelon, Israel",yes,dist=87m name=1.00 near+name
1588,flagged,0.4,0.000,221805,cofix,קופיקס שדרות,no,"ככר הנשיא 10, שדרות, Israel",,no,dist=221805m name=0.00 business=CLOSED_PERMANENTLY (non-operational)
1589,flagged,0.4,1.000,1736,אצה,אצה,no,"דרך הדרום 3, קריית גת, Israel",,no,dist=1736m name=1.00 business=CLOSED_PERMANENTLY (non-operational)
1590,flagged,0.7,1.000,461,סינטה,סינטה,no,"האורגים 9, טופ סנטר אשדוד, Israel",,no,dist=461m name=1.00 needs-review
1591,verified,0.95,0.750,70,מקדונלד'ס,McDonald's,no,"שד' יגאל אלון 31, דימונה, Israel","פרץ סנטר - אזור תעשיה דרומי, Dimona, Israel",yes,dist=70m name=0.75 close-proximity
1592,verified,0.95,1.000,30,מלך השווארמה,מלך השווארמה,yes,"צה""ל 3, אשקלון, Israel","Tsahal St 3, Ashkelon, Israel",yes,dist=30m name=1.00 close-proximity
1593,no_match,0.2,0.167,462,פיצלה,פיצה מונטיפיורי באר שבע,no,"דרך המשחררים 29, באר שבע, Israel",,no,dist=462m name=0.17 no-match
1594,no_match,0.2,0.500,1115,אליקו קייטרינג גורמה,קייטרינג השף,no,"שד' הפרחים 9, אשדוד, Israel",,no,dist=1115m name=0.50 no-match
1595,flagged,0.7,1.000,523,פלאפל רץ,פלאפל רץ,no,"העבודה 14, אשקלון, Israel",,no,dist=523m name=1.00 needs-review
1597,flagged,0.4,1.000,422,פיצה האט,פיצה האט - אשדוד - סטאר סנטר,no,"ז'בוטינסקי 45, סטאר סנטר, אשדוד, Israel",,no,dist=422m name=1.00 business=CLOSED_PERMANENTLY (non-operational)
1598,no_match,0.2,0.400,621,בוצ'רוס,פינת אור ועושר,no,"קריית גת, Israel",,no,dist=621m name=0.40 no-match
1599,flagged,0.4,1.000,35,מעורב ירוחמי ירוחם,מעורב ירוחמי,no,"ההדסים 95, ירוחם, Israel",,no,dist=35m name=1.00 business=CLOSED_PERMANENTLY (non-operational)
1600,verified,0.88,0.625,83,ממוס אוכל תוניסאי,Mamos Tunisian restaurant,no,"הנגרים 12, באר שבע, Israel","HaNagarim St 12, Be'er Sheva, Israel",yes,dist=83m name=0.63 near+name
1601,verified,0.88,1.000,157,המבורגסה,המבורגסה,yes,"הבנאים 1, נמל אשדוד, Israel","HaOrgim St 12, Ashdod, Israel",yes,dist=157m name=1.00 near+name
1602,no_match,0.2,,,קייטרינג ציון,,no,"מש' קיפוד 3, באר שבע, Israel",,no,no-candidate
1603,flagged,0.7,1.000,901,פיצה שומי גרנד קניון ב''ש,שומי,no,"שד' דוד טוביהו 125, באר שבע, Israel",,no,dist=901m name=1.00 needs-review
1604,flagged,0.4,0.222,9929,אלדין בשדרה,Aladdin Avenue,no,"מרטין בובר 1, אשדוד, Israel",,no,dist=9929m name=0.22 business=CLOSED_TEMPORARILY (non-operational)
1605,flagged,0.4,1.000,119,שווארמה פאשה אשקלון,שווארמה פאשה אשקלון,no,"ברל כצנלסון 13, אשקלון, Israel",,no,dist=119m name=1.00 business=CLOSED_PERMANENTLY (non-operational)
1606,no_match,0.2,0.571,354,לה בריוש,La Brioche,no,"רוגוזין 27, אשדוד, Israel",,no,dist=354m name=0.57 no-match
1608,no_match,0.2,0.100,421,שיפודי פינוקיו,המרגיע,no,"אדר 4, אשדוד, Israel",,no,dist=421m name=0.10 no-match
1609,no_match,0.2,0.111,619,לבריאות,Sderot Lachish 1,no,"שד' לכיש 1, קריית גת, Israel",,no,dist=619m name=0.11 no-match
1610,no_match,0.2,0.273,267,איסטנבילו,Lev Ashdod Mall/Yehuda Halevi,no,"יהודה הלוי, קניון לב אשדוד, Israel",,no,dist=267m name=0.27 no-match
1611,verified,0.95,0.375,9,קפה גרג,Greg coffee Kiryat Haim,no,"דרך פעמי השלום 19, קניון מלכת שבא, אילת, Israel","Sderot Achi Eilat 20, Haifa, Israel",yes,dist=9m name=0.38 close-proximity
1612,flagged,0.7,1.000,746,קראנצ'ו,קראנצו טורטיה אשקלון,no,"צפניה 7, אשקלון, Israel",,no,dist=746m name=1.00 needs-review
1613,verified,0.95,0.889,6,באגט בגגט,באגט באגט,yes,"הצאלה 54, דימונה, Israel","Ha-Tse'ela St 54, Dimona, Israel",yes,dist=6m name=0.89 close-proximity
1614,no_match,0.2,0.150,2054,ביסטרו 30,גוד בורגר Good Burger - נווה זאב,no,"שד' יוהנה ז'בוטינסקי 30, באר שבע, Israel",,no,dist=2054m name=0.15 no-match
1615,flagged,0.7,1.000,507,השיפודיה של בבר,השיפודיה של בבר,no,"יוסף סמלו, נתיבות, Israel",,no,dist=507m name=1.00 needs-review
1616,no_match,0.2,0.200,908,צ'וקה,Chooka,no,"שד' דוד טוביהו 125, באר שבע, Israel",,no,dist=908m name=0.20 no-match
1617,flagged,0.7,1.000,690,"""מרכז הפיתה""",מאפיית מרכז הפיתה,no,"דימונה, Israel",,no,dist=690m name=1.00 needs-review
1618,flagged,0.4,1.000,208,פיצה דון פדרו- אשדוד,פיצה דון פדרו אשדוד pizza don pedro,no,"שבט לוי 14, אשדוד, Israel",,no,dist=208m name=1.00 business=CLOSED_PERMANENTLY (non-operational)
1619,flagged,0.6,0.167,61,פסגת הטעמים,David HaMelech Street,no,"המלך דוד 70, דימונה, Israel",,no,dist=61m name=0.17 proximity-name-mismatch
1620,verified,0.88,1.000,88,בוטרא,בוטרא - שוארמה רובע י'ב אשדוד,yes,"אדר 4, אשדוד, Israel","Adar St 4, Ashdod, Israel",yes,dist=88m name=1.00 near+name
1621,flagged,0.7,1.000,379,מסעדת הפרה,הפרה,no,"מבצע נחשון 60, באר שבע, Israel",,no,dist=379m name=1.00 needs-review
1622,verified,0.95,0.308,28,בטעם של קובי,Bataam Shel Kobi Catering,no,"החרש 11, אילת, Israel","HaHarash St 11, Eilat, Israel",yes,dist=28m name=0.31 close-proximity
1623,flagged,0.7,1.000,928,מאמא פיצה,מאמא פיצה,no,"אלי כהן 46, אשקלון, Israel",,no,dist=928m name=1.00 needs-review
1624,verified,0.88,1.000,158,פיצה שמש,Pizza Shemesh,no,"שד' לכיש 33, קריית גת, Israel","Sderot Lachish 33, Kiryat Gat, Israel",yes,dist=158m name=1.00 near+name
1625,flagged,0.6,0.200,27,החומוס של טחינה,Tahini's Hummus,no,"יוסף בן מתתיהו 70, אוניברסיטת בן-גוריון בנגב, באר שבע, Israel",,no,dist=27m name=0.20 proximity-name-mismatch
1626,no_match,0.2,0.182,427,איילת מבשלת,מדרשת הדרום,no,"נטע, Israel",,no,dist=427m name=0.18 no-match
1627,no_match,0.2,0.333,397,קונופיצה,VIVINO - ויוינו נתיבות,no,"בעלי המלאכה 10, צים סנטר נתיבות, Israel",,no,dist=397m name=0.33 no-match
1629,verified,0.88,0.500,87,גאטוס על המים אשקלון,גאטוס מסעדה איטלקית,no,"בת גלים 1, אשקלון, Israel","Bat Galim St, Ashkelon, Israel",yes,dist=87m name=0.50 near+name
1630,flagged,0.7,0.111,108,המטבח של דרורי,Lotem St 4,no,"לוטם 4, עומר, Israel",,no,dist=108m name=0.11 needs-review
1631,no_match,0.2,0.000,546,טאג'ין,BABBI'S,no,"האורגים 22, נמל אשדוד, Israel",,no,dist=546m name=0.00 no-match
1632,no_match,0.2,0.000,462,מפגש הפלאפל,Falafel Avshi,no,"אנפה 1, אילת, Israel",,no,dist=462m name=0.00 no-match
1633,no_match,0.2,0.045,463,נורדאו 24,Something something Bar - סמטינג סמטינג,no,"נורדאו 24, אשדוד, Israel",,no,dist=463m name=0.05 no-match
1634,no_match,0.2,0.167,1217,פיציריקה,פיצה נתיבות,no,"נתיבות, Israel",,no,dist=1217m name=0.17 no-match
1635,verified,0.95,0.500,61,פיצה שמש דימונה,Shemesh Pizza,no,"מ""ד המעפילים 215, דימונה, Israel","מ""ד המעפילים 215, Dimona, 8610002, Israel",yes,dist=61m name=0.50 close-proximity
1636,no_match,0.2,0.132,1688,טעים לנו,המרענן -קייטרינג חלבי ומגשי אירוח אשדוד,no,"הפלמ""ח 20, אשדוד, Israel",,no,dist=1688m name=0.13 no-match
1637,no_match,0.2,0.500,3374,הפרנה של אמא,Dar de mama המסעדה של אמא,no,"יקינטון 3, אשדוד, Israel",,no,dist=3374m name=0.50 no-match
1638,flagged,0.7,1.000,801,בוצ'רס Butchers,בוצ'רס,no,"הנשיא 4, אשקלון, Israel",,no,dist=801m name=1.00 needs-review
1639,verified,0.95,1.000,13,אושי אושי,אושי אושי אשדוד,yes,"הגדוד העברי 6, קניון סי מול, אשדוד, Israel","קניון סימול, HaGdud Haivri 6, Ashdod, Israel",yes,dist=13m name=1.00 close-proximity
1641,no_match,0.2,0.500,672,הפינה של כולם,שיפודי הפינה,no,"רמז דוד 20, אשקלון, Israel",,no,dist=672m name=0.50 no-match
1642,flagged,0.4,1.000,298,לה קצפת,לה קצפת,no,"הפלמ""ח 20, אשדוד, Israel",,no,dist=298m name=1.00 business=CLOSED_PERMANENTLY (non-operational)
1643,verified,0.95,1.000,29,פאנג'יה,פאנג'יה - Pangea,yes,"הר עודד 5, מצפה רמון, Israel","Mitzpe Ramon, Israel",yes,dist=29m name=1.00 close-proximity
1645,no_match,0.2,0.500,295,בורגרים רמות,רוויס בורגר באר שבע - Revi's burger | סניף רמות,no,"הדעת 6, באר שבע, Israel",,no,dist=295m name=0.50 no-match
1646,verified,0.95,1.000,68,פיצה כמעט חינם,פיצה כמעט חינם,yes,"יוסף סמלו 2, נתיבות, Israel","Yosef Samelo St 44, Netivot, Israel",yes,dist=68m name=1.00 close-proximity
1647,flagged,0.6,0.200,33,שמונה,שף סנוויץ' Eight העיר העתיקה,no,"קק""ל 32, באר שבע, Israel",,no,dist=33m name=0.20 proximity-name-mismatch
1648,no_match,0.2,0.233,1717,שניצל'ה,"שניצל טיים באר שבע | חלות שניצל , מגשי אירוח",no,"יוסף בן מתתיהו 76, אוניברסיטת בן-גוריון בנגב, באר שבע, Israel",,no,dist=1717m name=0.23 no-match
1649,verified,0.88,1.000,101,פיצה דל פיירו,פיצה דל פיירו Pizza Del Piero,yes,"אנפה 1, אילת, Israel","מרכז מור, Anafa 1, Eilat, Israel",yes,dist=101m name=1.00 near+name
1650,flagged,0.4,1.000,342,Pizz stop,Pizz Stop,no,"רותם 17, מרכז מסחרי עומר, Israel",,no,dist=342m name=1.00 business=CLOSED_PERMANENTLY (non-operational)
1651,no_match,0.2,1.000,2053,פיצה ברצ'רומא,פיצה ברצרומא,no,"אליעזר שמואלי 1, באר שבע, Israel",,no,dist=2053m name=1.00 no-match
1652,no_match,0.2,0.067,344,מטעמי שרה,Derech Laskov 2,no,"דרך לסקוב 2, נמל אשדוד, Israel",,no,dist=344m name=0.07 no-match
1653,verified,0.88,0.833,77,בורגרים,Burgerim,no,"אלי כהן 21, אשקלון, Israel","Eli Cohen St 21, Ashkelon, Israel",yes,dist=77m name=0.83 near+name
1654,verified,0.88,0.500,226,פיצה חתם סופר,הפיצה של אפרים,no,"חתם סופר 10, אשקלון, Israel","Ha-Nasi St 97, Ashkelon, Israel",yes,dist=226m name=0.50 near+name
1655,flagged,0.7,1.000,516,פיצה סלפי,פיצה סלפי מצפה רמון,no,"שד' בן גוריון 8, מצפה רמון, Israel",,no,dist=516m name=1.00 needs-review
1656,no_match,0.2,0.300,2118,טעם השניצל,"שניצל טיים באר שבע | חלות שניצל , מגשי אירוח",no,"יצחק בן צבי 4, קניון הנגב, Israel",,no,dist=2118m name=0.30 no-match
1657,flagged,0.7,0.200,188,פיצה שמש,Sun Pizza Eilat,no,"אילות 231, אילת, Israel",,no,dist=188m name=0.20 needs-review
1658,verified,0.88,1.000,138,ג׳אפן ג׳אפן אשקלון,ג'אפן ג'אפן אשקלון - JAPAN JAPAN,yes,"הנמל 9, אשקלון, Israel","HaNamal St 9, Ashkelon, 7879304, Israel",yes,dist=138m name=1.00 near+name
1659,flagged,0.4,1.000,119,פאשה,שווארמה פאשה אשקלון,no,"ברל כצנלסון 13, אשקלון, Israel",,no,dist=119m name=1.00 business=CLOSED_PERMANENTLY (non-operational)
1660,no_match,0.2,0.222,1440,פיצה לול,פיצה צ'יז אשקלון,no,"שיבת ציון 19, אשקלון, Israel",,no,dist=1440m name=0.22 no-match
1661,flagged,0.4,1.000,420,עוגלנד,עוגלנד / ogalend,no,"שד' התמרים, אילת, Israel",,no,dist=420m name=1.00 business=CLOSED_PERMANENTLY (non-operational)
1662,flagged,0.7,0.000,106,cofix,קופיקס בית ימין,no,"ברל כצנלסון 13, אשקלון, Israel",,no,dist=106m name=0.00 needs-review
1663,no_match,0.2,0.167,1384,קפה קפה,"קפה קפה, דימונה",no,"שד' יגאל אלון 31, דימונה, Israel",,no,dist=1384m name=0.17 no-match
1664,no_match,0.2,0.500,2050,טורטילוקו,TORTILLOCO,no,"אליעזר שמואלי 1, באר שבע, Israel",,no,dist=2050m name=0.50 no-match
