id,old_name,old_address,google_name,google_address,place_id,google_rating,google_rating_count,google_phone,google_photo_name
7428,17 Restaurant and Sushi Bar,"1751 Alton Rd, Miami Beach, FL 33139, United States",17 Restaurant and Sushi Bar,"1751 Alton Rd, Miami Beach, FL 33139, USA",ChIJC4EJc4e02YgRsrTV2vNkhaQ,4.6,2199,(305) 672-0565,places/ChIJC4EJc4e02YgRsrTV2vNkhaQ/photos/AaVGc3lMB9mDsVNl-MN18FKdGNWLWEX4xxnfzvHZEo_HAeWeeePn657VMTJu2jA9UGzPHN-esMoo_hpcUl7vYJfc3HM5trGnR_yKBZj-fXjVWzXa81vePntRaC3JqMkCjJn5XWTZu9G68GZmz-rh8QeIgCHQXHuwZmbAwmocAkF7Nblo0LE_Ze4l4qKcrpG3sbBLGdLY7iMZStN_-xRW7tFzTj1pBwjoBE0jH8Ksvde95cm0WEfTLtmxbRBqlL4nbAbilok0i4Wt_EEpqtOBnVmpWAyOOuZWpo1ge24JfnT7Ak6Lu-yazeJVXP8HcSyXSQv7jszLq75YT2cPHZu5ldpTS4nN93cJGPONr7gd9qNNmuOs8ZSPabuKQ3Jag-fSFXpUW-RQ5eDnDh01yiXrtJ6xz5R92s6VhYPzuXwRN3T24r-lRg
7429,41st Street Pizza,"451 West 41st Street, Miami Beach, FL 33140, USA",41st Street,"41st St, Miami Beach, FL 33140, USA",ChIJaWZN5Giz2YgR2ytD8uqsA0s,,,,
7430,Asiatiko,"2906 207th St, Unit 101, Aventura, Florida, 33180, USA, Miami, FL",Asiatiko Robata Bar,"2906 NE 207th St, Aventura, FL 33180, USA",ChIJE6EMi16t2YgR9mP3DgX56sc,4.6,817,(786) 786-0626,places/ChIJE6EMi16t2YgR9mP3DgX56sc/photos/AaVGc3nJJG4nlrTmMtAkWflidOEQnQauXCrRnj2GmVh0x-oZmtW8yb-EhpBLbGBw6Xn8aaJ1nvv8cSD_c9zhICRMs2Bs_MVh8ATTNF4J4LqcraOA0Nu9kxd6ce-fIpLTl6VLEEi1DzyXNfSuVcW6O4VAPx29skaHNr3ODsdhZ6VE_2roR9zb7UKwChbFTvoLdAvlZXy556S9VwtCK1nXZWjfCRYyamPmVpLM7tfNb7_xciI66vBHGjuWu7GPd7qE80Sel0jmmPVwoKGCBqOgMHtaWthJtvFnreH9GH4dI-XqX9ZbVCkNhmbMTRMypcdbbwxbqEN29iyYhAo17T7c44UDM8no3XcI-T_30XDULBexdfhl3WKwV1_de3WJFug1h5VLdmDqSotbdYtqwiSuIUgsYwVRoDJA-A2lvfyjwsDYdCj4dw
7431,Azumare,"3585 NE 207th St Aventura, FL, 33180, USA, Miami, FL",Azumare Restaurant,"3585 NE 207th St, Aventura, FL 33180, USA",ChIJD_svAvGr2YgRnO3pvGj-2VE,4.9,567,(754) 703-0966,places/ChIJD_svAvGr2YgRnO3pvGj-2VE/photos/AaVGc3llmg9nn0jnP4u1vnUststxOfWm0Zc5oGI0--Q-6_eZzyc0MP_NjEThqQRZbkK1Yzw3c2XXVOfe-uiJBCdZOvUVWTG-yRQItI-0thN7TXBpNbwY1_yknnSpn4lignoGSyJWET7oxayTi7oKLUiLRuI4OLYhmdxhtZnx-o5FELarcN_kC46tXCadxi1jv4EsoeFy2udMlCrqlsXyNX8h86joEfRSgSs3J08dDvgKQp5d7Xqh7wnMPcZYmvPavQ9fIVK6P1wxxXlH5BeGzy3k6aUGZwy-EMg9239ZjyanMibFTlVo6Fu6jihy48ubT-Xfg2NKbJpRsW3sRSUhQ5-Dm83bQMqmfNfTn5BUQ9Y-mI-cdx5eKaHWY6fwlynuVDUIpUHkLnPxkurUwpK4jK2e-hQDmtUyX63Fg3QjfszOXr1IkjXtBugfJBn7FkCu0kgr
7432,Bagel Boss Aventura,"18549 W Dixie Hwy Aventura, FL, 33180, United States, Miami, FL",Bagel Boss Aventura,"18549 W Dixie Hwy, Aventura, FL 33180, USA",ChIJGR1CpvKt2YgRA3oEGIvS3bQ,4.3,137,(954) 302-4687,places/ChIJGR1CpvKt2YgRA3oEGIvS3bQ/photos/AaVGc3ky8XW4Fu5PPJkitJrQtx2m5ygD5a73gD4RNzYyWsu_NvLRPE9RAa31-HV-bnEB1ECuGnHHCebtObt-SU2W28hY_cRZFu1Hz60UVyydHuqrylkNhj61IDKB0QvhcJ36QI2s-KiWT0P7WK89R0yvKMyg8XASXuBWVnUfEWxU2-cvADVs_KyVAaz2HSfeUaOSY9c2EvBE3u7PjllYz5SUbN9HsQj98fcfARgJEgcQ55PIdC07mzZWQk4nlQKWtj0vyNQPsWpI6dPyIcoONprE30KzAe4Kv2kT2zDJWl3_XjlGv7nbCDhRF7Fxi0LPhGIQu1N75Ajp4hXdw6d4b3i0zsmSoTVVYxXEN2tcSELVC6nLRdQQldmoR3VztetO6qk-g2GfTfnzudWTBhJXPMxpujAbJeD0P-HfpMdU6ZxzgkxTPy4s
7433,Bagel Boss Surfside,"9543 Harding Ave Surfside, FL, 33154, United States, Miami, FL",Bagel Boss Surfside,"9543 Harding Ave, Surfside, FL 33154, USA",ChIJ0VUwHAyz2YgRnVPciwUSn70,4.1,67,(305) 504-7443,places/ChIJ0VUwHAyz2YgRnVPciwUSn70/photos/AaVGc3krZ-D-xs8foTlsckT7LqE7VnYAUTGk7k_S6LmGq6j8nrvUG5rfc_RKn3W7yxI9mUtf1lduSPhIjUX4_4X-5golT0Zzwv87FMoGVsfeG7e1Thj-cx6rqlPRIZ9f3sqf675zqBuzzTPgQBnXnR-rf4H7__UQZGzE8SK6hFvc42TAUXeFUye8Kc2QfAx_StduUL7nK6FD-Xv-DWQ7y5U34rzKNFJH6Q-iAhPFgxkznqrri2YOEXyz3ju72szlKiPKfhl8-37dgAczwd6VrivZ2yPl0m0tbegz_1QbsFAV5JPex4rT_DEZ7QlnboFOUw4EC3Ik0Qskb1rFASlYxPHcxrxen9AYiEFVv-yNXOApBMaoI38RVJ8RFYiCs-fT1yosR8kShpyuPsiAiWPzW5vv3DFqXKvBoBFk-KhE-y-UsD0SZMJeJ2wiKs--xZoJsMSZ
7434,Baguette Nir,"17871 Biscayne Blvd,  Aventura, FL , 33160, United States, Miami, FL",Baguette Nir,"17871 Biscayne Blvd, Aventura, FL 33160, USA",ChIJ8bZ8h3yt2YgRSdp-nD7HM40,4.6,438,(786) 676-8636,places/ChIJ8bZ8h3yt2YgRSdp-nD7HM40/photos/AaVGc3kHLE_pO6-gmdqN3HOAr70GMQ3fimf42pFhyLKgqn5DVFpRMPd73vagQbxiWTWOIo53qxhAQsoMzxithFSs8pAceW4q-qP3IC7fKrgxveJVDe7lrfnZJnMtS8OZ2k6cC_2iaamonc6_0x0q1uUPjjsK_n44HFugS5PlmExdYqnM2342JFw4aG12DfNu_er1_ossEQG3G3bCVLpmGA6_8n0e1YYVQZgMs38hlWq9fmYeSim7uMqakcgPz9A6sH41ejqEerHNJZGWZ147E4VGIYeMGnH7lpYTK87D7nv6BhAeTMNPNnBcJGoCme7BN7p84AXN4w6G9pmHosYD4DJq4ykrpI-bcJgsTiDGRuczFZe8jQqcaz58AqXLH4UbGFO-uwwgfrDnBK6kENV7UM5fUjiZe1LfrJgV-j8KnjlaR7Kfm35YdEChVK-bfv86UC5J
7435,Bambu Pan Asian (North Miami Beach),"3427 NE 163rd St North Miami Beach, FL , 33160, United States",Bambu Pan Asian Kitchen (Kosher),"3427 NE 163rd St, Miami, FL 33160, USA",ChIJ50UHB7yt2YgRJ8EGVXjXOis,4.6,518,(786) 384-5177,places/ChIJ50UHB7yt2YgRJ8EGVXjXOis/photos/AaVGc3kGT8OvT27RM1jkq5POlxiwRF-YPnbI2iO085eNejcymuGh-1lSf_xXr6YSKHLmL5SUeK2cIusk5RgIkgLorjAy-6miw-o4tBYBZ2A-21d5vI9Bb3-jGd1EwXYunJmR27beM_jS3Uq1KznaFCnui3H4TuHe35LjEKtYIMDjs6vfsj1orZ91eGeI674_k390Xos1xw3CYTJrsvkExoE6F4uSak8fxVqZK3BGtJH9pfIO9sGJ8PYervdvWFThvFaD8gfK4XnPXKejR2iliILdVcCe3hTspVEB_sx7eedJq3diPIXtyroZjMI9K3jp2df9ac2eD7-QIrcFEpQb10yz3uRslytDm2EQH-PR3s6RdE-3sBrmoZm3U27dcqrOLhu8FqFRwcCFh71OyXs7Ui7MFDhQfYHTlh7_16znDzD4IWqfzQ
7437,Ben Yehuda Grill,"3455 NE 163rd St,  North Miami Beach, FL , 33160, United States",Ben Yehuda Grill,"3455 NE 163rd St, Aventura, FL 33160, USA",ChIJ7_sxQnWt2YgRc7JPJ1R9ssw,4.8,216,(305) 974-5149,places/ChIJ7_sxQnWt2YgRc7JPJ1R9ssw/photos/AaVGc3mAUh6KHJWI0ghMk8zyVSoL0LQjQFldtpgO_qLpJqyvonNRFL_xK_A64oo6wqddos7efXif_el9jqWzJBqMg7pN4Dfz3amyV6TFnXQb_pgNx0IR4G-EnoEyMvECb8xi9TXs-jBDLhmglNANRzKHVAFhuGx4O_2xSuR7N4l1nsAOb0YcMpbjnhXoyYFY3SiUEBMpAICkQT6CMdDHK6eeTnu80rtHBpBnxA7pGh7Uykyp-biw_mq9kOdkd2PB8RmQuJ9G0rpx3SmpGqNUpHRg3UP14D_a0OQBWqE43VnmASm9GH7l6VWcaWbRRTFlQGefyYZLuiRMIOphdyMhb17lZIX-4_KagGv4GqRDuUDg7SCZ8ersKXH53hKEzGCVsiiQsn2CssISIeF6znVrRHSfdPfGgWFP6R6wmRZ8UIl3dHOHNcGzNCV3QSHGVo1t34IY
7438,BobaBurger,"9580 Bay Harbor Terrace Bay Harbor Islands, FL, 33154, United States, Miami, FL",BobaBurger,"9580 Bay Harbor Terrace, Bay Harbor Islands, FL 33154, USA",ChIJH12tNL2z2YgRUYPphNUtFzA,4.9,59,(305) 505-5968,places/ChIJH12tNL2z2YgRUYPphNUtFzA/photos/AaVGc3n9CZPxlo1JwN6tmA-R8T1LGrdSAbRVsWNAAymAytRz_tRmA2JSgarIOyF7C3pR3aFbvzgSZCWM1PzhgCTp1C67qh5XlxqWU-hcqf4XSKAmbvR9i-HnSghiH2fc0jO8Fc8G2QC3c5GpAQxbwF1LT8IO4v_Y4wbpVn3bdRtUES171fqLc4JkW93dARYd1PwA9id9CQ4v2gXLCtfgBxd4GWOh9x0_hVDWwunHudvi6IX5Z18OKEo4CFtDu-Y6REW-_tbrJas7EXN6Gy93veu-CYEwJ16eJGCpZYGNNSzZ3XLHY6kVMlvenFHiSjFy3XAkadUSBevlPzHsoGb_2d4Ygq8DN1_k-HMf6QtlA1uXs8r69TIo479qSnIHoSJYbdSJ3XwEz5fLxtBLH37xmyUDqvj7pEfeusUxrOzrSoUC9fxVeDnoJZQ2HZ3FKbQuFQ
7439,BobaTbot,"754 W 41st St, Miami Beach, FL, 33140, United States",Bobatbot,"754 W 41st St, Miami Beach, FL 33140, USA",ChIJQ1TwH-qz2YgRI9moVVVYfow,4.6,119,(305) 505-5968,places/ChIJQ1TwH-qz2YgRI9moVVVYfow/photos/AaVGc3koY7apnvZJfyMKzyCTEcvsKJIqRsKoRkO8NzeGV-p_Rv3-IxvX4oeGiPO3tIfcg1xrGAR56p532MxzwdSAEQcBOpoj3gUzuVcDwx3VeY6UmoWVPmvTWq4tEVyn9rZp5pD4uuxOutewn7n5XpqCQzFYifqNmOO15JzlI8AeC_GjhULpt21lfTpgx-4KT8O3vG4HEnKzNfSbjLN_ZwZ0Bi3lFfxjk7JA-Pv8YjuKtFO1Px1vNW5wWKYAmuiDkPXZraVvsEBbTiFRkreWdpuv9VN0u0Aiv5LM4R5qHLz_3fKHDBKINRqtbrIJAZrejyo164CrfCzgY90QirXsrXSV2_hHQSfGpuoxIKCv6g5OOT9oZkbCm-_81STwYT8Qvgb0eqYsRem2GM8JaqjTKILTjSbRU2OCXnjJiPtLGW43DvHQdms
7440,Brickell Kosher Deli,"35 SE 9th Street   , Miami, FL 33131, USA",Brickell Kosher Deli,"35 SE 9th St 2nd floor, Miami, FL 33131, USA",ChIJz3vHg4O22YgRYrqODtghL6U,4.2,46,(305) 853-8582,places/ChIJz3vHg4O22YgRYrqODtghL6U/photos/AaVGc3n_uBe-gy1KF2PpkCa_nzbPtX0TxqWYZD1vez_IrFQXIoY5JTK7E_Fk8qNstFHvxBD5nDfpnaoJBhQ6qT3rb0c6T74QDSlaVh5OhjCAGDdWRjD22gcH9jFm7Xc0-zFbe0hkC-Wn6mKv_zVZYAub_jEsV26Ye2rX04lzVB-ORljp4Men1m_wNMmdIqBVDpBlLGcEworasDPILannDy_rwxy7t6eQGA4fN9jDn1agTGCfeCwuZztnvuheQOQYCsIUjq6CWGOzFIO8FPRf1x1msSvvszNa-6M6B0aNCL8z83yTjbvq6nqd_l8o7ldqhLIxDMULRFw7qZD6xORt58dFC4MaMLTJD_hybFUO9A_tsSsoLEq6i3Nu-VJHWYnQzaul2R2zDFxhoDUE0uCHbbbJggVxQ0RxYwpJ7WxuK_2dOzq2jmMU
7441,Cafe Cafe,"3575 NE 207th St, Aventura, Florida, 33180, United States, Miami, FL",Cafe Cafe at The Waterways Shops,"3575 NE 207th St C7B, Aventura, FL 33180, USA",ChIJ4fmhGJKs2YgRrO53fP0scT8,4.1,76,(954) 420-1621,places/ChIJ4fmhGJKs2YgRrO53fP0scT8/photos/AaVGc3kcLeDEoNR-O7k4C-v6biJ5LMhECrOS7LzISiipjtf-AsoYmj3z_8iVRTTxmF9YYky4dzkHql6JwZ4BKsOcpJRt7DjCl_P1XedV2f4IPgiTEvEqYeKHTqmp605011I0iu73tQu-GEc54OxS3htDQAPfDpnKtZZnz5q0_oo-HWd44Wk51AmjvEz8_kQtgq4MZvabX8_UuieP9VMWoEyT2vHT01Yp46mhpKd-dJkAEuDOSL2RrSNjP1_PYRoAbdrfyxCPyzqtIkGf2y5oV4Pbk6D-SwoAQGRq3xzzci2obKSAMVF1EYHI0qV2Ru_zpbk4yv2o8yO8JaUnoQOCu5n3ti3ZhL9mCVJwXxQDATq_g4FLDlYEQqNlpv2Pp4SQjXLu-GBiCfq0gmEujHvY7vNc7Ae1Lh0mOp7RDtVGEh0hCw549LQ
7442,Cafe Vert,"9490 Harding Ave. Surfside, Miami, 33154, United States",Cafe Vert,"9490 Harding Ave, Surfside, FL 33154, USA",ChIJhbcNHJmy2YgR5e1n_5uV-bE,4.1,698,(305) 867-3151,places/ChIJhbcNHJmy2YgR5e1n_5uV-bE/photos/AaVGc3nJKf-BihKWHweMhuZQdFiG__loG4YLU_81cZ2Bemz6W_CT8x1kwtweQRiTmajYNHfPBytEIVX8A6PEmn8vU7ylf7oQveQYd96JE-WFW5jie3Mxes78pylgvP4x8ukPIWGgcZdTJJLlhbyX8qIJNmYV9FQIOszlo-BKveycCYtIkkw9C2ILk-0UVbaIIn22UFip6-orbd2BOLUZf9xXHKqE2ALlmN5s_l-JizYi-ePI1dbR0i7Wt4mP5Y_x0Yx2bsUfUrTF-6BbvIi9RAAVLvjvuO89ZcpiQUznBSIIm_6YA2nbeSLZsmHrrypIrZn2t7NFFjtqqM-UPqjmA3q3QEAjFdkduWdl6oH8ngg8l0SVMqxgEueZt6NItnp0JSdfPLOlKo5jx7HEEdRm_crPU6R5IX568UiAK_JtaldVMf8
7443,Capas Burger,"21000 W Dixie Hwy, Miami, FL, 33180, USA",Capas Burger,"21000 W Dixie Hwy, Miami, FL 33180, USA",ChIJVVVRTGGs2YgRt3z4MvXBL2Q,4.7,593,(954) 859-7467,places/ChIJVVVRTGGs2YgRt3z4MvXBL2Q/photos/AaVGc3m9-TJF4Ca30DUECxjIyqTOUxpeQ6dyw-SvPcXqTHR680gik4U7PfPZ0pZtl1tixNUt8iNrZoSXO6UJ_EsAcYdP1TqyFzBnd2UdkoozmhGtmrTWZnACRbLXk0dCV9WtE2t-uboNnyJM5BFrHZV-Lq-PO6eT14rKYs59XD1E73eHAWWbHIDBjpIKqffzfnXXXT_s3Go2cBx4H88QBF2PDkdPPWxjhdPNk_xaW9V_YbdO64DuRcOB4OXCseWGCUMM2oXro3kL5lyOHBCuwXXhifSJ-WEPWDoX9ys6XABE2NcXxUlWAvZN-1PmYmhbTiF_rM0MGLc402WhXMno990DVQCtVib3f1Yl3dgcd466iccVUa8xtTEH0tBNqwrwEuUod-eHntmogXIZ_HXyh32TUuWu6I8poM9ZBxUqndFhdXgkJC6zA6kpKxGNwVspqjwe
7444,Carmel Market Aventura,"18514 W Dixie Hwy,  Miami, FL , 33180, USA",Carmel Market Aventura,"18514 W Dixie Hwy, Miami, FL 33180, USA",ChIJM1frE5St2YgRGebvx725OzI,4.9,53,(305) 705-3069,places/ChIJM1frE5St2YgRGebvx725OzI/photos/AaVGc3km6GvQuhHhx15_J7HUAK_Ev0R5tfxC45GyGF-S0MaIQfo6uVq-bduZmdnsDixpfbx_PNcYiWHkMRdZKWJ3FLhHoWwCv8ckTSguxbOrROMVNmi7GhDaLbo5eiNUE-u0p2KfCC6ZoAs1vcMNGUNSOIkXyg9xkPlgRATpregmneVqTdOuivxIpbU_Nw_kfhwQWJK8sqG536_iZDcKWZNJ_ruwZaQEYmjRrkL5IYKE-XmilaibKQE44wdpGI9mmQE_84wypVaB76wN9ZvC26QCMcG5OWwWhYqtfQuMs_DoTC27jeAJR7JAQaUHLgZSXG-NokXtWDVTDf_Z2L3AA3ONkOc7mpRl1njDFaz3sxyJ2R88EupCUdQZ97Nu7jA3KTPqrG-TKQr70V9wE4L7pk2X8i4iX9ApfAzgncoOyPOwSRt-uBUN
7445,Carvel North Miami Beach #1657,"725 NE 165th Street, North Miami Beach, FL 33162, USA",Carvel,"725 NE 167th St, North Miami Beach, FL 33162, USA",ChIJK9LC8Nit2YgRdvZNP9J6lrM,4.4,250,(305) 651-9193,places/ChIJK9LC8Nit2YgRdvZNP9J6lrM/photos/AaVGc3mgfzWzlPgucqwuvj2vm1MTU3G4_90hMUk2Y4n_PDLl5De-E9NOXpsX4v7UKp9QrFtPdqU-H6f7hTLQyHaD3aPPM11UW83b2Xg9zQUMgFhZKclPD1K9gblJROOF7oj6DO5Y29QWwstvZtBfXbWljmrutQgAYkZReZBCt1MLoFemW_5YTQDhiFCv9OxWzQdmDs7sysGJjv-HOcJ06X8karv9918xQbGGcDOTzhRyB2WN3kn95mSnjVAE7Ln22hnymE4k2aBhGM0_JzNpnM4XdtOodUBBczk_djxRMAog0EcAhIcueRREjNZhEnjzP_JqpPtiquZ53acnU9uJjwxVJnoRPxl7rPfyJtjXcIQXeoN0enYfutIusIc2ZjdFuDBnBnRMUtwAXGxWqVML0dE9JMlktksF4doBjcavjd7BivT4FQ
7446,Chai Berry,"1688 NE 164th St, North Miami Beach, FL, 33162, USA",Chai Berry,"1688 NE 164th St, North Miami Beach, FL 33162, USA",ChIJLUtNn-Kt2YgRbfi6EJR7UWw,4.1,71,(305) 749-6008,places/ChIJLUtNn-Kt2YgRbfi6EJR7UWw/photos/AaVGc3kwB9yWQopr9zKaYfy6uhEZEf8SqytmeyKH8MsTBACMfxbSloyME2A0_hUDI6vYA3_wnQ30jC2efPyErHinvvDkP9VSEEK0lNXyQ7ri4NQzZBpP_TinP2AB1qr_NpFcC15V_3Qe-pcAl9tO98KWjaW7u-PuKhZ-aPk5kfcKjZxyaDuepltXjEeBzUOT8bSeqpX8MrvMUkXoKv7Ws764phWYZ3lf0eetG_fBPFRZFc4K53CaI_l2Bw_gUn4HlbqmFQQi6X143rwKVb5qRTLtEtAZXd8ZherlZeuYoHYsyL0VgnYU6O170Zutcx1_LidamgK0Vs5TR5tPRE03HAMH949IdGaH4MZdTVFf_xDOBK0JcRM8qN0_umJpNb208DW09wAEzGe19bRCdZG021q3_PcrucoGaYClBKNeRXgYFeeDNw
7447,Chai Wok,"1688 NE 164 Street	 , North Miami Beach, FL, 33162, United States",Chai Wok,"1688 NE 164th St, North Miami Beach, FL 33162, USA",ChIJJxkNbMet2YgRXsKvidNMU2Y,4.1,500,(305) 705-2110,places/ChIJJxkNbMet2YgRXsKvidNMU2Y/photos/AaVGc3mXaG94i5oAPgbmYgBTbWCc_soPefzpsAMnK4cG-PkH8hrgQvtsVc6mF12HFGtHPQuK3kcJbl38A_vb4yKZfabZbavJR6EIfWmlcRSJ6koWdr_FiNw3oRTYL4oTQ86ONcIhNs5SDlyQv1J4KDkxTqQnh6HIYOQyP9W8Tk8hC8Lm-wq31dTMeO3f5jSYi1plopOiDvnY9OQESfLWWHvyzHHza1TEJu4UbyWvmdZ0qxQLo_Xk5dJH3NojDdJBUqR_ovZ0gqPAWsCi8gQY279ra7MGeColZ-tyGtnSbGK3fAn_pVvMjYue-cXsuMrVMCrAqU25WvCQoq3hkTpWaS_s66BDsrn2ioC-TPOUBdy59T6c_gWO_p0HPM386RDMIhEllJgTnTNPpvxHodr7PwhrF5Uvq8JXBpO-rkFFMGb5qYzjl3s
7448,Chill-N Nitrogen Ice Cream,"17831 Biscayne Blvd  Aventura, FL, 33160, USA, Miami, FL",Chill-N Ice Cream Aventura,"17831 Biscayne Blvd, North Miami Beach, FL 33160, USA",ChIJrUadpayt2YgRO67b5yMTIYc,4.4,748,(305) 974-2886,places/ChIJrUadpayt2YgRO67b5yMTIYc/photos/AaVGc3mf1_YSDNkyOIvQRneZPfJ6OVkFWn4HlHgpUdCP9ua-pvGij3kaAUe6yawMpwadhXqCIWecGVnZn8XF8K-QaFr4LnigYxhuEjU8wJ2qsxqWbtiI0v4ihngsJL8QEX0yon5yLrarICHL6_hopruNXhxODK-gnp5BIPIrGsvQfJitsnEaB63s_Pi5rjzMkHf5rBE7d3JlKJHoJdcW-_470WC0b2ztMyvdzyBogzXQKoA1SD6oiM0iAVvsXFhYNHUMs3eTQr8RvNcGL4q8Y7ulQX5l9bthSD1nhPYB3wZ96fra6czakT5XYDWTFEOp-e3LGnSsyHxStbYNGnTZDea0pPwu6l7NYaUF0HABW6rUB52gsscu3ewpsr2lQAJ7cBtrJO2ccsEEkh-wOdzIxkkF77xocDsof1_oRb4qIdetQ-bp997o
7449,China Beach - Wok On The Beach,"3919 Alton Rd, Miami Beach, FL 33140, United States",China Beach - Wok On The Beach,"3919 Alton Rd, Miami Beach, FL 33140, USA",ChIJPdxyl3Cz2YgRNyuUurFAcrI,3.6,259,(305) 534-3034,places/ChIJPdxyl3Cz2YgRNyuUurFAcrI/photos/AaVGc3lGUFtVcDfVDXPuBVwpIT8IKNpOQl8vXDjEr0iTMO9iQMESiuIXTwF8HnBXXf14fM35AmaqFSYvzRRlcwCkOUj-QUpIU5lyIoa1eYCZQJdFNTB4Z9_r8PCxfoTNrayTuHftdVJC1f8sbU8q67jHpHgv3udljECalVD1FRLHIy24Kssgh_MS9qe5pAQ0KtCwtCiyrXmalHCZ87CMB-ffH6vjzp9t-di4XWMJv3aeGnxv-R2T6DVPkrq4cvoWNkvD-BUeg5vtphD8VtbsgkOyihjSvGz3J5G8ssSNigE-QwSfH2GSpVWnK1w_P79nANNEP3LeY2TCZsI45nprxvOPggvlECmUxN83wD5R5qF5noZsB8s94h66WkCa8ZQWI8VP5FKDett2NN3DZbjbQbAN2Scr4fRVpC6kTyFzUkxRgxQV_S76
7450,Chlew Delishop Miami,"9531 Harding Ave Surfside, FL , 33154, United States, Miami, FL",Chlew,"9531 Harding Ave, Surfside, FL 33154, USA",ChIJETwVk3mz2YgR_9HuihKNRfc,4.8,45,(786) 768-2963,places/ChIJETwVk3mz2YgR_9HuihKNRfc/photos/AaVGc3n8Zkkkp4PUJ3WTGY_jLVdnO7IUhNcUVt3XkCVQq3iqTDFVnOHjvC-GUPLD9DoPTp-o4DhCaT0A_tAEMrW_Ckdj_uOD7dmSeeNIr_HDa7l-HVMPotlumf8q2hRMRKhuAZLSs0WGX1fDQnWhTmvM--5o-nyThhiGGlEmarxPMx81iZ26pS3je1FT26Ni0WyawVlsjITOG0b-s9XIAWBkgpFLQPvnuIjKYG6ti3p6Kqmh5XEKVLlwa3ovrncLbEFuTY3iraoOrfz-zraNlzCWAmYxLsDbxh5jfjsvPvRLDuacU10XHEX35X9qaLykTOuVC9f3KZIJp3OSSHIyDXsOdZZtijsm6osz7hW7L4p63IwE5Zfj-jFGzf_Cd-rcTyurzehlqUugfxy91KnSbvBZdRl5vj2KQPVBZGEEbYzMBZqEMRJPjlA9YGXnCjZneA
7451,Dixie BBQ Miami,"18798 W Dixie Highway, Ojus, FL 33180, USA, Miami, FL",Dixie BBQ Kosher Restaurant,"18798 W Dixie Hwy, Miami, FL 33180, USA",ChIJU__fMFGs2YgRLQPyPOuY3g4,4.3,792,(305) 760-2620,places/ChIJU__fMFGs2YgRLQPyPOuY3g4/photos/AaVGc3kupKDiByuydZjPBo22NGfoy3bZb59MgebidT5aWpRR94rStgThRMM1uUa_q1rJkM0HFfX-tXM3R8yP_qmVTsbnf3dq4LfR9iahK8oonCYlOKTl9fzA16JkRp_lq9jPvg7nFP_pCQ8oBH21l8QzrDVdxfcfy085atZ8Mop54QtZ5l92_enP_A-pv-MwfaWzW0l7sBDRMyGKbhYRiUCe-ZveqbpYRVgOPcuVUeYV07ayXyVTxtfWihjseaiVRIfF2wQvUe73Pm2cZT4bcF_zzRqynN5gyDAaPP631HrdCfBg0YByDrD-WmGlwhMPaYyW_XcWVonxUhYEx7e2uZ8HZpB3eR2S-OxafXhHS4wZkBYvD-CkkKKmIM3TIj1d9ts3WUwp-chTBZDhdWZlRGQ1CdRNsEVJ4zqQSKsKRrzjOA
7452,Dolci Peccati Gelato,"274 North East 59th Street, Miami, FL 33137, USA",DOLCI PECCATI GELATO,"274 NE 59th St, Miami, FL 33137, USA",ChIJOeog_2Cx2YgRpfSf9FeJkhM,4.7,23,(954) 632-8551,places/ChIJOeog_2Cx2YgRpfSf9FeJkhM/photos/AaVGc3mmXZeAOFpAeBihqOefEjf2YtSn7p19xlsVg0uXwfrogTHGBNd-5xn7WssDtAt1F-u_tv68iJn_oCJMz7m0cYTwQ1i_UxxKiLpVElb2IYWAUpPsCPR5RMovbQVVs2yvGPyjwRdIjOJj2Z2cBr6-_rCMBoRCyW-rrw24Aq6Q_DPR-kxIP6ZYkAVeJMVn0-3MuX3YdO7hj22rG4joRUYHcInQ0o3c-_l9KhQ87cUWLNxRMntl1gDLLXaBcpq4KRBUfmXZlysyM7Xt_jxCSg6nUXsk8V6jZ8DMNI9nmf4d0-We8JmiM6x095Rg2l_EfC63VzgeRhnRsHPTStGHZC-2I1bRSlGj3ecclpc_12AQXaPM5NXpIm2juCgFRqIxrLADGDSv4H5l6jT6AMg0PgHUwtBU3Hy_aEQdEELW_pq-3V8
7454,Feed Me Kosher Bistro,"2530 NE Miami Gardens Dr,  Miami, FL, 33180, United States",Feed Me Kosher Bistro,"2530 NE Miami Gardens Dr, Miami, FL 33180, USA",ChIJuwCRzImt2YgRR9eDMmQCRyk,4.7,311,(305) 749-6455,places/ChIJuwCRzImt2YgRR9eDMmQCRyk/photos/AaVGc3mhhhV7YjStjqWUTDcpTX4d0NH5qcuEvgkBwlUo7Rv5BZZVR1y05P3xYKrfOJnsMboW6Zk1RYZ8piakqNO2uFwhLwqip31Q9rivFEmby8JylZkNu6B5x_NAOVQd2N2QpIzKgvNoNNopfgiZvrgCpKjDcqLjb4HSXpG224bEp-FoyZ1l2Fb49Iql0Lf1zc-_rrYqZ8pX26-vjXNUR4Cd4vI0dguzSO4Hs_pAC5Og4hF2T8ye-gzYySZp3CNCjbXv44LIXm1_l5316K3hXE_HJaqnUcxBBKvUogxIcqmNKwlHuG7M3r9fS0xDBfF_aVgIZNYmhkthsj2VqvXnvRnwyOfYD1raQncehD_gMpwc_vyYSqZGxF6mdnzdyVHM5mD2-hpi74u2Maf7iKqZTCS4zq-R5LVtHROOg6E3hxqV575Gog
7455,Fialkoff's Miami Beach,"544 Arthur Godfrey Rd. (between W40th & W41st), Miami Beach, FL 33140, United States",Fialkoff's Kosher Pizza,"544 Arthur Godfrey Rd, Miami Beach, FL 33140, USA",ChIJ05MdyG-z2YgRh4Vftw1pfnc,4.3,728,(305) 397-8395,places/ChIJ05MdyG-z2YgRh4Vftw1pfnc/photos/AaVGc3mMgIw7ZN88n1vcaM8or0oMmirLZDzVARmgerNaFAeROg59aQ7i31LguPUdoQCZKJZOgU5WSN2TEjvss-SY0LQnTG3UVrkGZXATZ71JVGdT9T2DX1x6_E2sINY0XKnSGtXVi5xTYt3sF-8ZmewvFiiKUh45Qls1Lz4f2cJGu9WqJ7bO2BHIYpkqYN8mTE3qHb523umXecWCIfq9EU0KYaOF7Abv8jpYztiv-PTY6_yyc_ZPv7CEBluqBEQ5-0roahLK2wFNedRm_26Y1YugVAH8GryyOBNKdN_xw66Tx97K31gOzvYwQ_fZ8s1icMWFg1Bku7jG6R6tM0Yx14t7jsUNEL8IGStckqCmmdnvFzpJrxSxyWnZLpw-0wSbPoAeZznoouPvYwHzg5DQUtZBvoVbi3Ajl_jFq-In7kxj7ok6ST9I
7456,Fialkoff's Surfside,"9463 Harding Avenue. Surfside FL , 33154, USA, Miami, FL",Fialkoff's Kosher Pizza,"9463 Harding Ave, Surfside, FL 33154, USA",ChIJPf9808uz2YgRA6RkKOX6dgg,4.1,197,(305) 397-8324,places/ChIJPf9808uz2YgRA6RkKOX6dgg/photos/AaVGc3m_XIf421Y4TAEyd1mn_AU6y6aKHndeNaYY-tRrlC3W0f9yPMUP8-iOoUCwe2E7ODxlGIQjFR9SUPkce5kObVkC6Meg3lQiaM1O1tj9Rbf67rJoHd9U2P6-5u7KWJnaptEWfGxqLyLvyoG6Tp5myE19zq7SAL-zfl4UwyT4SJxtDOao1IBpwNhowbN6WLvZJdn2C2YWx7G89JWb4jXYQYpNoIpbOSj-lPlADN7WrecMrnrYc7TKgMIeYRW6SORGV3ZSp2oauMQcR8WlNIDI6rsdZnoH1H3cpV9f6lAW0RZSJi8hH7BkE3kBEntjUj80OVeSrpABuw_r9-jZOiY86c-2XA5kR4_xsCI-Cc3Z5ojBGADcqRlwcTPkfvBx7iNAS_262g2f_El6kOK03nXrKPhyOE9r1X8m9rtP1mhoxYX0lUd9
7457,Flame Mediterranean,"19004 NE 29th Avenue Aventura, FL, 33180, United States, Miami, FL",Flame Mediterranean,"19010 NE 29th Ave, Aventura, FL 33180, USA",ChIJg6sAdfis2YgREeVkO3terrU,4.6,572,(305) 931-8883,places/ChIJg6sAdfis2YgREeVkO3terrU/photos/AaVGc3ninbH4QiKjww_6nYGWsBi4IMEZVa3dt7pKpSNgNL-QDZhzJLyis5zITRrfJB67iYQ_zsLlxrh91822GU8uFm_UyY81Plz1GgXDa6xeCvbMs5OyebeujpfSihw3H4kkRMNc7rm5MtaN5vk71KwaqhbZLzERmE6r2CKowBqKtreB5IDNW_mwVHQzYJI6tTXkTkBSSdJHYlAw8_UwpsKM8qccrcOTmamSODhUwXpTaY6MqHQjCsabZTrYd-IvAsQAMp_Tma_OY8e-jIqsSmekNEklAdp3kZ8C_iY_KFdtU1UxHQZeEU6a_EoXSRCFKe8dQkkTCjXb_hlbJV8argj6wHTv9DwPerXdgRkAQybdXgsPueysQGoqEBtDFxux21lzsGsSfB6EQcik1miheEPACTMj280QN8cFY_1aWHt3UR-Mr8GibD_UXT4KjNEABPwA
7459,Fleisch 41,"726 Arthur Godfrey Rd Miami Beach, FL, 33140, United States",Fleisch 41,"726 Arthur Godfrey Rd, Miami Beach, FL 33140, USA",ChIJWZjjD4uz2YgRLLIbRP5ngcE,5,692,,places/ChIJWZjjD4uz2YgRLLIbRP5ngcE/photos/AaVGc3nscgj9wcc2oVa5I7YKS2NvvZvCtmJCWD7uThFk2uco7sH64vTfZ7C5a1ACvslOwusWs4faxrOSZvnYdDLIRpo6s6yR-pAezB7qD6gwpL74I35HcqDNrZmjnZK7Ktl71eikZV4Iapy2E7L3k-3-o2vhdk5y9JAvOVtTfarqviSApnVHa3L4kGQZj8x7B3PHjqLcgC82mx0OTgJWGunaCFEuhWxTzfArOnsrvieewkprhjby1cvYuvKwiO1cWDI0Po7T4YeGK7ci3uUwHmOE9RiZ2JHfVXMvQuQ1YHKJST4gTIlBZzYNl1SxzMp9VuqAHc9OwejuUyaoaEuhehkQ0noT1eWLvFjNeWBuKv5msKM6x5BxQrrMOdok61loqQOIoea8mvSHNbI7kNtKVyf0UAmP_goJhzJBzhizVss9lphzT1WgYNhHS9u14tEDyZJ8
7460,Florida Girl Juicery,"18900 North East 25th Avenue, Miami, FL 33180, USA",Florida Girl Juicery,"18900 NE 25th Ave, Miami, FL 33180, USA",ChIJcYFRHUWt2YgRjvVMfca50no,4.3,6,(786) 355-0350,places/ChIJcYFRHUWt2YgRjvVMfca50no/photos/AaVGc3lTIam6WjenwJFYoHCR2qBWmuivATAQ6gAjBasEt5rbWedndV0lv4iqD1TFvausuTTSzh8UiyLyv20uCFGReV0Nv89ndJh5vQy8R_qTfPHab59Sx7VlHH1xcCDqSE9_mvevSxZrMegz6GxrsNTKHLhTUYDzTTwiySc3M-FyWVv-Vyb9tVflx2Zogz6SMOGLa2r4np5BeyEZCPlJ5K7ub6G8-fn6_70p9T3gNoNDkoCG_LjvuM7v57LVs6UOLn2OWpsILMYPCrF4RAb0QkqZZ450LBEpeFaJucyOocNpshmR1P1GusL5TZCcVSoyCXm3KJaCeUdJMmeCyJtr4r5zjj0nBvmvO_pfNXeho4JGv0FAkiu4JdfQpGaspFnHHa4_4KfbfXDoysr0od5ZGTIXIKmuxYWemKjOgdxM7YlDVnLyzcQ2
7461,Foozo Artisan Pizza,"2520 NE Miami Gardens Drive,, Miami, FL 33180, USA",Foozo Artisan Pizza,"2520 NE 186th St, Miami, FL 33180, USA",ChIJs9-wMFGs2YgRwQp12_kyCsI,4.5,770,(786) 916-2812,places/ChIJs9-wMFGs2YgRwQp12_kyCsI/photos/AaVGc3mBcsTXM1XXlG-KtRqDdTDAj3jbgVYUHIdcpjXfzzArFW8w8ETumE8IZVHhq3hZuDaEQPWIdjb84H6-MILvHv6lHeffzn_3HZhSmfcLu92cayvvnavlZB0j35VfwszEHw-2bFc5g6QYeihZwDoyQ4n7cZ46PqHXZ1-sVauBxBW_GBS5-c4pltxiah7D8j_Qy6plTayFQ31TnDQZpF02sws1da7oaxc4j_lfmnUPXTkYCgsOUlPsLDZg2AMRt08Co6D1FRZ_MeUnT9u4LbU-69nigv_yfgcmNoJW6hyl74qh6R5Kk-k9AjKycKkxv08sbYS2lfQ2xZoM63utQkGLf7LtNPLOFaVeEIg1_8YxvEXb1azwXYVw1uPQFKIcgWLlOjJPCM076XMc3hkinGxLxb0eD_rvtksBZOTvMS4-ozZdHg
7462,Fresko Miami - Kosher Restaurant,"19048 NE 29 Avenue, Aventura, FL 33180, United States, Miami, FL",Fresko,"19048 NE 29th Ave, Aventura, FL 33180, USA",ChIJB2frCfis2YgRK11jeK3pcac,4.3,707,(786) 272-3737,places/ChIJB2frCfis2YgRK11jeK3pcac/photos/AaVGc3lSOWCpbNKnNCytEmgp7AfQsG3mRGR1_4zz7dMqh0eOoyFXbQh6TQA8jqvPhFka2siQ5uyvWfE8EvMsuzOfBBxaajWuJcQh5bwxmc1RVeLLBzitDU-buIHvXz1PXe1jbeptVdIWhAqrpGSYQAZe8_p17e934DZGVIfRKsEUH5pW2w_lg9dkF3mYqufNzN4XdQSgrDp3WZ7RBqjHGha7zjVvtCtrK9pfaboQYvg2YEACav6Sw-SFBoiQWjEMIzDM6-L1xuU0czPo1p8V-IQCP3CBN2zkY3hSmXpCo2cU8O3LlES7F_94AHksmvSw9gY44f8wcO49TkggqxNA2E-sh65WEENV7L5cS1VgANYSF0C-vtp88DYbIqoH36YJNiVuw5wdOndY3kWkzhaVHXCP3QuWAwSbbvD81C5lRWgRoijy485u3dUpBa2WQlUPIJAs
7463,Fuego by Mana,"3861 North East 163rd Street, North Miami Beach, FL 33180, USA",Fuego by Mana,"3861 NE 163rd St, North Miami Beach, FL 33160, USA",ChIJy-sF11Os2YgRYQX9gmHzrR8,4.6,2269,,places/ChIJy-sF11Os2YgRYQX9gmHzrR8/photos/AaVGc3mHlzbK2Reu_IiZ7huFg726Deh51oJm1aCuwEdLDvI9DF5iwn2Xy_qElLoNzetZt7R8KnyJ6cuhZBMh2MVgYn28kjBIXEjoqPJOJ4g9LpCkagbTyj0qUZIqV4ksj0NdIZDnbBnRuMnYRFr8ye_Ej8mICUvR70sX1q_FE_B9ieIATCVDuwYWFrUUFbW_aYwrx88OU32RjRBzEmPP_widQ56CaPc6oXIe3kEk9AD4Agfqlq1Rbd72uEcF9uugmUEBAM8UaR-6kQkkKFL1mBr1HVE6M_c-FOS65ZCPdxoDSOpAPdis36pyCoAgYsjrTiSDo4z-gtDvDEIh94x0qutBb_c3TBNQQHzfYKwGzEwhhZ1OobGhd-wQfpzKS9eGNUsqvojealqHISNqT9BKr5XbBgkfURk50gmHhCc2v1kigoadrg
7464,Gallery of Cakes,"19206 W. Dixie Hwy Miami, FL, 33180, United States",Gallery of Cakes,"19206 W Dixie Hwy, Miami, FL 33180, USA",ChIJl2L3CFqs2YgRS7LlcepoQ_M,4.2,67,(305) 935-7199,places/ChIJl2L3CFqs2YgRS7LlcepoQ_M/photos/AaVGc3kBdul9k4KlMPqlmUzBN4DxhmJCP4_oQF-LLz4bgcBYM2iZG_QIG5803uiW03W34X52icv_hlhzoPAYzgtG-5RC_8LsxwvwVbG2KQaXWCz6Drp1od6k6NChw-kp0oie7VwZ7yM7E7U5eunyYD-_46yRSTuSAfcOSLxmYqkbFmoE3dWzLH_zpVxZdrwN8gOUecXKJjHGllqObe-sis3MiOH3IGwLx7lrPx0apL3UyCikxPtHlWYy53dN2jfOG1Gq512Rst2jD3xd6HeTzrsiHljjkL7KM06DQzVeiu0AidFRVE5Xjq2CJ5LxK08-7pQRYCU3dB0eeI8So36_fXKJyz9MN2AW5A6-TWzq6K61-4taBktF4gQXtB1kfXqpSPuQprPW82RlIZNOZHaHjl6gZ0MmBaMv5yduieOXGFQFb_LnFs8
7465,Grand Cafe Aventura,"2491 NE Miami Gardens Dr, Miami, FL , 33180, United States",Grand Cafe Aventura,"2491 NE Miami Gardens Dr, Miami, FL 33180, USA",ChIJnwlx2uut2YgRFSzFFn_1GT8,4.6,1412,(305) 627-3495,places/ChIJnwlx2uut2YgRFSzFFn_1GT8/photos/AaVGc3lsyTaG6DPTTNHv4zEGKlBgcPxLXm7JPD6pMvMg0lT7AWMunCB4Vch5ful48fU3OaAoEvywFmuKJWJ-NfgK-56Nfr97rqTzw4al62rtxSMy_qHJhWAPU0BSBtiHZxHH1onxuOnLA4NqVIHWi2n6ohTl6Sc3kPkB-sMg67VoUydSFkSCYR-PPeianh5S8fS5BktQK4ZssNSBmWRrDk5YDCqN9_qSZwIOc8_D1vW2rnEtYmW_EhXgGdeja0VSGSCU9CwtAwTWIc1K6u6x6aaCfqfM7PPvlYZ5hUJ6JpaYJE-YfJkzHKjxtuc5od9bZCT6gG4VX-L4BE_lDq1w89i7b2BsuxrWLouDVSJK97yTj57axF5ODWnua6lHHMH-2_qUzzECPkvCY2tXGXOZImsm7Z7IG0oXei6dCavtMcyUtkh2DbsX
7466,Hadekel,"2500 NE Miami Gardens Dr. Miami, FL, 33180, USA",Hadekel | Kosher Israeli Restaurant,"2500 NE 186th St, Miami, FL 33180, USA",ChIJG14yY4Kt2YgRUiyC7GTFP1Y,4.9,2362,(561) 583-0238,places/ChIJG14yY4Kt2YgRUiyC7GTFP1Y/photos/AaVGc3mgmuPzz74vHehig9-noPaYZLOuL21GwQ1anu12tBIEv4HxjqhxLwn_nB54q0sqRkBArHr-6WSn8AxWGsc89LjV4lFRK-NGc6fyqgnCOEC1bF4uiTvL1w5CojrD66LbX6sgI1GHvOT9lqzKSP4Bc1z9lC7JFaT-nyoWIh4FWS036iKzxd-c45XVhFKOhrd3bHaFzFxsdoQcNmZQQar2IwXv8B-De6htdgo2ooDMCeLenKCiQVZX_EDqX9tyxH4EDchT6161MvhaWPywVMbDS6VtkNYh64KCARYZQ6hvKOOkLJhg9FJOtN_fBuuDZA5VNXVTQQxzYsFmxFpNMAf9FtkqoaYF0Y7-YG8nlUa33zZALnnJKVphqtuPVb5OvPddptPvfDIkC6Rvo-jRxKKN_z27jEUBUdY7c_3EVYIgyAg2CA
7468,Hikari,"9472 Harding Ave,  Surfside, FL , 33154, United States, Miami, FL",Hikari,"9472 Harding Ave, Surfside, FL 33154, USA",ChIJURl7dXGz2YgRWarafSyWbf0,4.5,228,(786) 361-5020,places/ChIJURl7dXGz2YgRWarafSyWbf0/photos/AaVGc3nY_KeWZhBsIoxABEJwwO0AlBmy1T4tiDYGUiYagv85BSJ-R7NHm84vOWApVZM82vzXdM7OZm67B8a4sDLwtYqWL5WIfxt15yt67Thj2JwJAA6_t4Img8PrGgRQrSVwzS_OwcIX2j7w1YZuTwEDG_6yEjVaQLsv5nIRuKSr1tqir6zpOj_BZ2XwNkxkTR1FJE0hOHLkKWDFSylc-H-FE2aWKwcsBdNIUGKEiBsYIycQanvTAiqa3ddEDS2tB9-PIMjefH5zXoYTeCN7SP8MJdGUxZQRJ0Dkl7ApbzMBp13X6yZ3719VLpZTKLwrcbQQMtJM8ORXITZ_cwOrrZ_r7fWq4g-CqFCGdUE3TvjOzmzgOoVtz9zMeAzHNnz5hJtMiDJ7Z6mAG3C9oQ5Tsy172jAN7f3IpvGsWBF8T9aWGU5SlDgQX1vaOBsycoiWDn2x
7469,Holy Toast Surfside,"9520 Harding Ave Surfside, FL, 33154, United States, Miami, FL",Holy Toast,"9520 Harding Ave, Surfside, FL 33154, USA",ChIJWf4Wql-z2YgRBZWHU13cCQk,4.7,126,(305) 764-7535,places/ChIJWf4Wql-z2YgRBZWHU13cCQk/photos/AaVGc3lqcsVTLAJMueHXI7gtfiWMIX_nso2PbrLC36X-lJ0LwCuf1pAKbG_3fQmTPBti0pPZ2K-xg_Gm5b6_rYv--VywxZA5-lkHDUgLuXPMN-As1XzBshQhQtl74p9bBal1LvcRdzMpaNVSNC_dLtXmHICoTTKlqFovyWDNoASaIbOb2MAQ8qCmJMO0PHorBm8U_49yxqxMLgGw-BwDGWvXdS5ntBdZId-co4fxFAhWsZUemcHv3vkkuhejaEDsG-6c6YaDMMzCO_5-_25mGgXG91Yw0MLj7B_Hp-1t67mBk_W0dxjCojc2gZ0OOrQ8WSHmXLiF8gAtXnGFo8t3kY7BKxOKWIocrhn8iNPM0FP2jCRn7AjSYPfGL2SIveHXT-mR9DaOLT1zDv0iIP4s8vf3NQ_GwspJHz5e7s1_yJCYZrbmr3Kv-lhQsw-z2jX5CVV4
7470,Holy Toast Wynwood,"2711 NW 2nd Ave Miami, FL, 33127, United States",Kosher Holy Toast Wynwood - KM,"2711 NW 2nd Ave, Miami, FL 33127, USA",ChIJj-7ohj-32YgRBA1Fj_BrWSc,4.7,121,(305) 764-7535,places/ChIJj-7ohj-32YgRBA1Fj_BrWSc/photos/AaVGc3kK4idF5cTQHus9Ej6WgPEhTeDH6ztogxgSCEUxJdiKSSZ9OE_i1y9G1zJFGT11kj24mtN6Cr0YrUQ7cAMhPDK6n6PT22ZqNGqNeVsNxAXm-_l_q2K7L_Itb4WbzOUZd-IijL1i4ueuQJNFOFaxMFaBdsgDo8R3kVsGWXijQzCS5zwWQVMNRm9Mg149XpO4YKDeaPPYy92RaLS_yIV6NFvRdOeNVdgeq_zWO9Cj1S3HNG47mSOr8M077FwwNZKnMC35Fp-ftSo62gy_HEiJnFUFEopkkg0dIffiwoOK57crlSXoW9euszSDAV380a-EDLsAfzA7TzuH0GiwSvEH36sxhnoWbKiapUaHA_uvXsi4VvprvH7RFI9Jyb6HVgwvReb85ePQBUG2HZaYRu50Rx-hlSGcRDf-J0iTmZ52LLdfl9c2oQ3_eg-C-PV3TQ
7471,In & Out Bagels,"18800 NE 29th Ave Suite 9, Aventura, FL, 33180, USA, Miami, FL",PopUp Bagels,"2958 NE 199th St, Aventura, FL 33180, USA",ChIJ3Xp9YOGt2YgRIQUPDTGnNmE,4.2,56,(855) 747-6347,places/ChIJ3Xp9YOGt2YgRIQUPDTGnNmE/photos/AaVGc3nyMsUTT42h5Vn-E_IGCDT1WV-5a772MyMvDxCD4RJPQVqm1FlosqeaDLpUyPZWf1_kv60jtQfXMmDiDQSVPNoNDFQ9llZiNoDryIwCPr_lxarS63JHAeLzJrY3Sav-pGPVzd9K01SuIsytMyPBKNvgBspR2zNKEk3slbtMoKedHNtzVlrCDUxxFzhk4jLEZbTMoKtSy_LrQavY8qOGmEEatV2vAgP9FffbKEC8L0VvM6yeQnko0FlTteFwMuXikOpRkjzSk4UBnDq3TWvfI28nqUpAvYzTuEiGm7gIy43FZnEY_AUua7qW__EWo6QP9W2fXKv0xLJMPABzwFJ5UJd1t8_bFeHkNGUfD4LB1vmAZQcwjGTJeFMG0DJakDMpWhLDcS-PZKuWn4j-ZSuxq6IhydcIxRFYE6dJXApa3MD5n_GqR2wFU9z8q9waKqKk
7472,J Cafe Group/Elsie's Cafe,"18900 NE 25th Ave, Miami, FL, 33180, United States",J Cafe Group,"18900 NE 25th Ave, Miami, FL 33180, USA",ChIJwa9IsVGs2YgR-QCb80YpN50,4,24,(305) 663-9883,places/ChIJwa9IsVGs2YgR-QCb80YpN50/photos/AaVGc3kz39nzzMEeOULyr47rb6xowjl27442gNpHIK5BbdT0pVgQXKrDGHflqxaZzvMyhn4-3498k_AuHG7eekvxdD1GmaSBZVGmVDIzs3pFuh-05EtxakxGGUK-Hp5058W5Bww2eSqDbyanOqf8vDg50fpjbYfOu43D4JBa04m6GkoEmBE7KgS-h6L8XocutR-EuhxTUVFFpb0Zf6oNcmRb2dBa5WX-gTfbPXrD8U79tEZJaaizhhEVADl-lARcwB1BrJu4EQ-ODO6rTMhw3RUI7WaBHdOhkAyvG5iAHnug9t5Ds-Yqgm2oXDUjRjbYPA54hEte0Qb3XYiwRYgRNfNkxRvYCt4UrYuc-2DTYQ3qaHwxwaWAEjkTIvSvD7rpf2o5gSAWF_IJPIWPF5KI1p7R-T0RH4rNvoSmS16kBhyons4
7473,Jajaja Mexicana Wynwood,"2775 NW 3rd Ave Miami, FL, 33127, United States",Jajaja Mexicana,"2775 NW 3rd Ave, Miami, FL 33127, USA",ChIJdz90kfS32YgRCCnNJT_Qq08,4.9,641,(786) 803-8070,places/ChIJdz90kfS32YgRCCnNJT_Qq08/photos/AaVGc3k9140MbUHo4BeVaAX8uPpFiCYEVeFbE8Y0YNu6hxs1PRJ2ZgtxMiKhxrNmjL8aH_zofwAb9tDfswuL-49s2do8Z76u9yaNYvI0hbF6gtrYZcumj1ARL5jcoedxt6CCI4QmrLeoNno8ko2cgI1O27oNc3vtp0TYj20m9DC4xFgQheb-NehHnl4IlHofVO7zH-WVpKS8eaUkG4U2Tty3qplXMxUUqgIX622B0Mjw3PXime88lX3RU6p5vP7HmjlQNE99yGbOPB9U9RhFw0ziC9Yp9-_IwTAW3MxqCkmIFmBLb349AWxMU1-gavPKov0ilS7E-TEmHjR9TaoGA4uz_c3UPpc07L59_dAFOLu0RTxfzqrlUa-qndut6MhqhRCLGm0lD6YRmXs9yWAWn80r4e1ncz7qDfvXcb5-6qRufgDK7r3SklbdsJOz-iV9rStR
7474,Jerusalem Pizza,"761 NE 167th Street Fort Lauderdale, Miami, 33162-2404, Florida",Jerusalem Pizza,"761 NE 167th St, Miami, FL 33162, USA",ChIJwb4m_Nit2YgRyzmRwYKktyA,4.5,566,(305) 653-6662,places/ChIJwb4m_Nit2YgRyzmRwYKktyA/photos/AaVGc3n-lJSo8k1ZeF1mRkBJMcXQmZ0v01cmosuUxCvU0n5aAB0568R3NJeXDaA8dHg2e4VejdJI3_q9gK2sMCbE3WfyePL16V6QLNxPU9eF-TyzK7SgiN-M3tN5MgcTYYzgvScrJYtbdcw0QdgDvgiofxIfkX7CErJabe26GYBlZk4DULQkOOd2QxUfW0wesr8R2UqA1g0SQ44kTM-TA2959vXQMbzv9-0TZPKPFXwoKa8_qahMFHa4-ybdvXfMKMpDIOJXSSorK3XL14296CUoreTLFkwjKV3Dm-iwygtW9S76QRXwGD5Rv1AwZirucl7koStL1HE-OmY06fnbJZ7g5kAYMPtfRga0uekq_5Hef0UX093RT6mDh2OzwKwaSAuyB5uAD19QHYwHRN_xmbAgfRJ1T6cVCtb6c7yl9yUTcOZ9VeT7
7475,Josh's Deli,"9517 Harding Ave,  Surfside, FL , 33154, United States, Miami, FL",Josh's Deli,"9517 Harding Ave, Surfside, FL 33154, USA",ChIJwXmhIZmy2YgRXrkhvn8XylQ,4.3,556,(305) 397-8494,places/ChIJwXmhIZmy2YgRXrkhvn8XylQ/photos/AaVGc3lXjIrh8-gqIn9eLlW5pVxMdyVXfjHByyZMltc0-oY5ru8YS11cDqzBTHtFB2VFOwxAL28y4kdh6Wxk4rMnt_Wl6gttasage6fDP25S4JVBT0hCrvTclb592pU_DtPqLxvbKxdAmVs_yan4in7ns5GfJ-oLWqXnNuwJrWr-M8cBB-Te3qXg3aXGly2vblGDZaIqnXkX4Jp-ZGpPSDxpqVd_ywfXHVB6O5PUFcpuU2eyxm6n2fhM0zosQoOqp75aqkUZQPvFj2fJ_OiN9gci-EPQSkaFvUp0r0RrOsTmP0ApPdhyFx79r-B3nJwPPjM-o37wkK4Pc2etrANQ85D_J3jM6RhWiGfENNE1MsIk4AlA-QW8BlD2cqoiv-dlSI56an1OLVaD5qcSYIe7ZsQ-jcqyVNDDT0L8xUYIFGVWLt5uLQ
7476,JZ Steakhouse Aventura,"16145 Biscayne Blvd North Miami Beach, FL, 33160, United States",JZ Steakhouse Aventura,"16145 Biscayne Blvd, North Miami Beach, FL 33160, USA",ChIJRQewg7et2YgRRJwOEwUSGtQ,5,1889,(305) 677-7000,places/ChIJRQewg7et2YgRRJwOEwUSGtQ/photos/AaVGc3nlr-eWJgGP8DLm9d9sJG_Ai2ZV0MgtfN2HafUS6CbYpwLOKaei03QqrK-ymzjM1Z-Y65qYA3ad4p31bYG6LBzZgInfQE4aEaQovW9X2sFU7wAPaDc97GFnTO3_49rTrN56L3gK9KJ5s9C7C0xF3k4tS7npXB5Z9NPDKqOzZih0nBZ7EdXtPjFiGRtE6H2neaDLBkios-f07EE2hcvtwofIAj287Iyskr3FXHPntBv5sR0mPGc58K4D4yi6kzrcb61ouJZNiYwUdLDeU1RIWp-Qtcf0mJyD8KkSJq9f8WForIcPashUl6CyI47hb_2uvBv3Iys7plA2S0KExHZKyg4CR0DhdFYIDfOa5CEeOlu7Ei_AMNiLY_qUfrloSJOtBDgVAn8_HSrBaiH-Kt-5SRzMqRdxjg6zZF0zjlOdh6ypAb-xYOQgZeIAS-262ezG
7477,Kosh Miami,"9477-79 Harding Avenue, Surfside - Bal Harbour, USA, Miami, FL",Kosh,"9477 Harding Ave, Surfside, FL 33154, USA",ChIJ6f150q-z2YgRclix0fuJufg,4.2,485,(305) 763-8601,places/ChIJ6f150q-z2YgRclix0fuJufg/photos/AaVGc3k6bmX_t9vdqEjE9C2ZuCKieVFrH_fLCqH9pgjQn8Gp7rE_25sJcv54RlI-g7F2huQF46j1_H8K44Tn5bWaN0nrSapAUX7EeKS9hFyJivms6mei5bavZePlKi7cs5VzOmDrOB_y3TAi7oI2KORHoQnUPO_cO6IqPWjZb9Ft6n-euVrbODFkMxTFQubT8VyPopfObtI68G-jDyXAhp243zb9mQ3Y79IfEUR1FOGkPpKOIKmpZXqhhWUoQ29mqIoyoUZJX71waGfsOaTHlgeKqjB5lOuf4G-Ltx13BdoRIenvt_3ybWEd08LAH86Xbe8HFKYUIf4HVARwcTagPm1RsSdpY8ZEbZU6jVeavIJxcd9Un4Sttha5c19VxCXthDlt9Haopny0Muc9uZNosT7Rj0-_9mIjKginHOfdhFH3Ir8hoEYlKxtMgPSDovT0_-Yu
7480,Krispy Kreme #1049,"16851 S. Dixie Highway, Palmetto Bay, FL 33157, USA, Miami, FL",Krispy Kreme,"16851 S Dixie Hwy, Palmetto Bay, FL 33157, USA",ChIJJUtsDRfE2YgRXenVE_FnhXU,4.1,1692,(305) 255-5030,places/ChIJJUtsDRfE2YgRXenVE_FnhXU/photos/AaVGc3kAheZqipBFn1YhOIfnF1-wUm_8WWJbdXfaeWkEdykxPgm6w95VBdC3CubL21K8gOvKmxgVTvgDstHAWTp0l4Z609o1MCtdJgzGG2iy5QVjrgY1wRnzx4M3eUtkfsSehfW_4ChpI8P9XdWvtC4_cX22e-OxIuoUTTgrCetQt7Y3h6bj8EVYHhspfmZs3heI_dhkexWL9kGl_DTZ4NvCGXWeRx-JG0K6sV1xRoMRHAshLIMFQShGa-ER7oj5xuxp1RBDnxymmoyBvUackHmTFH8IFZGR0Ba9rlFPKu11sd7teqe8i1lHSizvrN_lXe9iBZYAqQZXNdXuLELe4IrvSkbmDbjfqZQFscKrff0G1xYIBhhcm8Cex192xRJkuj0DORrC05zHE0_NjJP91s3U0jz9pWvOV7TcAsA01RI021ytCw
7481,Krispy Kreme #1177,"590 NE 167th Street, Miami, FL 33162, USA",Krispy Kreme,"530 NE 167th St, Miami, FL 33162, USA",ChIJsQ9fPnau2YgRrbVjcRlPRsE,4.5,5035,(305) 974-5303,places/ChIJsQ9fPnau2YgRrbVjcRlPRsE/photos/AaVGc3mp8Wy3GQ7h16_zyDM3jwutgRQ0eQNbqwDupwqYFq4_Ail_zyMsDgXA1wLbyRJhet0G1eh2M_uIVD3saiAW96pejRd-r2SFrq0M3xF8ylFX0zYCPMDgSo8oUuPyvpczf-mx6I1lMsNcqmNYpL9S29bTCi8O_41U_a432csbs_3HZgteYpDwvRBpzUygqFHVNY6reYXBHMSX4P7ciip1TRtQNn8pcrO5yefxIbH7NFU9YNm0wto7VL5y4HBmb9jPfZLPV8LzTKamz7LdPBx2-XNkv0TKt-K6f7SpxzXOvxz1CuoRsJXohAPPuFYrAiwgmoUiEx6oBNvIw3GntB7wS6q2RrBr53dyVNmk4ixNDA1OCMmjOW9XQFPD7TBbLbHzih46Ey7YJqclWy6LSXsON3TRHS8pmt5B98IPBbE
7482,La Matera Argentinian Fusion,"3073 NE 163rd St,   North Miami Beach, FL, 33160, USA",La Matera Kosher Argentinian Steakhouse,"3073 NE 163rd St, North Miami Beach, FL 33160, USA",ChIJgQdphuSt2YgR3hVRdXKDB3Y,4.6,365,(786) 885-3085,places/ChIJgQdphuSt2YgR3hVRdXKDB3Y/photos/AaVGc3lyX1xsZ6fyL8r_1DPAE-8eDgW8pexRpsHr5smux6bTFJs0km-maxI1Kq4-ioBJulTqeXyf-GsTBekjccG43Mn-J3dx5KHN2h1LDo6dmD5Kkv_ea9jeWA-w0WQgGknQhtQccSucEH0d2Wi_hErfHrUG-nXu7iu7RLHSSvdu9LTJ4pYDm6gYafDyR_AqIRgdMpMFswuMra0jKp1ZDY4H0VjoQuIqZu3RWnMkAoDOD2svpAPRvJwcyP3s2NfeDIOPdrjeCJncUwgE-O6W9E5Abv_2q5lFRD2bEP8xClXv6MKVQd7wqdEEBgQUehI5uo6r7l0Pm_5EKIQPqq4kJtKcwf4k7GovtZxpkw4KBzM68m7lXLyio8r0UI_1eqJCofw5vkcoMPA4ul7wecreMWOd9_0BDuYoPYrv8cslF3pAD17Hemphn8h-6tvf4HTsCOuq
7483,La Pistachio,"7500 SW 120th Street,  Pinecrest, FL , 33156 , United States, Miami, FL",Pistachio Cafe Farmers Market,"3080 Sheridan St #312, Hollywood, FL 33020, USA",ChIJ55M_q-er2YgR0HuWqYk7s8Q,5,88,(754) 231-7474,places/ChIJ55M_q-er2YgR0HuWqYk7s8Q/photos/AaVGc3njFJyf9L0ijIs4s2aez_Fobjs7IqAwU1PihWFY2kzub-7BHnkOr1TJ1TXSshZcXAe1p4h1MdRRPV7k8YqoUdPZ9MFHy6DnbKAQjIhLqNuoLK3ORKvXolRjMPCv3mQJu2uaL0SOJugTqnRGomsmYNg_2JnJnYNSDUcByNJR2OYNs8yWeWWKet1gL7qgLKdvv8zzJrgzKKbqqOyKjF6WuAWy1_S7FQjisLtCpaGilcKFOpb1evmpa37VS9sjnlri8fOvYH5UpmwhesB4tRkDk0FJYPurXY03IuYPOlB3TRp_VpZIwOEg1L4uH8YoYvme_YB5YhM-gDU3_aN2z6ojv89kHBEp-rc_d3LXc4vW0u53g16pY4m_rIfs2FiTIYaC7mua101pLt7vnyvR_F3qphv7qXcFKH2W8CnG3NbWce5CnKxVtK9JAxiY8P53qRj1
7484,La Vita E Bella - TEMPORARILY CLOSED,"9485 Harding Ave Surfside, FL , 33154, United States, Miami, FL",La Vita e Bella,"9485 Harding Ave, Surfside, FL 33154, USA",ChIJI8IQdwCz2YgRFbx44k-UD5A,4.7,81,(305) 603-9248,places/ChIJI8IQdwCz2YgRFbx44k-UD5A/photos/AaVGc3n6-QaITfuFAkobErelkjB1IjEF-ljIHoWDiTy9ltMnCoaC3boivroLnHvwi3TCITx1WN2CTTseJHDUpHWe4uOhApGkdA6CLlflXyufkOXiD9PicN9WN2RvZnpOIETwE4cjCBgGBTFDUv66eP1v4yuadv9E9chdBTS5pgSUf7sMMORTIochJU0_QjCuVwylJ2UrnyRVKFFm-wclWOnzK_GFlJXQupBfoYyCwCAQUedycHVS7mSRWGs3PNzPRb2ZI5qO2pI8JexKRTBjLfx0U_dbtYzlDCv1UVi05PBFflNRTvF8mRX7ygbiIoTtcLRI7ktyGA4A4LnvHoZTHNVX9HZYEzSBr_lJ-UD_UlDt_eSXJC_FbhFCXl88rRj0ZLzB2_IFtKVFVOn6geZOehfyu4xK_tqAw_7dBg-WLGDiibUEI2LTCMpGqRsJlfVxcg
7485,Le Chocolatier Fine Handmade Chocolate,"1840 N.E. 164 Street, North Miami Beach, 33162, FL",Le Chocolatier Fine Handmade Chocolate,"1840 NE 164th St, Miami, FL 33162, USA",ChIJRyn17rit2YgRZ-yA2_7-BvQ,4.7,106,(305) 944-3020,places/ChIJRyn17rit2YgRZ-yA2_7-BvQ/photos/AaVGc3ksDB6K3ralmT5UGigKisKEPydE9oXvV0xZHs_EIhTS9pFtxk02q1CMo-BUWd9oUWPt9OrDViqVn5M1vi1tqasizxVgI6zs4D3syIl1AtJr4uyVG-FJ4uM-zHsSB7MVABTeI9E41HET2rjLYdR87wKVIr2F630nrs7G86P4xFWmSZBLeGfYPRicqMX2reB7S-kTN_qr_BYOd7rjog58YWUCVSW2QoF7Uqs42JBo-W6m3ccOhQ0xB8IwGnwZ5j4giytcri-Mzq5u9rtCFQyR8RZCHUoDnGpQt_nJIWU0raKW2tv9Hjtv7BbTMbYcUBMaUkWCMCACYrflAoWOjU0ek5L99s6CScFNb-Os12D8vZ3fjftKmRqrFnFy6hlCWHbRbYGygn1oZvBXkIzWCNxLhVhTPvKC6jN6xhZ09I0mEtU
7486,Levy's Shawarma,"3575 North East 207th Street, Miami, FL 33180, USA",Levy’s Shawarma,"3575 NE 207th St, Aventura, FL 33180, USA",ChIJYyLrkrit2YgR22KFhyzf_3A,4.2,612,(305) 974-4899,places/ChIJYyLrkrit2YgR22KFhyzf_3A/photos/AaVGc3mH4ukjiFp5Gp52F7PdczJ24MZy1Oq1MHkfE27RYGlVT0HbxviXidI67iqZzqkHWaw-bWJmFU7YNvSa7DdpoYvyOhylW_YiwsCh8tx7Uzea170ntveQNXOfAJX32FV-D0_2vgAlhAsZS0-RHadyTvuoRcJP_sOB8btI0VdrkqIglCK85y7wBfRMkYOZmosaze0aU7ia-REDDzpwfij5bI1aGVygwob73V_zdAbvK0jvSoYFCbKnVDa53m9PHboWOEyu2FQVSETNuUxxmqCpwM0zLncrPWrJDiD8el8ADMySmrtBEiZKV0Fn_w3frfnDleLbcReExZ7zr6sSF88OLR-vY9sMIifStO6csu6TFKuj55URZImWRr0fxeSlXExYrCRyYyR87VdAd-F2RVxRz9wNZ9Ky3vMnKTmbCKwxSPX1_OHD
7487,Luna Sunny Isles,"18110 Collins Avenue Sunny Isles Beach, FL, 33160, United States, Miami, FL",Luna Sunny Isles,"18110 Collins Ave, Sunny Isles Beach, FL 33160, USA",ChIJ42tNaBqt2YgR6GOyFUAkrJI,4.8,175,(305) 974-0019,places/ChIJ42tNaBqt2YgR6GOyFUAkrJI/photos/AaVGc3nMSM9SZ5LM_WfwnqFLzbjiPz3Dr8zhnEd5RAe_yPG-fWPm_-0cB_ovtL-lis78zhwh1Hbp_CrFKCMZPUZlKNNWRXyYq7oLexZfFUERFWUzJSKkPo4JDPYV6wl7EmRgI7D-Rl76-m1aTd-LNoHMdczRTy4iG__HmE2d3wk5wWJ8vSnVfGCpmIlz1ZWJB1hYEaGUZU4JIqGeDr8ZSK5WJWlmTZJH6fPwv7EeXg6C9dl9MtHYhUuJMlV78yFVI-a4pNUwb1iZfSKmmFcIxSWhppV3Q1-ZYJW576tdvkha7WznkYi3IS1PP4bOKhK1hq1SUGGqrxpOwHxp4XZSUr44DreyOLvpzVxvCJlDrDdM1DuoZBaAmcYsckEdP8TU6PmemtvcS38Sn8c1EVckGO5EISZL1PTI6AxBPM8rCtzx6vSfqaiXTMJIyHFKitrQ_bV7
7488,Maison Ostrow,"1666 79th Street Causeway Suite 102, North Bay Village, FL, 33141, United States, Miami, FL",Maison Ostrow,"1666 79th Street Causeway Ste 102, North Bay Village, FL 33141, USA",ChIJSeE1l9uz2YgRxZY0cKBMT9c,4.8,228,(786) 803-8092,places/ChIJSeE1l9uz2YgRxZY0cKBMT9c/photos/AaVGc3mo6dJ7KATUuFIShvMzWgtTByhMuqIo2srP_DvPbgBhmC6keq5kgBsh9_V0_3Dw8CxsOMiyYnupalqXfgbdvPRC7lnmF8kp423esK44ZcdkGekPavZrUJ2TqPHnA6TzzBIkPMkRDHhM-roVlYOCg8jDeY5hl21l3q6r2D2IYCISPKkE-qCmtD6r7SsoxsLkgro9Q8ZS1x2mF2jDTSgdK69ndzBHGF707ugyXSJrlGhnt-pWtmDDwgybsA6T5SkgX4akMvfEyx6Bf3-ruoZIXnfJvcEW_K0btlLs-Ui1ZGWjXOCJPsKzxRAKIqZnSlv5GpR73yGSy481tTrvVWb9_oBM7xwS1fnPMF-gZMeMlEEMfFa9BAf2p56RAvz7R_CB2F_no7pEKZXifK_nMG3LxxGgpNelU9Qmh3kbcmGjJf86XDNNWfgaEynr6hZBRTHu
7489,Mama Pizza & Coffee Shop,"19200 West Dixie Highway, Miami, FL 33180, USA",Mama Pizza & Coffee Shoop,"19200 W Dixie Hwy, Aventura, FL 33180, USA",ChIJk5JJCFqs2YgRsaJYGQUuGM8,4.5,542,(305) 974-5549,places/ChIJk5JJCFqs2YgRsaJYGQUuGM8/photos/AaVGc3lz-dPCbmGH7mMVJno5uFkxf4pqXf4Fl0DgKc7ckkXo9Wat3G15l1gW1tZcEZomF6wVfxYV2LymuZG8Zh9vjRJfa1ncBxzClito2YQGjkolObNKVWRTqexEsjCEBIl6N6I50JntPA66VKP6QwqcIH5Lkviq-eArwjjSreKSDh9i4L8Hf8G7E-1O9ASk8z2FwzawMNOYQjvAFwMfEYXKkKZXyLI18QD6xhsdiX5lfWzSMA27weokHy-EshLhzXJD5YDCqVGO9W3tn4fhhO9sg1Nx-82N2IniYL7YOOfzwG2WmYaCPjnlpT_NMIQTSPCwnBjO7CP42g98-mycbqAwG_tekVIsnDArDdCVojmKLy05_UKkHzv4SFttAnLMB6KRX4Y082YZIoiB7LSmLB1zNQxajP3244Q8BHmpA5ntrNFjppwP
7490,Mamale Cafe,"1017 Kane Concourse Bay Harbor Islands, FL, 33154, United States, Miami, FL",Mamale Café & Pizza Bar,"1017 Kane Concourse, Bay Harbor Islands, FL 33154, USA",ChIJ5dBeLKSz2YgRJP7SU4SCOZE,4.9,323,(786) 648-9045,places/ChIJ5dBeLKSz2YgRJP7SU4SCOZE/photos/AaVGc3lExgCJzbePY6J01oDlTp9S-cAPhE1PFyZlvbgV_CA0znLIRymDO-K94NKGsMwlhUHK5kMW7x7EpkerTa_U5w-TYq6h6F7pxWGAJ9SG68vRZ30gi32EAX_COhvD4OPG_zgd35oSoTGehIjlaU0wt1q8-b3uR1t0VJUxwCrClQ2VSxw52qAW0qDrgVL1X1koL2EYWoUt8KdNVAgVQkR_VPpK8HFS6iCGPRWKp8WC9xAgE2zTDX7ClhYcN3tF4wRiW7vD0VqDi-fd4FPT8bjvyKyqHyzVmzHNuV7N4VBguhP0e19rWpNQ-ak9qlgXLT_fc1XnLTCOTGm38Ia8w3kDJEbQWm6dHCA6W9p2kEZs3LoZFndyVs3MnVdxRv6bH1mw7go5MUIgdSsGv2As0ufrvdO47YMHhbcT4mzPhqsJiuA
7491,Meat Bar,"1009 Kane Concourse Bay Harbor Islands, FL, 33154, United States, Miami, FL",Meat Bar,"1009 Kane Concourse, Bay Harbor Islands, FL 33154, USA",ChIJg3cJcL6z2YgRKdLmftM5h7w,4.7,1030,(786) 216-7275,places/ChIJg3cJcL6z2YgRKdLmftM5h7w/photos/AaVGc3mmVHLbgfpL_EyWQC6ItDhxv1z3XyshUVb7XOaJbt7Wi2CAVy2z6dLxNLBBDz7mh3HR432SKZCknilq3O7hiAJcfawEuNsQsu-aCMYaLIN-GLClpQOY0I2qFqAtCDRcHOxNPBbOZ7A59xGZfWWZ5KxTCmYlpoA5fg8IdOoEMlusCC1J_AB1bw3neCB6M8wN-bGIQghRZhflZksAKU1WSwvAQE0HYSBGX1HhkFZt32mbBnP1ARmc3UbkvrriOuHaJsvmnJSdg-SxcDVtHZCoJvTMrbl1iGXG38TuZrcbJpKJ8xVjvpS9XnK_bDnLL8e_YUrhupDr1CA7Zo6OqDeSC7n2-KDXHM6sUa_9pkFVRJILmJlooEnu_ESvKDeqHvNtsf3KYIT3p_-AK_QefaedO51cM_FIttl6Lw0BxhXp0hzlqE5F
7493,Miami N' Ice,"1214 Washington Ave, Miami Beach, FL, 33139, USA",Miami 'N' Ice - Rolled Ice Cream,"1214 Washington Ave, Miami Beach, FL 33139, USA",ChIJi5fPEI602YgRyI20GRecK6M,4.6,475,(786) 703-7436,places/ChIJi5fPEI602YgRyI20GRecK6M/photos/AaVGc3ng9o8KcIP7AcjQig23lUr0j5BGhuhoA3Vwy9HUosR8qAgwA2zc-25dR9xWhEtTHWzJTR4OBtijyeScT6LtjrAH7hLYLMOBv0RRsIvvoq4zm7x9MS9yR4sWE56do-E9M__2b_uYga-_Ue_9v3Wa6rIf8mjXgnSBebL6kEjBATwwSPg91hJ5AkNFP3OWQo5bqG5y88SFiH-SJdlYInTmO1cpuB3UI865_gkS5YIM8LN02pF6fZ7vtO128XDsZOuy7kPDfyIietqaVgSEhqvSQhBVUXB0r-AWjSPWsi4XQIfutJ9Cd_ACN__ytFwKenbQgvoSlmEWdoMHVr0KGjA773cQXchTiw1VdsRz7yQBcLaWinXoujeljWP2cAG9Xk-7EQf1Z6SrnIKcNViUwn7z2zpeIra7X9V8JtrBTteh6I0
7494,Milano's,"19090 NE 29th Avenue Aventura, FL, 33180, USA, Miami, FL",Milano's Kosher Restaurant,"19090 NE 29th Ave, Aventura, FL 33180, USA",ChIJnVeXB_is2YgR6aODadYmm6A,4,702,(786) 640-6400,places/ChIJnVeXB_is2YgR6aODadYmm6A/photos/AaVGc3mQRmXtf3ddEkOrokKrOD3xS46Y5I8PtXaYGm8KHm6jJuOgsJ8ahnOFCVy4qHx6T6WSZ9Sdj3_J0ipSiWr4CuP-1GW42qynS_vGfFzsZe_hZ-rBhswnyK2WgimM8mR2FzxMPGUxtx0UfmbkssIwgAeIRjlpmOrF_OhmSiAo_m7GlN6gT_58l7_xW2vpsqsSaOxt-SNbnFjtCz1fio5pnlhiEbjSURqCJh2AphxGP_9Zns1rW1DiCSLdRZjckEygknV_33xfqhQV0Xnz5hJ7lr1iuJ4rPdBUBpxNirzTNKwp8l-jkpUI2W_Gq9k23qwXLJxiCRwGQztHyFpUYsPTHEfzf1xh5dSDvp8GA2Mcej81XsPOLPZ983lWwwYW9Mcy-Ao2h-rE-CU6ZRjgYIEPNAX22ETjOv8LK2Of3KX656A-Zl7ihDnhMPJDbESuZ3h1
7495,Miri's Cafe,"525 W 41st St Miami Beach, FL , 33140, United States",Miri's Cafe,"525 W 41st St, Miami Beach, FL 33140, USA",ChIJd6d9rY6z2YgR3ATm93Blbnc,4.8,303,(305) 538-0300,places/ChIJd6d9rY6z2YgR3ATm93Blbnc/photos/AaVGc3mo9iuk8InNg8Prdsava9aQY_ipqqXkjFoNK1p-rvnTNixIP5Nl3GIzxiClmldAGfvmlWn4KE91sfyJj_4I5hmQwk4pknArdzwY3rtVGV9m2HKRTwo59GeW23IIWDKI7jHdeAcR2IcdLBl8a1YoJAL4JGKtzhv2E3uXO5Lymz9A6tNVmib9qCLwKGIZ1GrNE8bmWt5pkp4g2bKER4nA-J2B4SPXNCGd5lAc8xhFfxyKuvzH6S-qIZPMjcen0fZwIXEl5cYv9Mf0zz_Di1Lc5SMfJ_3D-wDWBzcsHWOEkc10-_w-1INF8IjTn-eUEeKRS6U_TLtk3u2NAXsuqF76LJDa4zU5dKk0vI437spExbmpiy-QY6RC0T3hrDL8W-P0olonYa-KhnGOHe_UkroyLseie0hg2ceTLS6DtFONOA9M07Nwz22HCi0rVPYJSt7a
7497,Molly's Gourmet Meals (Gold Kosher Catering),"19593 NE 10th Avenue Bldg. #4, Bay C&D, North Miami Beach, FL 33179, USA",GOLD KOSHER CATERING,"19593 NE 10th Ave, Miami, FL 33179, USA",ChIJP8zR5Aat2YgRsTLP5U5s0H4,,,(305) 249-2220,
7498,Moran Patisserie Bakery Aventura,"18525 W Dixie Hwy Miami, FL, 33180, United States",Moran Patisserie Bakery,"18525 W Dixie Hwy, Miami, FL 33180, USA",ChIJl-QIrzWt2YgRf5wpfnyvlxI,5,19,(728) 240-2857,places/ChIJl-QIrzWt2YgRf5wpfnyvlxI/photos/AaVGc3mI1RpNsr0Y3fGbRv02k9qIgDkSLCOl9qGF-XuhvEOxU00VkQWRsXjBi-vPO87UCcvtQk5a7BVMWh2986TaSeXxDecutRyW8g7ATVxZXCquQMBVit7Ajuq130rtpcN6VLM1pcBfluTdD4ASlLedkXuJ55eqYRDiJueC5Zsi4DVAGWtSuaVltqKW1fMIH4BqlA6Mu4IpknTB86H9DwnPYJp4ispIakOwf_3QLJB0uzC_LNlJ1OYCnbX4fkxBcfrA9u2FZ-c_o4c1xhKyXDIsLllDQmmZbPXWzjV0xW1wvG77_d5q925QSyKyMs9VyagYLtYHQhxysOeprJbW7ncJ33E_c-aauO8p18bhjlC18IUq8KO-zP8X3yUbMbQyLnWGOhW0LLGqURsJxjZuiH4N_DsEUbyTwl1Wv23f-aXrivfCyVzyoxe5eSHYgm-LLg
7499,Morelia Gourmet Paletas,"76 Miracle Mile, Coral Gables, FL 33134, USA, Miami, FL",Morelia Ice Cream Paletas - Coral Gables,"76 Miracle Mile, Coral Gables, FL 33134, USA",ChIJifkoipe32YgRllmWX0qkeUg,4.8,1482,(305) 615-8525,places/ChIJifkoipe32YgRllmWX0qkeUg/photos/AaVGc3k1XsyBoflGVN7817kwv7YqygCe7uQ6zSMeykbd6XlqQSxMo-PCSRHeNMgVr9LoF9ELuR1oLDLCstub9PdVFCtRPKdQicob1n0LMt_pzPOt-NUoDONtXp5uW_WMxiur6tL49o2qhw2KAolrU38qRHtmG08DoeSij0UA5jK6bM3NlPKbnVfyhfbjkN9uPnlplIMHkcl5YVLhZBRpUos--Clj_SChXMJgF1GIvEnL3ttnC6K5-czZikjILIYWoI7xdNyMxlpst_CM9qYJ5cjNyP96HqjRTqhBY-Q0WZel9Rso_eXntzmoyGr9_Sehx3yCRBYsuvmcNkZMepIqh1xq66grk-nMf1Xzfj9-Y7HYtIvXK-MLUZwgl6NesO8wnXdkKNFBmAeFq0DiMdKJ4PzHzqOwdryFwoi__XyWLHgbgbbDnC335mux7MiwKTzu6WcI
7500,Mutra Miami,"2188 NE 123rd St, North Miami, FL, 33181, United States",Mutra,"2188 NE 123rd St, North Miami, FL 33181, USA",ChIJVxmvsZCz2YgRamqn_tHB5Tw,4.7,204,(786) 860-1213,places/ChIJVxmvsZCz2YgRamqn_tHB5Tw/photos/AaVGc3n7eviEiAlyxZxTNE7bn9IDBrfA_ZNA72hnx-cS7hHcn3J1yNL3JTDOPNU7WiAPvHxTs-XUzddgaT1DGYUY8nKDF_LZcP-YYDJkHKIh7hQuJfuPnauR_hfT99ldHIoBx7k32ufIKn3B8aOphfWcpo2mk0khjzCdNlNM7zHNk7zXZzdvo1-YQcOzHL5RnZ9tnGbl88DHLseMgtwO0SsdNA4P9Ha_oI7ufJz6j6kSB9-miRzFoeIumi7U48StH535lfUfqB7kDM7A7WhCLw86BcNSNZxkI0-HLLm8hFKIBEomimfmgHsbjEhDdwnHslWF7z1EaJ83C5fDEAVCPnR3n1hwmCJX_MysHmlBGrn6UAHIO5mSz6Gmhc-vVNBNzcxQnzIjaGj6YVQwMBCyncDo5BeHZN6d4RdMKBI08JdmX2YSbA
7502,New York Bakeries Inc,"261 W 22nd St, Hialeah, FL, 33010, USA, Miami, FL",New York Bakeries Inc,"261 W 22nd St, Hialeah, FL 33010, USA",ChIJndIw13G62YgRVPbrdgt4qKM,4.6,27,(305) 882-1355,places/ChIJndIw13G62YgRVPbrdgt4qKM/photos/AaVGc3myKCmLsrIGeOX1F3zItp-u_TKjKDnHNg6LYTsioUDD-Mgz5hIwlQq7QIc5ogVV8dhI21DoUEfzVvPAvPrXqpwOfG9m0Di1GA_CHJ6nIcZmk11hfSFyt4qZgpUMPOP-5dzupWAyB1E7tbgnODPBexEsc1gqII47lHXN78qvKWH99xSkO0VQvh4v_wIfR5XKSPCVLz3tdQxDiunXDw5fNCqUJNcDAKwXMGrilW-v6CBMBK3dLRQMW6fMaOmMEEO3Stvg3Ux5OEwrIGt5bRWYY_jPsM_27jbeTRzj_oczGnaqSibq7eXGV7WVJCoFgW73q9RHBNViWDtbrsW1evVorW-b85-42QOy-F1KHh24Mb-w_vWFkrjwAhrFI7OiXMhZxzMe-9aj33qAEWiml4AGCr3vyAHLmEdofkkXIlNxUeZHy_zQ
7503,Neya,"9491 Harding Ave,  Surfside, FL , 33154, USA, Miami, FL",Neya Restaurant,"9491 Harding Ave, Surfside, FL 33154, USA",ChIJyW9tubGz2YgRHHWbuh2sJJI,4.9,2159,(305) 452-0768,places/ChIJyW9tubGz2YgRHHWbuh2sJJI/photos/AaVGc3kVCo9m1yH5-H_lsdP2OWuhnih1P0tdQ8xb-4ce2046LdJ6G_-ZgGkfinDIEqtxFyO8aIwTA_jZNMH-eN_GObYrwNOGBv8zztUDAqBpgCp1qJnnQN298ASGqrBLTUPYYi3v6E9qqIOpQsvD6IwirlBB_-ohPuWyzeN1e72Cqmmrf8aqg7GvEGpU5Xv8dzSwOTmhVmnyT5BELZz2YYcyUq7aCHXYOL6Mg1C9jvt2hJrfVgYfwjF4H_LjShOAXnjZ6BZ2q-DJWB-U-mjSnskrx6FJQF4JX5wY4TBJ-qlpAiZTrbw0ViBeT8DsOeqRUW7wn9xsouqAXyVN6P2nWd8blfs09LByzEhjRU1eVExvcp4_AyKiE5mJOJa6uyM0Sne3hcc1NkcfGO8Gt6lweBQp4QXsAZadg2BMqNQGYC928tjDBDSa
7504,Oki Miami by Fuego,"3873 NE 163rd Street North Miami Beach, FL , 33160, USA",Oki Miami,"3873 NE 163rd St, North Miami Beach, FL 33160, USA",ChIJ9TnIau-t2YgRy0ptUmzbQJc,4.6,73,(786) 724-8403,places/ChIJ9TnIau-t2YgRy0ptUmzbQJc/photos/AaVGc3nUNLiQYKsny_n4uTLwMxelvyym6iAqZgb55SmZ1pxxXkLcrFaWr87obfcGsQ_iu3ul4C6MUv61K9HG3KVPbzUt4STiL1URmDUWLoVJnDIgj_hMmvgnWDxLTMH4-iHgvl-YpePGADiJnGQ5WAwENtLX1KttlfigwwSLVlfuEmHEuLJ0BRLEv1YYJctv6sJnLAGUkksrOqpIdJQ7z6p6Q6saEbgeQwG1T72zA5wI_13tI7dlBjmSNJtJABkmSmzukj9RNvMlHA75HrXyelH2GOJf-O--Kx9yggs4UeX5cmvcTbSVXF__Bu7HuLMhOX0kQ0LDztBCz_RuSLQAvMiOR7A7I7PF7Bsc6su5NT4MmdG4dZXK4zCurXFGAwMuR-I-P4gtVkyKVOBG0oZCapt3CvQXTt7tcO6UieqlTPH2ff4GJwwj7k2dmuRNEIA88bXD
7505,Otoro Miami,"976 W 41st St Miami Beach, FL, 33140, United States",Otoro,"976 W 41st St, Miami Beach, FL 33140, USA",ChIJ6-TOJpyz2YgRIqu4EdzhN2Q,4.9,66,(786) 899-7688,places/ChIJ6-TOJpyz2YgRIqu4EdzhN2Q/photos/AaVGc3kEJZ01feA8VN673DBDsi6j1ZMf93d_do30qxKPMYrTFQyjy_GlldGPArENICg_MmsCJhs1ba8SUl7-7wMu8MdMNBMHixh4MxzeEFXlyFLMKMwuqjp1tTX5puQ7h7IesT8InW2hbMhwoxOZYQJIxXNCyZaBhUr8Y9BMDKQR3oFODMhtP_ndMVzDqEIC48Ab6gl0urXsYzlK1-HYskUY_9kGAcPJPEsAkHIuIvFhVeKIO1oEjsgNsSy9g4i5cLFZupuAGmGoVhd9KuKjd9utCwr7XuEf1oFWCsz49mUpaZDwXXKvHL3ROmj3mSmCpyqmGFldc-Vps9eFuGavwCQIqyhLTaO0wANA-w-Cwi645we6KAbnN4rtQR0odiBzKGYOsYoDZu507FbYRV5aVj9TMuRqMLqF0yUjt1X6PIrsn5e9QE1EOzeEk4oW6NWY8aVD
7506,OVO at the Altair Hotel,"9540 W Bay Harbor Dr,  Bay Harbor Islands, FL, 33154, USA, Miami, FL",Ovo At The Altair,"9540 W Bay Harbor Dr, Bay Harbor Islands, FL 33154, USA",ChIJ49puMJKz2YgRQJWmIC-b0UQ,4.6,350,(305) 990-2228,places/ChIJ49puMJKz2YgRQJWmIC-b0UQ/photos/AaVGc3l4ovADz1tzSzXrPbhizLtO33C2Yq4G3e_D3htsASlX-h6mjhewYdikfD9kT3SPaMN_nddw1651GiAnuH4wGRFf1Yj2WRNC-OCb4mg_XLo2rn8cXiOB66jwmc_H-oky53mbjMHNHyCmPliwN8FeO4ZRBgu8oniI350C8IyKfT6-4kl46cJdgcdlNaxczxiHrufCz0cWBpBq-jFsS0zgoPe060CF8kzP9Ux7z7tl7NKPDqb-Vc17hW7c8aN8TzM4EKsAaiT9OXQFfMnbG2tLzLutWMRXC7ztE7Dmp1J8TWeAEHkWPbpsWFTeNPxYW1Y72DlQj-GnY9eouQU1fgYEEFU2zPbPf39tA9tJbliKJMxjiDhNYKojN4SBSxXpoSMOexg8eUXnBn_eEppz2SPcbbl6OA8t0xtT3Z6BjlfxoA1FYqqe
7508,Pita Hut (North Miami Beach),"18450 West Dixie Highway, North Miami Beach, FL, 33160, United States",Pita Hut Aventura,"18450 W Dixie Hwy, North Miami Beach, FL 33160, USA",ChIJZTuK8FOs2YgRh52WEl_m2PM,4.3,872,(305) 792-0821,places/ChIJZTuK8FOs2YgRh52WEl_m2PM/photos/AaVGc3k3VZ5JO7HROHPVHjqprjox9vbpzcocdAGez-BTBWlGDz9CilEOvU7FTUxaoqV9C1Lk-BUssN7NBPAJg4Kb8zUU4De33hAVjF659ibX7_HG7PGz7LeOOax4R1gAZ6msdVKWr6Vy7TvP8rxbR49kFIr5WILvTBY768FfKJgvwO9S2WQbklrudN6wDPISFkmaZL3iwUZxPMNSsJ3kkn5ZC8hZOx00N_D6JibZktSBby0h2erze3_sGJ0aK4o2C32LmpOSARCmxOQrVJ8O8IUjuU4iU8M2SPG_rghaQ81yoLua9u62aAaa8yEM4nDrV1Alag3l5jYBug0-4aGnvBx7ZVFJa9wMhjjNpp0cNYmF0ZbpSTCLhhVNuPCMiMCSVx3kRya1GRmJtmW5JWl60GwlO6z2V5zcDk2aBz1arw
7509,Pita Hut Miami,"530 41 Street	 Miami Beach, , Miami Beach, FL 33140, United States",Pita Hut (Miami Beach),"530 W 41st St #3510, Miami Beach, FL 33140, USA",ChIJ44Ejt2-z2YgRwEy3ijoqqPs,3.8,1190,(305) 531-6090,places/ChIJ44Ejt2-z2YgRwEy3ijoqqPs/photos/AaVGc3mFZ5LW5PgAgKX15ho9Kb8WM2lOQVWvMbUfc4IeLNbY5ZfIfQ2qUxg-C1TrxyLKTZ7R1wmUL0b5ACyrTBySqxT0MSqQzb_MTc0XymK1sCK6izRzEtqFh4GGMutPxKrHELKSBqI0LR-Im8-4F0wNJMG3e4xHR3tfTt9RcVvoeMEXj2CpcsqBHwhYU8WPZ6-XWscHqKhCJuXIaJI5GvJXIiJqqK6Q57PkKkYYwx0-DAJgIKwVRhBw9ooT0D3eeRlph2Bt3VgU0ygcmJUU8YqqzCZ3HZzVA8T92B0MN-vnCygJHVAa63DzzRrLlhNcRlHhN2B7wjaRmA7_fs8hD_3GLtry618ZBJM3R_JPimPciF4ThahvXS49EWRy-T7IPr2vlJvMvqwLefPFEO2afY_Ykurv5klRPQwXf-Qgrs0M-hVKE3mp
7510,Playa Bowls Coral Gables,"6620 SW 57th Ave, South Miami,  FL, 33143, USA",Playa Bowls,"6620 SW 57th Ave Ste E113, South Miami, FL 33143, USA",ChIJjdkVY4_H2YgRa88Y1Ni2cV8,4.8,639,(786) 550-3007,places/ChIJjdkVY4_H2YgRa88Y1Ni2cV8/photos/AaVGc3m1Nmxxz73FWxHaP2ZjtfIVaufRHpKhj3n48En1w9LwHwX1Pi1sfDsOfgXyLh_QW12UoogchYxMsp5E_HAXXRgz3qaJ0Int5oi57G-7GBYZP781IMcM6eF4AY7sP1JgcT8mFLXSLb-dfE-12YEUv_ZhzBHQXFOdt7yNjZbDthewDw-5YdSSOot_SZbRq0J-hq6357rdKE99s8eCClLIf74f8Zqree11ZJcxzqomKkPeeM-Hfju4fGly16MhAjpyqy1fIySgv7YlcxI1PBHlsXrQvCUg2gt21Qbof6siSYYMuNTMNIvASQiZf7cPEUQOq4iOvTvUmtGcvg7reXkQ6vvbd8tsXrzFx_RXtOHrkpiGyzM-6V7QdyPwzo4izg209y2DN-ejVqinI5VEZ9Il_NmXujmmvpHfmAW461u3yiT1Ow
7511,Playa Bowls Miami Midtown,"3111 NE 1st Avenue, Suite 200 Miami, FL, 33137, USA",Playa Bowls,"3111 NE 1st Ave Ste 200, Miami, FL 33137, USA",ChIJ6b0yosqx2YgRwFNHXQ4B5YA,4.6,349,(305) 640-8763,places/ChIJ6b0yosqx2YgRwFNHXQ4B5YA/photos/AaVGc3kbWl64AnXddIfkLFIZIXkyY_mqzUxpWn6fPbuUUufex0V4QYIXOcn63DHXdJVXWkO4MMZrWZ3asrpZvTtm1OxsDSAWOHd9RowrqPWv7G8zPLrsZuohq7SjlKNMfLs-PxAsQ-dWVQQyT7w_Y0WeO0tew2K--PAauspVb9G5UkKnlwGbKXfjQEu7Tb7W-ygPl_m2WlEMWkD7Jfw9T7pvQ6NhS7VG845I2BhbbdBj1HxSgn595LXohdDIPW0QojdPS20bztlIGyuxGQRQxH8PumzG7gHWglH-JqSOAMCg2nsjofj6zLlyRVghIqQVXFO7N4zYvE06_r4RW0YRZKvxq0a6zHUhDJvfwlllQpNrIA2uiORQyLtlKOzhpebnicTxctXM_0hCEMflYyxRVX5p7Xl-SFDaVEieqEbK3OlK21aDMa3K
7512,Playa Bowls North Miami Beach,"14881 Biscayne Blvd North Miami Beach, FL, 33181, United States",Playa Bowls,"14881 Biscayne Blvd, North Miami Beach, FL 33181, USA",ChIJpVaRB-Gt2YgRSq1P60YxIJU,4.5,386,(305) 749-6246,places/ChIJpVaRB-Gt2YgRSq1P60YxIJU/photos/AaVGc3lrRAaQZwo0H0P5MJqX9tGqpIFEVsU1tOF2Ia92_OKUCWowT-wkeoDEMUO5DDkarNHAirp5QNttgLxQH6cTb2Ca0wVt2jwRuN-CGIMEFpeZo5KG8O1GW-prAWRUSP-5WT069troD2oXKb-HjgR0xYKOlR96ypAw90LQkedpYLvfYTnO0JbiSzKk62e5QU1QXk6gAziRfsL2fT8KMMvUODGbm8mQnHAaj6iniriBqCrbOAmruS0onGjF9ZoQezcyQjuo72z49iq0jvZAJuzmeGwmcAOMjJO2i_0mQQF_Lp6KkguZaNOg8QwQzThw5qowDbIyYLskz8eu1R0Hd-pc7NfzSg_OkPnI6_7lhxIAqRtlIlk3-_WH5DOGE4CYzkiZqgUDG7l9Zfqzv6CKGlavMVzomF_5US9d93Q9QrVlUkM33tIN
7513,Pokado,"1622 NE 205TH Terrace,  Miami FL, 33179, USA",Pokado,"1622 NE 205th Terrace, Miami, FL 33179, USA",ChIJi7HbhgKt2YgRIS4sPFjDx5s,3.9,11,(305) 320-3012,places/ChIJi7HbhgKt2YgRIS4sPFjDx5s/photos/AaVGc3kR4XgQorWpgUkZrpBeXQ39JDmZr3v8Egr06dO3SFIRTJJ6eKDkSzHYa3lBKp_d6oegmRUEkzRbwj30M0ikdwAltnJnntrc2XtBPeAkosX30MWhae0YZaqOQ65ClpHjF_FWIyS6-NBxghFABzdfrKdWegi51fk-mAV1J2leRgWWVpWYHDreUZG3iIrRilJK-cLU6QLbUIcpzqHdY2HT2HfoRTtWPKR555wqFl9XubMRReLCdj4atGEajxLdMuBQikD_jATlVkcne2oAAw6qPIP224Xq9xzY2NJh2OdDJD4aqSqlUHjvW_whI4zOPFHAqb6h1B---ph5egxkgTboPznuu5iXEpCwkzEGzL0Br3m7ydRgy5m4-fRhPhxJAgtNq8Oe5tkLtQKJSz8Dk9yUUWUdYsRcCUZnbbjSLb8MeYjikoy2
7514,Pressed Miami,"35 SE 9th St, Miami, FL, 33131, United States",Pressed Miami,"35 SE 9th St, Miami, FL 33131, USA",ChIJR4-mrP232YgRmxAzIzFb9Q0,5,3,(305) 395-4733,places/ChIJR4-mrP232YgRmxAzIzFb9Q0/photos/AaVGc3lv7rfBvlFHCsJ5-GiRVm0_Vu-VNMskRk9-BAjukShj0d6bEO6zcYdrbGFDAIZXLQ1uSrW4KFKBm7U-y3jH80m0ybHGRgOh8fyB1d4mLKoLn9_AfZ_h8fMaTargWSWpyZgr9RnAw2tFcOh2GNTj_mI6uN4GgAQc3jvDeXDOMtxuEbPmNyMkTf1obESwAKH2OYhL4lU2nxAEeRvjzZ8aOps_N4j0Bwv9TTLW-C-gc0gprV9aOC8jn8KZMhxfxqQ2XleRZUBwcT7RDI3gNqzfiAZDYJBJ0-qmSuRfNbc3znimHoMzHVZE7RXO5UB1EsDap1qwByOlGmA7ftPpTC4-dEp0gg9D-IMZK0Pnha6nAac4zbSwCbTuow9oE8Ki53tATiLXSrueFuSVRRv9DsMJyCuXm4AtseFbnARKMwrjaEPegcxlP4KJ5WbVgL-ZqA
7515,Pure Green - Juice Bar Sunset Harbour,"1915 Purdy Ave Miami Beach, FL, 33139, United States",Pure Green - Juice Bar Sunset Harbour,"1915 Purdy Ave, Miami Beach, FL 33139, USA",ChIJgwpOCn602YgRb9HPRuBatrs,4.8,174,(305) 763-8585,places/ChIJgwpOCn602YgRb9HPRuBatrs/photos/AaVGc3k6TEw4E2NA_JjSLJeO7AKTRSs9HBCJ4Qz6JkTagTpC6pA0Qfpd8xoPN4gAKkYR1QByocU-djtdV06z7_gXRn_BuC2hZEy5ey0YUo_nM82h5og7PpX1TUgt-hT0x0dmS6rz5ZqHwD1UbC_oeNREI2xDW66TYrqxJy5e-TW4UKUKzV9Cu0y1h3lNl0KS7J02dzpJZpk6xqH4gY41II01FO4rsBA2mxdogMAFcC_0hzdg23NaGCN8umsr2QvQmrnymu_Xzw_U8wb0rgBH-iRvSNab4YNnRXcr7sgWnJobIX8_KX-UZxrs2N5pqHqoGe3YCMYZvC3y3F6lZL75BFIuqI4CKwYloj0gisC32W8pItun9jNvRmlah1dl83d0RF1Sd9JaEzScLh_fQtu4OF42XCpL0i92o0b_IG80fngbiZlKPefW
7516,Pure Green Juice & Smoothie Bar Aventura,"2960 NE 199th St, Ste. 4,  Aventura, FL , 33180, USA, Miami, FL",Pure Green - Juice Bar Aventura,"2960 NE 199th St Ste 4, Aventura, FL 33180, USA",ChIJsfiVJG6t2YgRMz250G6XO1g,4.9,620,(305) 749-6633,places/ChIJsfiVJG6t2YgRMz250G6XO1g/photos/AaVGc3kDlphj1fs0XXSCLy1JR5zEH24KxvdzoeJm1dRjhraCKIFa5XSZ3bdYdJW4bd4z1cBo4RDfnRIFKOS7li0K8QK_wgKWGhbpFCMi368DRpOhMI8gR0guDWp_IqODkMuBbTFAQa_ZEZas7Vhh11bwgZ8evoBAo5rrCFS8avbfc6xJlca3E3XN3rba1AoJXGyE5Xuwh5fwqjR-NbumrDH3WouaYyx0ig08ZvDxAsCwqy92z_Lwo_IA995ZhMuNkrc0vtvu01nJN1yn2E842wBEAVJJib3l-4u8AdDVg4LR2-HqBOnA1sc0zwy44fsdN6LEvxTBePxlrbLFeTb6eq_tIHxEojjRJ31oqbm-m7ZhwsFzjSE71juqH7h-yXX4ruqfjkgLeGnalruhGWlrD6M5dMYaL7TeTDepCarTepMbRYRSXw
7517,Roast,"9441 Harding Avenue, Surfside, FL , 33154, USA, Miami, FL",Roast,"9441 Harding Ave, Surfside, FL 33154, USA",ChIJcQ1i04az2YgRN7hkUvnlvic,4.6,298,(786) 803-8857,places/ChIJcQ1i04az2YgRN7hkUvnlvic/photos/AaVGc3lW9oVbIQX96bcEoUfjJfPTIidsqdle-sgrdBWOHzNzCOX3FqhoEpFJN7Q4trciYT_xDouGV0EbzaoI8y6Og8ek7lWvmxW0QS9ZB5tcdNfKyolBC0sp3HJoaa92Qkh4jBzl3ipwoQC5lEITGwATaoLKSZ_b8dNWSVdUAwkSLxHFI1kSl5zmxlCrnl_q5Xxt4K5QhlxwHI4x7RV-oex8b34eahA0nQzsi7mJ4b1jgL5rTbiWCutT-ce4deEd9Xqrr48JD74FOVEtAG3iCoCsiByqf5_L8CvD5UrrRIyF0qZM1Ab6pAuENsiuwmQuxFZn0ojaFGc343iY2of_3FmtVAaokYc98ZZLDJRy9T8t8HshOFkB-_g8AbLDZY-pmGG977S6AZ4Rz9zaIDGqT_PnO9f972nGwqnXkyrSjk8iVafvNExM
7518,Rustiko,"9476 Harding Ave, Surfside, FL 33154, USA, Miami, FL",Rustiko,"9476 Harding Ave, Surfside, FL 33154, USA",ChIJAXF9h5uz2YgRF5lupJBXrTw,4.5,957,(305) 560-5650,places/ChIJAXF9h5uz2YgRF5lupJBXrTw/photos/AaVGc3kkhnW38KgdMiJTprPZ-F9RFtDTtaNxi150vgJg9XzrK_mBlHYFoO3w9I2DCiUxSD8xWq70r651eBlvFZAm2PuOmdolufzLQUJg3lUgrW-q6BR7El2W8tm2KywgSyWlIMG_is2bW0v0ZGmrFbe_7Y83oTXIL0kAJb5crHSuS9z-Z46uiOxiX5abq0UY2TqYSEMNbJPNaIrHTPkiQphCBkMosVz5J8uXAXPWB3nQ7vEaFlsuxQjHotU5DpJsy_cZXN-zML2Z38i_1L_7Kg4dVBQqc6sOXU2kBDapUd4gtRJ-zvVhOs3CncUl1Bn_X0UkDrScTR5zmVYcO7CczuF0zscGhpdpaSaKM2J166GRaLAB6uMyyB98ovqYL1jonW-VcA3ChVrzPnXE2N2rGjpIPW15A_jJjjW8kiN36hIwFneqxw
7519,Serendipity Creamery & Yogurt Cafe,"9457 Harding Ave, Surfside, FL 33154, United States, Miami, FL",Serendipity Creamery & Yogurt Cafe,"9457 Harding Ave, Surfside, FL 33154, USA",ChIJKV-3_Ziy2YgR92c1TG-OAa4,4.1,206,(305) 865-1506,places/ChIJKV-3_Ziy2YgR92c1TG-OAa4/photos/AaVGc3kuZF2zdfqGpl6kwRTjJVxQvBim1Ds8icg6tNxDecPvDuAFE5WGmALNX0dqmxJn4bugPsrGsnNc0GcKYS26QjRDlhTaQv4OXSmWBtXA4c9HYVYfCkzVLmWl5fUNtuHENz8eY-gty_vHpdo9x_5t-C6MXTLBvCo5YFSht9TMy4YaepbgsLucc56i7wXDptRhI19UgESYxrGCEyoBY7Y9nAWzhCHJ8y6Y08NNpN5gFN7zcVD1Y9NKBOZSfB2SlbhVffVQjz9osSE5JD67-rYfbjLunSl7vciKjBMQzJ9JSAHqh4IhkZekoiPgzFdUEjyqtbA7_mBfc7p2xKkByepsYll827JiMSJwZZC0P6HhhmGE5fdDPI7ZUhtzPmM31P-1XF9UBa6FqDtw8Jf0q1QoLS-kmjdhrM_WrMdG9DXJhxFwLyPm
7520,Shalom Haifa,"18533 W. Dixie Hwy, Aventura, FL, 33180, United States, Miami, FL",Shalom Haifa Kosher Restaurant,"18529 W Dixie Hwy, North Miami Beach, FL 33160, USA",ChIJmUjX_lOs2YgRQ5D65-AiccM,4.5,225,(305) 936-1800,places/ChIJmUjX_lOs2YgRQ5D65-AiccM/photos/AaVGc3kRkQHTh5JyyJJz69AmMAu9JIyN59xW_NBvW4ht55mIEuUoBdk_5DaAxRE7sBUyeq4LoLXfK7hvqYeBexp3VXoKwlW53q-eeUVgCD5IOM_COISnE7NMW_6UvT9KtYal4NHEhV_PDgOAKPMNhuK6RPbMr7vErC4rPjdCxAe0VhPE0XMPRELoxO93JcWftCPdKgnNm-8tZ3AucNmzZl41cPql0BVQneR5OzpXZLUTYjE4dDryZnZDgA83KYkvBW32gCJCNAWU5sMms1hxeVtfdUJYDsXAVFLfeF6pSGOJiZ72CsllLhynFgh2-PvxciAswFe635nbKx-6_tQolDvDT3R5Fa0ZbyWiz-SuJC8VRWzzoTv1iFZx2fRXEECjKSJ1jigUwtn3-ZNXrlK4Ps4Ocjk2VXKfAK2-XhNkfY62bkEa_37p
7521,Shibolim Bakery Aventura,"18800 NE 29th Ave, #9 Aventura, FL, 33180, United States, Miami, FL",Shibolim Bakery Aventura,"18800 NE 29th Ave #9, Aventura, FL 33180, USA",ChIJ-e570S6t2YgRJ-x0plGxBu4,4.6,153,(954) 868-4973,places/ChIJ-e570S6t2YgRJ-x0plGxBu4/photos/AaVGc3m7peE4Ihc_OuJxtgHpKRi4ZTB4JmMHntJ9BVpjAse3Y5H8ZIyjD_yJZ_U8NrCns06RIW_Vw-5o-IMtp3etgXOhPfYmZpmXmEJ8bGU7P9vcAwA9BMiAeWu7t4t6_GpmEJoRQ1sXiwONGWtIYtvPds63lFB2NmXOtsno_vqdLsVAOkArTgk-sT2wUuDLis33bUHuGPsHLQCPctOACDQfqsaDCbPnYWnZiYRcH1UsiM55XR6ZXzxPz_1OSQ5lDBg-i-aSy4Nhhwp-62xVmou-dTXu67fLgDGqBgGpW1rrnkKR08KhS2XyR8_7Ea789UM3lc9PyTtVU_mJWr_TUjF7vhbHkpbIIqBTldjx0fhrHRABdVvhGYcgPRSwJjBab7_FNvM8T-bV61oDenh7rU3eNuk1M1GhX2f_EO7eQo2rruaCC2G5zD_3Oci9SzbEIctG
7522,Silan Fusion Cuisine,"5225 Collins Ave,  Miami Beach, FL, 33140, USA",Silan,"5225 Collins Ave, Miami Beach, FL 33140, USA",ChIJ8-GcdQez2YgROFnBi7u8TEU,4.8,300,(305) 939-5264,places/ChIJ8-GcdQez2YgROFnBi7u8TEU/photos/AaVGc3lMLOxhUZCRwcudtfMuCV_Px5JBPDhmDsNiJHktkRZlXHJ5xhK5okBcUZwQG7h7nHi3nURKTJPg4Imi_FixSR79ynXMR6NKpT8aJ3eh64eGwhNO2nt7A7fCa1LBEp1aSb_NvwmO5GGZt99_D6g_bLYunI_7EdVXYKG4cHd6hrzpZOm3Wrbbv02ckXH9J_uC1bxDCX790Vnnsvo6NeMjfoD9Jq3g7JRTjQ0uFttwhYW9w-YfskAdVS_Uq2Jkz048EXTjd0yjM-dCdLiOJsLlWpEd2Sn7uqmOvfSbg5f3pmz9cemhvG2MsEWQlmfstqkUuNljOtOijJhUryo0GFtmCxqngYu9CcraVbMCTrQSGJ9XXNsrmzqvtqlPjEvejVJTEel-FK-pyfBGsiluw4NEbRbbT5p3wait02YqwHdIbZW1S116
7523,Skoops,"401 Biscayne Blvd S10,  Miami, FL , 33132, USA",SKOOPS MIAMI,"401 Biscayne Blvd S10, Miami, FL 33132, USA",ChIJCW2xU8G32YgRI_CFR-Rzqpo,4.9,4613,,places/ChIJCW2xU8G32YgRI_CFR-Rzqpo/photos/AaVGc3l8OtTzkNATS2iy8ALyIS6WsVlwTb239N9wP1ymMJmrUQIzal4U7Pv0zZpq98OMCrw9DX3DbHT-gwNi0btWLClvAtdXnQL2y9BySfREvdQio1uj1bVJK0YyYX9xBT1Lo5tvGfi1vB5lTpn0BfxDeGZf7suwD9S4wK3-AbkiVeMCz34i_vbvBwChUo7JXa0b-ZOa8k8PmWXzT5jKCpPwq5w6ZJ3Gag3eLb1onD3v49KOaS82JC18pryzbkNKS-YtPMvNFumjBi46qcXkh4ndim2lUMeq6SqyxrWAFfze2pky50eh9td34-p94-3hR-6GnmW1HoJ_M4PcH2998toZsC6gAfkrDqQWe3a9IVae9aGcbqOIVzcNya_1_7k0oU10zOackXg6oDVPyPptEFacn0nDIRd18j_Uz1Zb0F5X-bDbUILn
7524,Slice Kosher Pizzeria,"18090 Collins Ave T8 Sunny Isles Beach, FL, 33160, United States, Miami, FL",Slice Kosher Pizzeria,"18090 Collins Ave T8, Sunny Isles Beach, FL 33160, USA",ChIJQVfWfCat2YgR9h7t-Ouec3U,4.9,260,(305) 974-2150,places/ChIJQVfWfCat2YgR9h7t-Ouec3U/photos/AaVGc3mEgqcGYkp1g2rE6RbIEy6t18HsxoG3o2Y6gWzWvrZbfkTNRLzyNn2AbxLDwRvX1f6ItbshHTyIQvNTN38G9j31Gbr1QfPqsrh8N689zb8VI5A88ORiiWbj9ARuUjkKX5559lZXQjC1VE_rgyiXHWafwUYJE8s20r32YqSL9J4VeEjtXqXiVncCu42DLDC5eL4V2rGDzQxnctspO0Ol_lS2oIcgmyGH0JPWFsKm3lehqj9i88EDFwFlLm6a9HTaEZ9VNpy89euU9Ai7YgIbdtUNN_239oUfzxCaJnnJrInjlDWUqHTqHFRkw-6ha-oO_huqh2in4yTB475srTqJ2F0uB9mrEQkBlZ3Mnmn49PMStsxJJYXEXnjttwhviyj7OmJAxfrCCWPMw2gmM0gq0HE2-4dEAmxd-NTlgX6-AucS_W05FJNiHJSAoqA2hCOI
7525,Smash House Burgers Miami,"1550 NE 164th Street, North Miami Beach, FL, 33162, USA",Smash House Burgers Miami,"1550 NE 164th St, North Miami Beach, FL 33162, USA",ChIJdX0ZF2ut2YgRAPDuhbHj1TI,4.8,1846,(305) 351-9545,places/ChIJdX0ZF2ut2YgRAPDuhbHj1TI/photos/AaVGc3lhq-Mn6ssXFnoIFlBiMhSg81sM_aWJQMvmcPGsC46DUy6ZRxwgpCRK3D9TmJ-ya1eQor4hntk0BCSmWx5OWs__jax5KkeBo-hUWg_AD6Nz8O0wVmt3onO6_yFoS6n0nrfbsfaCzACzi57aEXP6_PXiYpODRaFcnm2mWqJlSTtI8dVOqURmupxEGQtddwwJIel7CzQzykD-8QBGZH5FU4YBCnkwmJeiHfB3jKluocwgKhBc9YNWVGlBIM6eYfWCzsHpSZtxnz2RxXRn0AMhdbKk4Vsf-az5vOfbatx4A9GyzxjRv8A0nMQhnkdrrB4ToUvG4e9Bv_-BCDwHTaCJjtniWJUODb5loQJFYAIA1uDatfaJ1G6p5tfeDtVzKq1W5NpMiDnOzaPCllqX82AjK4gxaJFVETVQX3W11qRUSdYJU2ADeaYrlnbNp2vMw1b3
7526,Street Bar Surfside,"9561 Harding Ave Surfside, FL , 33154,, United States, Miami, FL",Street Bar,"9561 Harding Ave, Surfside, FL 33154, USA",ChIJM4h1PQCz2YgRy-FDHyWgWE8,4.8,630,(305) 763-8817,places/ChIJM4h1PQCz2YgRy-FDHyWgWE8/photos/AaVGc3maHhy7fx5WZ8gKfx6u26qT-ETn7D9mzUq6vfuxZyp0P6q1vzN_yvdFe9o2MC3gEy0jhKx4ufSXwpRmW4OrJk9nxNVBDCKAJzjBK_LvhSqpsZa8ikpC3EMzpQT2IQD-OmHYw2_-3BXKA0PIOKKpjMRuRXMEUmd9ILVkLv33fPcdiqM6C2auDtkq9QC7AtMRRy_7oMg4stKRYygkrEnFuLLb9QsY_dHgdKPbbR5o16mMOkavTHs5Oe_f232b1bTOAnB512KDFNT-NIEBUFloJFiraSMxwEVAv-UcJBnZg5wX4UhGZOTlEatqusbb-M9TkczrrOeSh8bMQFhSTWqhbA6RQCdaPsoRzlmwFGtlqfwIHP4KT7lCNvrlIjI5pTKXI7HbmmxluCN44pyeCauyzmmFPOGM1EUEOYKlFiOoPd_r-TPkKYjiwQvRZn0mxg0Z
7527,STREET Kitchen,"9460 Harding Ave Surfside, FL, 33154, USA, Miami, FL",STREET Kitchen Miami,"9460 Harding Ave, Surfside, FL 33154, USA",ChIJM1u_Gi-z2YgRhrEbSJodYK0,4.9,2493,(305) 763-8267,places/ChIJM1u_Gi-z2YgRhrEbSJodYK0/photos/AaVGc3l2NqtEb8y4m56L3Y8YNEUxgBBVD7nLvrulOhZLxCQkpbUOFctgUrn7G-tel-Lkm8mucNTDz-wxN3ihkCAJoJlz4pRxeOLwB9yZIKpU7NKnMHWrRQSM6WaykqLxjpG9lA336SB1Qt7Jyl2wq1rMOSdfKkHowFtkCytcxG-gEYHtUK-Mjk7uwTRhpImK5CyjQA08pXKFgZdCaFAsWkcjEdVv7stJVW7-kelq0v-aoqyxqWWMHAvHnGt4zbn8ty6jZ3dXANYmtZswHMNnb3PGEJsRlGBwZ28qh5Bx9jZ8noVDUSZwzKmqZ1-8gXgbZpJFMfcoaF7F6KBQ9GDh6TWXS-q4W0GqKP4iXPiNhMsXcQwhlio9IC2lNTmUB-mBA3Q-etZ0Ikxb-LjBRVFszb0sad78Dk9E17tke8v4WVxXnb2LxOs1gIMt33pyZ5rnrvL3
7528,Tanur Mafia Bakery,"350 NE 75st #111   Miami, FL , 33138, United States",Tanur Bakery,"350 NE 75th St Suite 111, Miami, FL 33138, USA",ChIJc2jibZyx2YgRRQnYAK9rf6k,5,6,(786) 505-7725,places/ChIJc2jibZyx2YgRRQnYAK9rf6k/photos/AaVGc3lgDq_mdycSn4qtzRce77B4bYhpuDU3CSQvZ34heqNgQ4gtn2qGeJJ0ufb1ZmVPdvDgP5MYSI_B8ESbW31n6-12j0x_DsEnZi5KSgfOgG3UwevOA1B6370QI2uZMOX_NQNFxjfQS6ERiPKLxWpsyLAYKALsw0bXUqizoWzQ2VUZYxjdBgJ3mUBFUUXvmIuZ_rhqIBYWD28Zj9IZj2aMIVi0mlprAbCporFOuqemE6Qcqa1rPC6BHBEv-JHLxE5IcyrRPWt2_zogcdQeU5w8OOrGdB6gPBw1Uo3ecmdOldvNFAPvgzybwcgsDD33AOSQfZbDebGpTdRI1eNl9mjQ8fwXPPMS0rfm-q_bFCzcxLKyYIZlDaTY5pn3ykV8eLCyQSQrDATCymkQEPPGZ1dBNlmPum8gMIl8P-ceUpL2WmSBI75_wdfV5dlPfmhtlWgZ
7529,Tasty Beach Café,"4041 Royal Palm Ave, Miami Beach, FL 33140, USA",Tasty Beach Cafe,"4041 Royal Palm Ave, Miami Beach, FL 33140, USA",ChIJqSgDpm-z2YgReuLcF5gB5T8,4.1,559,(305) 673-5483,places/ChIJqSgDpm-z2YgReuLcF5gB5T8/photos/AaVGc3n-DaHFIY8xrOwVjwzHXaACyIzQa-KVUJUokOBmJjXrD7XB1RN4i9CmMHrt7NrZ9XnuypBcNWxWbO-JRLAVRQnn-lhXYpnnxZahgVDMAoz4tWrGndyBDENLwXBc8ONpU2zZ51He6kg3upchCexqVD7owRPtpMNzQ-nLS5PWSwFq_H5fIj5C5hOcuWZ4LGy0APW3xXD5cUp1N29cXXCCy-9cbhQ8j8RlUrJEGUR1X4K-xMuAkCmImBQtrtMhxXZnNDWL9F5xItb4pHIgXQohvVIJSOhXK-mGlQ-4bjH1eNqtEoqL48cqoPgA4bMPZmU95V8Dy817WY-qJWhKfvbTUJbn2pQBgP3_fhNW7PyTMbQk2f0pLT4zJs52YzrWIYyqYsG2dqDzUl_-9g1wHXak4zX2YRLS8Ke6Rk2g3aJWZeTz1w
7530,TENDS,"18106 W Dixie Hwy Miami, FL, 33180, United States",TENDS,"18106 W Dixie Hwy, Miami, FL 33180, USA",ChIJtbDzuUit2YgRGhikfhH2Hs8,4.8,282,,places/ChIJtbDzuUit2YgRGhikfhH2Hs8/photos/AaVGc3m-D8U82NYsnHnYYEVFs160vbUSRqnsBH0TdvL6w-f8L9Ku27WCzLfPj5wOnsihRoF8zxl0MwHdtXd5imVtljdQ2Jyng2WDbC57QrLO0qfxilpQHmlJ2_jXBQQioCz8atqvpG82gsEG8OB5ZYutZnpHJOTa1qgaQShSWFxxg1o3y6sbkpKJSVKgzBGMLhW0lBl0zz8udjRX0GWrAvCpQptfeLDFntJ8ANAdTliQMheL8DaG5Tr1feMOuaBshxJldDV3BJ8Qd_HPZOUfkf1BOqUTHs086b63VU_JsCoXlRlVz3aBZxdBZos9G5Poz0Pwq9FjKMuCIHsHcpIJykPweq3bFrRAse5deat6lX_wDTMTcnyuwd19gv6S9h8B18B2OteHcU7MLtVxBz4onsdIv3Uy79R3I3ayVQ5XR_e_o1-l712C8iJtvz5wW_SDZA
7531,The Fresh Carrot of Surfside,"9519 Harding Ave, Surfside, FL 33154, USA, Miami, FL",The Fresh Carrot of Surfside,"9519 Harding Ave, Surfside, FL 33154, USA",ChIJIYNiIJmy2YgRz39V2KhgzBM,4.3,514,(786) 216-7355,places/ChIJIYNiIJmy2YgRz39V2KhgzBM/photos/AaVGc3msAYNMnqJe5CVOr_Xg6r6KXvu7knviQQYN7Up0qUey0s_J35Z6hLI_EbTyn3pMsLHycXIA9KaZ_Xo9fgUVk5xEuhhOOAj4MTCDzzcFCoNL1GMVD20FZFTf838FTMUW9LpI-QBZsdBGZ6SBftLep5rFyA8OoiWxHXy7etggofDDg38NSwyUqPappjnz2tTgK4ietuAgoBVGemh0Wi77TMMCMBxOdFml5w5jB3HqtcpMvHg_JzPQBkdM6TVAvchvFAVoYF8fpZNPzopfRa9GV5R50myWULYFUWUCIhyk_gdki_d7d6lFp7FS_-3zyENY5Bkbc27eR412dTe4cvY6IH7542LL-hUxN4o1dYabmU4MK2gGkvRH_YlzoLsKD0YoSqhMtTJJLcMJnByLca5ExUZkOCFbIjt0DfJ7huGwHw-Qd3ROX64JaEBB5t3isqI_
7532,The Harbour Grill,"9415 Harding Avenue, Surfside, FL 33154, USA, Miami, FL",The Harbour Grill,"9415 Harding Ave, Surfside, FL 33154, USA",ChIJ97tUVJiy2YgRwG5Rd99TRoE,4.6,1845,(305) 861-0787,places/ChIJ97tUVJiy2YgRwG5Rd99TRoE/photos/AaVGc3kB4RGs5s55WvMQX-RqbsalrrOSfYTXr5sfucgiHI7JUMW05s8qdQG9CqHAn5kkQAE6a76-4D0i4LAWdM__0TN0815gD_LMvOb-246zfnRRFcsvucWlsaE9B-exLgwqlWfnK3lixzkVkvEpwMYfa6YZ84vOw_KQZoyFI5ZQG8ZPPaqP2bA0vtOyxP8WtSCM3Hf2U956yHcJFw7_N603vIoUa9hxmLK3fAT8Ai_KnilHay-6GfrKUi6PLVEJ5EQDOXsAaHBbVL0ddwwI5527_7zImfL_NSJaVmiZnxFUd6kjQPp0vp1wqCq7o7bKc6K5IwMWlE_c7o8-taEB4q40qMH56bga-IeBsQHqRpHIXANghzbjKqJ-sRWKxiSr6_FYV2MFuDfI96xWJkfH6PWdZiXLWbkxhFdrGOfGMa7R-ABYmD77kzPb_I_s87zZ383i
7533,The Ice Cream Factory,"1626 N Michigan Ave Lincoln Road Mall, Miami Beach, FL 33139, United States",The Ice Cream Factory,"1626 Michigan Ave, Miami Beach, FL 33139, USA",ChIJA6i4PYa02YgRmVjiXsaonAM,4.3,397,(786) 732-3228,places/ChIJA6i4PYa02YgRmVjiXsaonAM/photos/AaVGc3ngBNmSp_6rHaHDNfQvTvNZ8GDTno0JENHiChSLbLVJxvxTOCCD6Ua5_Ys43yZGaapfuTRtUYITF41vCqv5MQENMoyYCt38tlMEtWPJRJx_E_bt1Et1iCTgW_rkSAIPPkch64Mlo7M-QMf0gQmwV6nQDmMrm3D_mxlt5eflFkj7LXHixC0BAOSVF7juJKn4hnK7P7IDIBQC7iWU82bYPV6i9RLnr0SkJQsSPqDhPxEy6fcdSJtoz46cbH2eYtA2-z76QGYIU0jh-vJ9wyPCavMuVJvQDN9rqtuiheqT1nfYqtelOmhmjI-alewF1CibPO2AwOwnBeAZq4iJB4YPnwSyoAxKr70-BpG91Ld7JvhlSCwS8I4LRVpoGpHP788PMoUtfQNmpntLp053T-hUfOlXXWegxzkuGMjNWbC-ODPjnA
7535,Yalla!!! Delicious,"1580 79th Street Causeway, North Bay Village, FL, 33141, United States, Miami, FL",Yalla Delicious - Kosher,"1580 79th Street Causeway, North Bay Village, FL 33141, USA",ChIJrWpmbIqz2YgR3tV7vSDHzdI,5,276,(786) 442-8051,places/ChIJrWpmbIqz2YgR3tV7vSDHzdI/photos/AaVGc3lA8MMhJULApxsDrxzr5sftmJansvAyHiG8dBFxLd6SwLK4r97Z0CYtzt9i_G3ErRDMXSI_X_2_yIqAurIp0_TX5HAMfRFXiTAkE4LQU1jvyveVHzHVopgBStTDmHgd1p-oPhdGFuX8pfC1SVeLZUQjucJe_ybLKuLBNbHqreDFbC3wnQPzKtlXJKNGuC8jXqZpVu769Tdu96uJNpVYZvHyEcnr6TYKfoOw7pgsHZ4-XSrJ2dkulWVj8SAEZ8MdCsM3owVDV7hLKEHbiFeVt1SVyS2j7vuJ3aAXdQ9Ik2TdbckU6YChDj_OXykNASMBhL_a8y090r8lOV4Mm4o2-dENhI_MzHywZ_vyfAPzVMWCJnULzwWuWXr6tcrzGX5oT35Q7mZF2lk2SD8rP_buROKWDXmpvJyqcmZ5n8aItY8ogYCX
7536,Yo Bassar,"992 NE 167th St North Miami Beach, FL , 33162, United States",YO BASSAR Kosher,"992 NE 167th St, North Miami Beach, FL 33162, USA",ChIJs_PxNmWt2YgRbD92zi9CjZg,4.6,8,(786) 899-1515,places/ChIJs_PxNmWt2YgRbD92zi9CjZg/photos/AaVGc3lge-_Y1UvAHqtz6ZT26BL19slTFnRHOX-Gmhibb3bJ6tJRRv-KopMf3Pz51pHPjYq3NLW0bpU1m4sSenq22Qnilg6PfSFfaKuD05-W9ynLcZDhn86bP05ZO7ZC1Eyf-Y2fn6LwruGIAHQL4Y3wwvrSPM6AwYvZGPQPnxNqzAr9YMVRySFIJlDIMROLRY6xcWK6YtBPSgIZ_-Snsoz9r62htLPuH8LtHh3dM4cSYwAJvuPjzq87pjUIdTUlsMimGwl9zAwb6DVj3Ri9s-NLyrAgkosuCZcYwVItMyplsbnIECnQdYWtRziq2Tqys6XXYMhkykb6BHFR1rX2HInewjQ-IoShV5s8zvMYVhlhKzK8YW4doRvrQzVsw-GcW7DbLwwstcsUgEIXk9rFArPT_Kxx3mYQYAaqVppSwluXjs5e3I7PY9Cq8YSEGLQpckqn
7537,Zak the Baker,"295 North West 26th Street, Miami, FL 33127, USA",Zak the Baker,"295 NW 26th St, Miami, FL 33127, USA",ChIJMVmQ-LK22YgRXCFmM480oqw,4.4,2976,(786) 294-0876,places/ChIJMVmQ-LK22YgRXCFmM480oqw/photos/AaVGc3msUfRYI8YzsFr_uh6TJycPyxD3S28Y2ERDRh7WhYOIjCaDZ7VDRS9mOrggENLDpEKK9zcshenuyY5KcnPb_BTnOX0H_gr6qEm1Wy-nxi5_M1mSGEmuR51vzKc8xKAVebmR5uTmUH8UXSf1lllc2ZI0EULdyiKFjxYiFZsNubD2SW80pJYj9YAgrRzpxgd8uWAQmChsIHH2x7jnbgvZvSnDzEoGvd_WSazLSNoanGtbIN6t0Vlb3wyBb6TmiHP7Kfi7CwfkHwgArfEBG_bH-7RJZ15smcik5ct_j_TMgjtS1IZ-fL-N0a2KKKtx_wrxo5y9YweEryQgr8Yu6gkqhKXsiKsqlHAd36oG57-iJ27sFxTxK4cUNaR_aHDOflYEayLOxe2IEByuDGmdQlmFcqluKQ2bq2_tE-sreOr6RzCWGLZjyTzVuGwEp1E08gs6
