id,name,google_name,google_photo_name
4693,L'As du Fallafel,L'As du Fallafel,places/ChIJL5QZXQJu5kcRwsTfM6YEA3E/photos/AaVGc3l4j-GIcJ8WjDjPRH0GDFczBqHEJ_qkWDC9LLPi-ZMClg1OKv8ft82Nu9gX0ny66QYKlzZSrBPgHXhi5IN13A6FeTNtUwISzNvzkaeRFWceRvrEg9yEjQhpVwgO3cNFj3I0J7vDqyx5ad1oQK8oAJ_HVTdUaKUi7fFYfSPIeukBfnJheSx7oM7zt-tI78DVx0cJyGnM5CfZ6s4sayZAe12OWfbYtW_yjkzExnJOXufkS7-wQ15KeicRdZqYcIV5LO88aYQrJFKQYsJDLMFW1cHgB_fc3Qpw6LJOLsEsJr_NM_gO--OM0xhvZZr4DhhgMTGKrhkIvxLQKgz5Kbr5FpxF5iW2Bymg_Hw8lS_oUBawbbOhOhAo5a-1C5lZPIeV6HGoxzdTRM0-kbFNV1AdWSU9yd66DNSSmF0eqhAhM08Wxgqq4XC22KT3gF6jrlHC
4694,Florence Kahn,Florence Kahn,places/ChIJY72rXQJu5kcRC8x8w8ZOI9w/photos/AaVGc3mLyYoQiaYLwqX0PJP-2WFPGj-meXcddTfyEHSeNNVcAOgHDXBttMdKSQfv51CmipCtCNCvZZbRz7rqeZ6aj9-lrUxTFgAo35ktFV9Z0oo6uANcwCwxF0IgSL8r2L8AgsG-wXkHVcmOUdUCnabwPkp6YWNYr-bVQiMsUADKITVNUtzhvrxqSBha8mZgzDOVZchhiJQWFjFubMRhFLWP_TWGEH0Sfuwe8lQy5qdnd98S4sWZq3h9tZInk1pCeU-X8EDIKCCkKewhxTB1n2RK6CFRgqKa1JJoy7Q4dYNQe63OnU_jkvWlkqMZDUTzzmQkVPeVfbEv3woYTem1UCI5i8ADXlvqdWAm2DXjj_rRIY4T3bESiSf5sJozHl2ZKGjPUOdbTh9YYRvzDvw5biYUEUrFbFjx7Gr4MHBsHfwKLsfr1QCQppo0larkFevJnA
4695,Chez Marianne,Chez Marianne,places/ChIJjdsA9wJu5kcRnAeH71VEau0/photos/AaVGc3l8adAG469Rq8_3fCICxu2bTvYmlWH0b1_ubS5nCgJ7Aofa7GR9a06zRb_JTA31ZAIvHWhap_yHezhCicz48Zv9SdQlrpW6Kq5ONf2e8r-YpIm7XYy8uerOV38UhDZZVesSzw7a7f6TxrHe_OfP_kurUasxsAWp2MmPC23SRqH18tOf0sJoykimpSOAspocmnN6zG1SgHo0WiMxpEgHPKMIXd0W9S7P9pl0DPtza92Op2yHQ4eNdvh3mf6lcA1vpVgkgRzj6Swpa32XZpzQz0ZAktzyrqpCn4mAXUb8opnZbJuyzxNBgYVB68iktz67X9ijW2TWe7xuvaQ_OGSG3upNWL3CFIYhx3pUVfcKEWQp-fu2cyRX5axbERd0lpyr-0OqBtEUQ3jT-ElSG4YlQdacr6S_VzEWLxBgj9AhJTmmqA
4696,Café des Psaumes,Café des Psaumes,places/ChIJzZ8FawJu5kcRdRUU09XzUCo/photos/AaVGc3kt5w67sS4VuP3ENyJRynfbJxln_md0NK2kf4kH08oxwrwVhI67kbMtWiufoHa0RcnsZxH-eYagLB22GaFH-uijuDFYlRIMSwddh74iGI7I3TfbZCBOfOpf40xG2Socn0InVHk17Fnw92hhcQKohvW5sEmLgEm3Dh7WdR5Q3m__SVd4zN3DtCkbF-kn0JI-RtL0zj0EgvEYANawnIeEFYrKfnIL1fwfO0p9mBGb3AWm4thHOW5B7QEIyTi6UiJ8obQ-zxQfjuReRO5d-49hpjtgghRfRkeeZLHwpLYPKUGO9TabI-IBrg8hKk6u0Xh2aEjoPsYlG5oeSBEaMLH7t91LTteeByAt6IlBQRe4cs5UDaWnvZJk752Rv5N48kf1h1Dj8Rf8sltCaf2nr1Q-DG_vBNaBcgrLi_OPBtfmQXXiCbKiWknl1-ym3oV-WdjB
7344,כתר,Keter Restaurant,places/ChIJkWZs0AjQzRIRXFIP99XsCFk/photos/AaVGc3nQD9RKLPbYnmQPbBfwOWI9jG7gcKrck7ZjkTGXDftd7o1C-SAg8dapJhEG8KW6yudsksnqw7m3MsXxgiHcxhuKmjljUM7jE-eOFZMykBreGo6Tbp1WdEM-yd8dFHr7tCXzIhkRGPOR-uHot2odYEn590n6ETbDDbOo8AI3VOpmpu46WsMSArNC88VtXfUjUM1k4JSSWJrihuN8VUY9fEJ2Irpk5ROAgVIsdtzsY-z4oCxbWzLSJWqk8ht6koFTpvT_IxUTxfQWwttYc5UmX2TXvN_OtAZmZF4wD_Hx9mV_Hp5QYVt7ft-RrHZRbUESGoOK_uFvK-2Uzr55xS1_f12ZXdI9T64YqVhktkrVNfab7wgl97F7DXvgUDpa8QJNO1JrKeHJBA3py-wbvG9CxpHQC1cYboYL12Dhe4wL2iJ3gQ
7383,Chez Franck,Chez Franck,places/ChIJ3wOLcMJv5kcRX0WVqbn5XuQ/photos/AaVGc3mcF6bATW7v4B2ZhnEzcky3FHvn8G59cEHHE51b-7I0KyOQxOKQMyqhizUMkNHfCYiKU_cM-wF71bo18Na6eHU1Lq2RagQkjJfDJFOUnahqpl5HynEIaEUGCHPXZX1Da4OsuRDDk_ArH-9PUoopQmKi53xj_jXhRIdlH8uEYBX23jXRatPP7tKmrg5TDiI8hklDEFcB9q-mFKVYMGZSOo8xfCwFL3BRckCrYxlS1VcUGA0sWgaRVoLzXTx6D7SDd7IQie1yiplj4dpEOnpRVu3gCrQTtjzl1JTEYKN5qMarOt5gjDRYhvakYmGn1ezMEjYZey8jAqB9junmD5atZHdwfEgzjq-GEVAXn9_fB-124LPQ2Dey9KNGs_QGhJpDEGRJQio17CR7qt65ko5m_iwxsPJqLSwQkcHIZ7b55jI
7384,GILDA,Gilda Paris 17 - restaurant cacher,places/ChIJWcFGKy1v5kcRPISX1tUtYsU/photos/AaVGc3neF_CGvs9s1OKRlvs5QMIHLkdZtUHRweM2NZmVlxjOhbNA6hMGaL1yTm_u3NCPeGiYuKfJRKySb2l_JKO-N6Q58Us0h2s_Wo0GTDkCqFSy1l6T9i2-P-aK5_1plyYB2CT9-i8ea6MnGGdb8T_1cjfbczcHKBRvWEMZ0DjzFFSaLKZm5N9FtnbTLokvNkuKK3EfuI_GAlimuPxIyYOTdlQILFy5e61HlCceq5jBjt2NfeqSGTABuSVMl0T6syapyH2o0wcI4JgF5FO6olaikZqbQj33wDFEqYr1U1yDr0PEXfVy89F7nkPH0xjE8N80gCAtmgD5iADqYijmeWoP0gPq3OPJ9lDP_b-sZnq7FVdbwuYzfnQbRiH7-h4l3eMRbpc8A9yfA_Bp56E-z6xx8Jmwc6SlTzWZ5sPsEQbUh_D8Zm8
7385,Le Capitaine,Le Capitaine - Péniche Aabysse,places/ChIJm50hDx5z5kcRzzOxLdbz1-k/photos/AaVGc3l73APb156VO2C3FyVmVyh5f5Svgcu7r81DeH3wnao-s4cMjVcrntDVohJNFcE_6IUqY0j6DzwO3d-RWSyGqye1_PLM_4EwBtUYOpFLm500Bm2r4-oAZX7q0Mm_D_0wnMev1zDkWE9LutwzbraGkBeZHOLhbNwOiZEUi3SuAF9YWNEfe1_Dvf--zEmAAFLpe1elWj6S7-j5RVuFQNPhUUs2luw5r_uHeJmeK-Q0HfJLc-V7J8zXmz2EXPlW0KY1GDX_fx9YHDp-4kCSiYICqryMsRaBUBpW_4SYNhdIdMojq9cAgt0HQrJwRW1DhU8L1ZpIBVTPLtKp-eNML1vlos_MbWPXChEjNIcq8oSOF16w4A2mY_Hr5CVQidHENTc6l4hXq2qsr6XARzcD0Nq6bFOU-X04cVlMFXehkfI4mrZY6Yt1FxK9BNEPLSyD4w
7386,Kokoriko,Kokoriko,places/ChIJlbpFCRtv5kcRBkF01_c4hRI/photos/AaVGc3lp0p4-oYP4mwuba3JPyVZNXBhQ-RgWDI4sWy6JC8YnUdz5TezZTFbu_Gk101GPvaU0dLjIySwWj0pm0EUDhjR-5EGY1Xj8qhT2fXjl8hsvfkM5R-62D-nwTMwiVpkP8Vh1OEZXDGuFEls4xgMsrTX9vKogZgxngRudHC72YqoIX09nJijM2434AbE3KvHGrlUNmvxHlehr_SQvH_DKMwv5y5AVni8Tt5WkwUNgBWF12WeLLAdtila4s9Cl8RKX-OXOMWZ3WFR0GAmm-Z94eJ-n30GdbNqQq-oznGt0wh_nl0ugEdJJjea09OEfFF6sjVnc7RWhMjVugU5lCYm3x_aDwmhZxU5tmOeF6A73-TaWLRd3yMSHoDYBaDmv9ToB0G8hVeS-jbyjj8lLKFGDrAQflelkdkB44NqKqyd-_Mol_5tsw3yRA6Zw_Yt_UHYQ
7387,LeaHava,Leahava,places/ChIJbVh0xL1v5kcR8yV7dACsMOs/photos/AaVGc3lbUhSfBK-_VmwJiVIXUbZWSzHQb0Kw0AygM_83XlAcNtbVVKeuxip2cAb-3UXJRWDr6bPjNxlyH_EoOtTszggb1mJhCYH_itMVoWz1aB_9827SG3dxoczjkHtuBSuFsu-nE4CEkahQFocbBJw6O_raO6P-NSf_2Hdmr7zEFMdk0pPPbESpfp7MfzVXvTZWNY2F-YgTeHL78cx8aIfG0E5D79xhuGuWk1ph4_5FsMmicPHCRcY53Qs1MC6qevLmLUACrmquf0egEXprNC1pEnChSyQIM7V0O_oI9oV_KNCV2Q75JAb2ug2_L1AORP9Kj9RuKxfNqySGG787BLYIUxw6O7Whd-8qSu7drr5K5kW58JtY9Lbc2C-HPPAZ_cm-wDxI5OSNFfWxQGioTwWU7Tn8-uQnUqVB3aOgzcE3b4WGVCZHRsU5IdBFtNPmUflx
7388,Bozen Paris 19,Bozen Paris 19ème,places/ChIJnel9__5t5kcR70ZtfPpN5DM/photos/AaVGc3mxSPcYDI5agYlOzWFOLB3tgytkTBxsmRHj69KJNcCO6qcjnkmIys2lHOYn0J2iwlk54JlGbcuydYr_U-_MQMWMg8hgB87m_uyhM_VfoGI9Qlq30rKLU8dtkIldojZQXhiLfMHbqpQSYdaN1FsXVWawXNh0uiNnadxss57f4M77cEbsKy39T8Px_lf4qtBHUBTP24DTxtKEmlQP1uWHbdBSHUntAZ-QcO0v7g8J9MwIUY5KX5ZYcIzK1x1g3SZF5djHSwP8_uExg-bMdHticuq9U9IRwyuTahDjoFyxoCSmO3cFHEn2ipm_cX4APgcJ_xDbTOIir3kcmqSGRHajorvdUot7OhXZd8xZhky-eXvjCe3VAEwUtT9R5tn00cAOWQzhLfvGMXuYS1T7TD8YHqzwp8rpNkLcLz_w4PYoy8xeiQ
7389,Chez René et Gabin,CHEZ RENE ET GABIN,places/ChIJq6r-Ve9t5kcRXme9rlK-FF4/photos/AaVGc3mmr9XY5baDPHBbl76AcelxQQ7zC4fC5hQoJv1s0Tal_TtouvRZIsRKy8QNg2O-Y062nSl-8IuasKESFpxfnNfcT21IKcdKFmaMTD1oF7DXpWm05Tddb3V6KEW22RolpOn2WT967GXgeKDOLm6kmEqrMyF7L6o8-lf0SnlK9cusXqQKTqrHHpFTboEn2wouV3u0s2dkkTKC9SXDbKX-1Wc3Jy6nX0BTn7kdA5FQYjmPtFkvpQQThnypLFpHZZQgz0IimuJuLQ8YaCSY2Ptw_bpIcHCRzGt0Ux7joYSLi4TF1qYsY1tHttDiLI_Dke8q-rPpiqfstnBZEfbkSsHqM0AjMdoj-myGpTrlahJRAbD7wNzFbh-mhvoFJkEvpYkw_D1EYBjtkd-NzWL6iX0aCT25fGWZoerJ7hXyaoZxoMU
7390,Vicky by Paco,Vicky,places/ChIJxz8FNZRv5kcRbIy-0MwZKbI/photos/AaVGc3nZNL-KfqMMPGGbEwOQNOhvpI2qVOsutCpMTEpMkq43sv3QP2fsZQcsGLCk9RgDgn9nNwcdBragn6p-B78s-IzgzuqwEU0i5lQjGm9EoagByMyRqfZot7T_1wgYl9ouYoeMRA3qs6Aq8Nh3Nt-QHtHH8LU0o7UHIDkImZu2p3lktGZCi7ArngoDOm3ipiKXBlPsTwD4hiqUHo-rpZrT5sZl5_zI9AKf0ObWIiWhquE8HkZl8JCk9aOQJq4rMNA1SMymY8AI2Y8eiIpAE6siXg4XUhyzalwy5EoNh9O640x-mc5Cy-1fRXSjhfei0PRiE7DD8XKJHj0h2pPilkUmmMgjHdVlHEhpFpui5_uX51fWKNhnwUkt82Gu53GkNFoVXcSzzukqXFi8HD4NyDpTc3SWvsfnTRFtWZZmHBVWvk3A4g
7391,La Fille du Boucher,La Fille du Boucher,places/ChIJS35iDb5v5kcRkV1tztoitDc/photos/AaVGc3lsZ9E9hjp5KIu-cZtQW4ZcDKLTc04B1p0xTfRyKnJmhZN-UBnl6THUhtz2hnbPCMA_C7PXduaBBF1BMBdqsdyz18-gowFRSZgXDb7G5JT9-RTrqyG1vcsBuVchPyPRteLQCtFWh9Uh6i4l7D_FrGQOR7MvDXuWhZrigHZUjHDlq1l1_JrqNx3EHkWuRYx_PUH4f6E022z9aGWlVQmgHqiNk-mhbnIXWBfSw0GBgn_bgu_S39oB_hwJsKnkDA9ROQRaF3IHlGc9GMGoLvdLkoNH_z6IBltkognBD9fFMiOrgG_t9oYB_IpyjKk0KXF17XkDCgLSbmLQDkE-nOkoY_QVCNDUrzqQ23HqcKXeOydl231kfwrTXJDgg81PrJtLsoibp1uS5l9Cc_O_RBgYYNnQfjgQyjRLxMWVmRjYl614mQ
7392,Kahn Famous Deli Paris,Kahn Famous Deli,places/ChIJfeKg-JZv5kcRpcvikFh2MCk/photos/AaVGc3kes5USuS6VGjDgQgTc_dbPjanJTHvJ0EvBPSZ8rxjnEN30C1IOgJ2n5wZTrD-2d7G8N3ZgAVm-MIYGkjJUFy_DTVHa6JmA38gSNQXbAdV6u6w-L33V8x7nFCv529FsWzsMxeNstjwTF1PQ_pAIWovGvz0lvV4HM__WIMmX50fSk1zc_4SWKijOzdT2Iz_YZAuYvXcgGvyhyjxOL0iaY0lYV8AI02yNplpoiSs-srCCwsIqJuneDQGOP6JTi9AGgh-RbfJWaZ8NFiTeNnUbVfFoCnDs6qk57BXZF-EnTKUDFwikSmSJrNHj-ACoc5GfbZgvRlFOxDOq-9cJ96HBC8L-oJtqoYPccJ90Wdz2c_iI4pnjGTqRqmvfEoGHmetvToV8aGk1FGdUxsjOn-iSF8UntOXTVUBtidZ8KDVA4Eo
7393,Iossa,IOSSA,places/ChIJ07bzpZVv5kcR-fKeB77Wtcg/photos/AaVGc3kPiU2Td76QMOzinfW7wn6SWgZ7UbzH3dIvPlP16yW_QJoDluluzJQaL9J2byV5KJdwWPc32PH2Ip9jF_uW-zihneUgqpaeaFirYeWmQkGYysIbj0_OheV1T-VS_Kpg6kW1HFgXzgo3G-GKidXty0cmXNg6teP7GCyP1adS3HIBcocNSa91JUUkxFBsQGvxQ_0MWZL8xeV1nJuVyMd7QT212-h185sxi04nrQtMx0-K2cGimbcmk6L-WgR25UhiJ2-rIa8u8N3kDBIPhhvP6H8-7-_SXIH6ixMA7Rs4PhxuBL3YgivvmsrdjSrf64mIEuz7tzlutkb0MaA0rxNiZ9oeLd-G2RA_fgdifJKuD90JDoKJZB3XTFruaHwAtSkj8uziU-jNpTbTOCgFhDAq0Mdq85D2BKizEWqkTKCdDEksyQ
7394,Le Leviathan,Restaurant Le Leviathan,places/ChIJowDW8qfazRIR54oLmfeh4Bc/photos/AaVGc3nNn_t1_rMLzSi313JhyqIdoNTCI2Z6tYocjfT3AUHFk-iBIGyoild5vACcc8MjRbyP6rSaF3p_2XVvNxroeeK0jexR1K53ROVLpv5AWeb4_uJn3jPI3joU9lYFGyGlkOtQXnxz5YnPD_1z5AjX_kd6Tb18bB7Kh3goL4GQJ2c86cU_gt59n0wLI53MJ2Rj7LRyjpnJics8LcmzkGcKwGj9HxEfLv-FOxAL1S6M7EbBZrw5hH00bKhZatoLm-n-KKNaGMYWY4DIHTy7Byp5ub0RFFNuyspABx88xZ_8Aw3NGXM4ZLTCsz1KnjRHZes7ZJ31nZ_sy9Rm3c1srDZddYqCarI5dBAuukQ3XGMmiwTTSksz9UGpXCauFwh9-ZX0bEVjFwobpNX41YB-DLY0TWAM_UwokGcEK9vPfjZxMAW-_w
7395,Falafel Sahara,Falafel Sahara - Restaurant cacher Nice,places/ChIJXSYqBLrazRIRxqLyM32fz4U/photos/AaVGc3kKxyV1pG7FfoEdQ7AWS7f289cRwrRzIAy993-PtnYkVIPSbzq0ALXRqEk7MPteCpLwskxPCTdb49VnrkvC388muk_kCYdG0H2SMv73jHF1iqbVqzOfvSuj798EdOvjWkD6tLPIGtYXoS93w2iAEiULoRYGnx3l7owmwkYhIGFHGy-7gJRor3f5nir6gP0t5-YxOQglZf3B_1yMcJCgkde8HJ6fLcPCPa9Bd2Ze3CVflhoBtxShAUaTEfVJUR5mEY5hPDrPkk31mtYT01N9rTRZ9-SBy8k9-I6Fm4yQHbxLyiP3pDaoVCDwd7fidcp4IFlBkKgVxhwNTxg5lCac4gER-LEE_HJsGrOUj23hOz6ik-ce1qP2vwj5sSr9SvhOkDreHP3wstcaHpuQ_VUgrfQTdYgELPxgmsBAG-1OpVlOkCuLUgwwgJNkWTjzIQ
7396,Bistro K,Bistro K. restaurant kosher,places/ChIJY5EdX1DPzRIRBwHeqMv1334/photos/AaVGc3kjqKfCpbDkB9HpUOn5G9zgbIjmTxjf_kxLUY6qxJIN4AY0jYpi9hh86CyKxqiqSPNvCFe8T9HCiptDehT0V6doQxjvQCUuVavX3Apsi2X9aAxIF3GRQVRmgGuj30WpEqJ0vWbwk4SofeoyFdqfo6Uo59WW4_Pkh6AL_wl27R__SPTAy9vy4pqAr84PELqTN3iRqo6pbivL2gMPV9_DkDh9QwucWKkGmUdj_hh20Eylfcagjxj5k0yUuNMfsXKfcVee5nkWg6YrJv-ss1bpTe2ilcauq7OJ6a2fH9a_dcLWjRve6bgFD8RWNfp7lHZIijCb6UtcvR3xhw3F8fiqlneYy7Lb1AXJ655FjmkTmMOXq3-drGywcKKFMcNRpzCJxnttd20o5r1flKRv611t32-qqdOAGBUL-P0Of04H-6mvOXBL
7398,Tutti Food Nice,TUTTI FOOD NICE,places/ChIJ04qP-gLRzRIRN__Eet9DKM8/photos/AaVGc3k5UBq3M1xf9nsNMa5O61sXsuZ018p1YbS7cRFl95JkIPjYUPmxXUcGNzz4dUGAvB9aQfMj3x_4cR_OsfttzXxKqsUNSb9xzJgkKBXuF93qZ0lPcr65X7R-ETsPSaK032SZoN92JzbkcYQyy5Ui9Xa4DCHNdjdfZ4nyHnjhVnOrlV8fb8U3VKXVN5xmnIsffhBFkX1AAEegE1ozv9ILq31H6UcDWYqKdEtH-cf0EKJ3f4PG2jvnkoh7BlsxoMjC3Dg_hj90JcXEbP-XdEZDEKC0DOrsJC0ovLPzvdMROSw-ndkhTXaGggwqwdwBWFhxkYCUpEQKxrwbjUGUu7Bzt-yCFfje0oZ8d_V150pJHl49AzKVwDZzMDkwJjYooT0wi9RPQdTFwzni_hPKWsorP2D3f0jb9YQoamanPXW9wSj9Evk
