id,name,google_name,status,cloudinary_url,cloudinary_public_id,width,height,bytes,format,elapsed_ms,google_photo_name,google_photo_attribution,error
8,פטרוזיליה,Petrozilia,ok,https://res.cloudinary.com/dn7vbd6nn/image/upload/v1783271859/restaurants/google-pilot/restaurant_8_google_800.jpg,restaurants/google-pilot/restaurant_8_google_800,800,1067,216111,jpg,3294,places/ChIJXZMwQ31LHRURgNF5KTyf1JY/photos/AaVGc3mpHNmwNQtAvRMKCUu8op34GLvETMl17IaPHRzKxtg-OmyM41eIs-X1MILf4qskBXLXpuONCsxpwd-6Cpcvqkc633tD2AzjRqQfDmmzLIz0IFN5aD1B0M6e4jA2CVM2sT8RRrWf4_dN1rrZzf2_lDkAjKAJuCCDjSDJeI_hDORB2dfLJ19dhwzgDFOXez4XPL3CpCQpizpqU_y3kW5w2KX2YOUtQ4Z6AH42FKsSVfFQNrFu8_8vMC1VKtc3u0QGGe34BxzS02ta3NieRdPPy39QKvFDCrpypa6KzBgJSoLRHG2ZOaXx3QPCmDyseHDyhsKo-_lNXVJyqUrvZUQ7cu7f42Fac4-dRIVpNKr0LonIcWFADPDZaxVG7uXApOBpdzVYi-nu7msOmJJCR1SJFN5-1jx6LK87JuM7uTlDQMmHezI,מסעדת פטרוזיליה,
85,ניו דלי,ניודלי Newdeli,ok,https://res.cloudinary.com/dn7vbd6nn/image/upload/v1783271862/restaurants/google-pilot/restaurant_85_google_800.jpg,restaurants/google-pilot/restaurant_85_google_800,800,600,117278,jpg,2181,places/ChIJdZvpDE5LHRURR0FdUK0f4jc/photos/AaVGc3n08muCS5irAAO9s4wwk-xqr4YA-q_je2IrFJlVyoBp-24St0d2r4lDEa1OGk0jKpf4IkvvhWQ-VcEzLvLInP1vMSCwJOYHKVNiP209B4xdZTTScpU-ZKd4_ej14PUAyThdPkHUd1M-DjhAPd-BFKPvSaWCIiO2SmXMHpLWLw35c_4hwFAmJ9AIFQeoUCtJLPQnG8kgTLTek8zzbOnjWgSnvB5QKaMHwc0LyKRHwoANgPAKaCjkWWcfuLkGnyh8lgjrmClDNTi06lhuLjzJ1jX5ldxbmbFff2GS8wmcIxJaqA-Om0Qqy0GdAfvVVmAruqAg_VXSLuJj2Edk0zCWaE36CXpyqLR1JD21PreUF_fazt2TfZ-OBABpuyZGsINo52f94ojC7FLxnq-zG1W8V5WVkJLEvR55XCJk46EMxSmS8Q,Avi Kerimov,
89,פיצה דומינו,Domino Pizza,ok,https://res.cloudinary.com/dn7vbd6nn/image/upload/v1783271864/restaurants/google-pilot/restaurant_89_google_800.jpg,restaurants/google-pilot/restaurant_89_google_800,800,600,182917,jpg,2054,places/ChIJZUo5iIJLHRURCv2YH04YoQ4/photos/AaVGc3nIayvhBY3W3Ua1uGcAv-PqvZOy7GHymT9K7sn0LhVb6u0Qhq_vneXc6mMaRVmZ2HAZjQaHCgJ2d45q4m41ubfzYVO98S_Ba2EMZA8tqGbrTY9iX-zi28oTQQaZmo--VTEbwCF-7UwWSHwPH0y6iXZbvwa6SyblX0Y40KEr_CejpweQtrzATBy2nVUrL4DwzcH6SDlZdj8YrJHLJ5E-EkTugReIVwBmCrirF09J5zjHDl6bbTs1xO1CIVlllqFYwOTJ8DvhAkin-9v5IJpe-y5nBA0NgG_a3IuGDj6fSmcEmsBL2uQSxTUWnp9KDAXuvQ2O5SkOIqkQ1nKXB8p2xwUyhQnEY-8QGgNK5eHo9VxBCFTMJfZXzbk7wtyPXF0fDAj2SqQQzT0L5gDNyW03C8upq2v6iWAGuAPlzHZvhy39ew,פיצה דומינו - פיצה בתל אביב,
140,קנסאי יגאל אלון,Kansai,ok,https://res.cloudinary.com/dn7vbd6nn/image/upload/v1783271865/restaurants/google-pilot/restaurant_140_google_800.jpg,restaurants/google-pilot/restaurant_140_google_800,800,600,140867,jpg,1838,places/ChIJGVA_i1BLHRURPeES6Q3DIJo/photos/AaVGc3mBn4zJRbZN4HyhzmFBMrbV91rXUFrbNf8HCg1kqlMSbixSIaNzNu_Ol_WnT_UUWW8q7RcmXaBKMAO5sfuabTAmNl9b8Z9hVvC1IJRUV3g-6asyLpuL_5Kadk5mWcUkz6as0yaVB_D6NGiNwcHWqP8bGZFLl2UQxftbNpwJCLl4k2hBaiVxH9DlcRVjdY9bM1jYAZUAVjb_RoISiVeTSlVeegNXbCDR33tlwUyIiWQ44KDV_d_5OloasiHdQ-qjDfXMCUBPPueYq_9_sVrzlqk9nupGtOEtD3Q2QPDYTO_wja4lm6DKJIc7-EVB2kOoHx5YtC9BXdpxVdbX6LCiEw7bEvZ9rjcTK8fwMcNyJH6sliyGVT36xvDAnof90mqUg_GvJPqupLBZGEsLuFBeWxhH-J8Tj5L_HKIXRyh5DNvUlSsP,benny atias,
162,בר בשר,בר בשר,ok,https://res.cloudinary.com/dn7vbd6nn/image/upload/v1783271867/restaurants/google-pilot/restaurant_162_google_800.jpg,restaurants/google-pilot/restaurant_162_google_800,800,600,136428,jpg,1651,places/ChIJYUcJV51JHRURDEmKeC3bkGU/photos/AaVGc3nSenAL4CwKkXcNHfpK0RSOSCr7PjrYPsL7Jg5NrlmxjI5ajViPGa7QvZcbirauhUrX8oZScvO-RwKcvneSLLm3gqshCj4tUZjOsnOOTD0-LmWAc_6ajLgwoEE-AkJkgTAPLzKKN-iOGZ-FtOSQTDMuTzlVE3jd1V4tbNIOsPHI3bAVaXeVoFqSB4B-D1x_FQqVEicoVA7-lglN7dGW5Vcdpb2j9E3u_1ZsEOP5c3M1QJB5OIAtOjOr011PUmKy9lJW9gnFxPQrSYQTq5DJNEYydpzsmlg8W0LiI0aznB7eHXlDTutqG0Zq5l3Qz0ORcOXkq5DKIT38e62hL-TGseEzKqsACrWa6hmyzGtQKp3dkwmCvRHN3UJ_1q2C6Nqj9PtQzzDQdgrLjoiEzYCD3qmxFZMBGhVYMWnclXwagUBjS6Y,Guy Keren,
175,חבש,Habash,ok,https://res.cloudinary.com/dn7vbd6nn/image/upload/v1783271868/restaurants/google-pilot/restaurant_175_google_800.jpg,restaurants/google-pilot/restaurant_175_google_800,640,960,115461,jpg,1372,places/ChIJjVoRTGNLHRURCCEKi96C9XE/photos/AaVGc3kY4HII9vuFf-z_21mUpRGDKcPxbIOepmSZi4EML_DMxDw9i-QmfO2Dp86mEJCk3I357Ssc27tx-Bge4JzqVS1AjXLMYrha7ybe4OvRVlSXtSeS7xeEEU3z8gTdrcgjRxPVNxF9NzbUa-xavxxUxRv267DjRbr-cFyPSSkfGyZh3uMT2_21h0_XwDWJnXiDQYI-ny2RhCS1N447-a-7HLJsa_GuNtcA293WNHmykyJJ7JleAEe7xZ_YiYQK07On1hnM96EBd0mVL5ocVW3mXjtIKkwLWYWgsD7RGNj07-drBq1DnuQkpnAF68B8rhSZgCkXG-oUJoL7wbLYDjQoDR7KROURGbHhRH6Yre2zvXeLJ3vcGk4dsoLzp_GlUlVKszUCKVb9CnDN9y1bAsdDnaNzqFy_hIBUV9qTTTYWx38,Habash,
216,חומוס הבן של הסורי,חומוס הבן של הסורי,ok,https://res.cloudinary.com/dn7vbd6nn/image/upload/v1783271870/restaurants/google-pilot/restaurant_216_google_800.jpg,restaurants/google-pilot/restaurant_216_google_800,800,600,138458,jpg,1994,places/ChIJq6qqqp1LHRURWSaITLP7kxM/photos/AaVGc3nfsXZOFKR2ljS3vtyVp7Z0L16R-3pJD8ftYTGGnfRvPREtZjxr1Rq3UwqP1_sncOvpI10NM64i0e_brxlU-6f4pbrxUXWGDwxtCwbAuXvZUASnszROFRNcSiFVaJnQAbM-mDN4t_XGfLeJlAT1MJ1iwhMRkT9tQIwFjaJIQDM3ZOtGQmsW20i1SIDunt18454WaICre_FlEKnW0SsVVSwIzqzimIUiTjCYmYEsVYVRQ157jqutUqrVkO4-gLYczGc_Wh1_wHliWgNVU_xO6iaQfTNIGJTsoBI3wbnuiE8bxK_yMuoMUw-OdZtTFmLpO-G8Qr_k8xcfaHBNJASw4pq-sowt4WFtnaEYBFItyj3HvkrerDpKkJvY5q8GGX3eZa2Io-X-iEteY90KjPm6dkjsxJTAW7LVTTTUCwQ-r_3qdNY,Dmitry Ryzhkovich,
275,אלוף הסביח,אלוף הסביח,ok,https://res.cloudinary.com/dn7vbd6nn/image/upload/v1783271873/restaurants/google-pilot/restaurant_275_google_800.jpg,restaurants/google-pilot/restaurant_275_google_800,800,800,206268,jpg,2459,places/ChIJCb5xlOxLHRURRsWU4HgFDf0/photos/AaVGc3lPuEF6SwZXqkcPQmbMe0FjR-JklOsf8-5QELv5Mqt3qvaOilkYquc4IKLqIbfiS19CSaWNWLOgXcW-6GbNCC7Cvr--kre0gLEWZIMLOTZ6nZd9WP9rACANrsof2vUWKHRT4Iurq62DwYfpCxsfeBSY-n2DJlDKYBF2MCZ_cxC-Kr52VJVlAhbG-lTVtXLXVF_bWd0E0JGdMBcotgyuL3-Ft9YfL7b9SFI7e_wpXJgyz9YzQupjdXCU42ft9wmPMAMvafyM3S5dra9cnEzDok4uLMVqR1vnS4btmyE2oRMeVPMpqAI5tnvsiNkgcj503rXEneisBJCJ6coBrH3TiQWTBZQQF11YGJQ9BIz7nRpQE1BFUujp5SgHVJbWC6MXl3wou0y5rKxRGVpA5g3mwFefU_2ptpgxhjNZiPDxyRR7nA,Dovi Rosh Hai,
279,מסעדת באביקה Babica,BABICA מסעדת שף אותנטית כשרה,ok,https://res.cloudinary.com/dn7vbd6nn/image/upload/v1783271874/restaurants/google-pilot/restaurant_279_google_800.jpg,restaurants/google-pilot/restaurant_279_google_800,800,534,128175,jpg,1386,places/ChIJ8VodmO_rBaYRZVQBzcWNNCM/photos/AaVGc3nzt_aZaM1ZElW7GWdHRcc5_bWcOgxK96cl2q8qhGwR-bk7cgzIDStZfdscaYd5x2H-3gVharnK-KcXVjJklc5FtB18xzq06aCnfjmYFRXBurU7yve9Uqs5aBb4NBGWO9kN1w744U1liKtOfxSTlduQUrNqldlf5WKeCnGTGkr5PIo73Iv1ZB9_V5T68WPTsjDZhpt60BTk6MBXby1ttziqw_3UAuBEIWEc--VJJnlkZTRyPfMbE1f3jKM9bZzI5Sj5N6t3n4XY7vWO_wB-CSZdF59jQqsqXMz0r9Nay4llkM5jRWqx0-aJqRMuBp6UVsYqRXgEvBlBOV5NmpAD8A7deKF3Rwr557CUMDVcVg9lfifFjSppBQGXd5Ufq8BR1koJhOtwnix-bdWD29f72qJGI061qETfHLd_d0h4nGik9QDgagmgUkfR_4p5QtKA,BABICA מסעדת שף אותנטית כשרה,
426,"בוטיק הפיתה סניף רובע י""ג","בוטיק הפיתה סניף רובע י""ג",ok,https://res.cloudinary.com/dn7vbd6nn/image/upload/v1783271877/restaurants/google-pilot/restaurant_426_google_800.jpg,restaurants/google-pilot/restaurant_426_google_800,800,600,164339,jpg,3039,places/ChIJ-_0rUPWiAhUR9WoRoqoUXIw/photos/AaVGc3nasOPG1nN-42v-Xv9OmCW18MG0z-gH6Oh3Quz_SfO5IgoarULioqHEUB-Rw4YOjaA6aUBAobUwVmNbEzUSpHYBYnJuZJ6Ja9fg7l72AQMmhlUOMkxcewfRTxAYOYVRlHTeXyGQ8Vq4Yn3ufk6lBiuF_8-6qfCFJJIwT8pCay6CNRq5gZMFMLl0oYQ81JAksbjPf1ESCbYlvN9GHhDjwv2x9GkdvEBElATKkTAJ9adO4y1FOUOeHVgbNPJWhmUakfS8v5kMOlAV4Ee4lVuvbmbI7FPOHxd0KGpP4xwogc4rL4xyl6hBgQDAsHNZf1oorovmJrA1ubk9DueOROgUP6Gsm-DofzlBY165kkdZM_nD3pg7933qkTfCAEOa1G9lrR3XONO626pdyNzpW8R1eFc3v-7QFr6pk-2MvT9l2V55inPP,Dotan Harpaz,
470,Aroma Espresso Bar ארומה אספרסו בר,Aroma Espresso Bar ארומה אספרסו בר,ok,https://res.cloudinary.com/dn7vbd6nn/image/upload/v1783271881/restaurants/google-pilot/restaurant_470_google_800.jpg,restaurants/google-pilot/restaurant_470_google_800,706,434,290397,jpg,4174,places/ChIJZaDroQyjAhURrgb3RQZryQM/photos/AaVGc3l_66Cjyw3lr9hlXU2WXb_oPkEE90Dlh6r4Cbg-p18zcczX0Dxv-g7H1BAW-atGHFZgUGigkvlfkafFieVYx5a8eyb1uRlqNHzmnvYw0yL_s7GORE16h-1mmo0rzWJLT1cywfDmbTioZgw4kOAKXzcJQglJNAJ4VuYaYldGNnTjtWf9VJRDr116gxRu4izvVQPdGE44qVPo376tVhoegJ_-3PlQAzS9dkK048Jtq87KCTOe0XgxzwWQgFn2qgFxHGrxiYLaANgjxoWb3DPK1vFJ3EpZ6_oSAxGX_IdcuPnmjSPA59g9eepZf-aObNPZ4LqktEl2TRGiVEBQvVlKx6Ddozcsdo7vNMttSwd6RPrCADHPYb3H-zbNKUeuekbOk4r_MQuQ5v0SyGXoYIYUnXrfjX_scsG3ya0QoR9YRvqzh3PZ,Aroma Espresso Bar ארומה אספרסו בר,
550,מיכליס בראסרי,Michali's,ok,https://res.cloudinary.com/dn7vbd6nn/image/upload/v1783271883/restaurants/google-pilot/restaurant_550_google_800.jpg,restaurants/google-pilot/restaurant_550_google_800,800,389,112695,jpg,1733,places/ChIJ2XBEA6bOAhUR854NBrduXgE/photos/AaVGc3notCCWAy3pSfYU35FYvOX3TuY94sQQWPZi-wOnV97Wwiwlx3eOTTrDHq7fHSQVCPa-krx1epUmNzhiOE9Ed8cw77CSnRZGbmc6PHaEPHg8jv6gMNbECNow9MADJ6it3hxJorWp8qWcZL3zFUesJujLrxhhCIQDUdkAURUk4-2SKH737XPNOCCD33rDfE1_9TZj3zm-PkmtOKLw299swIc0k4MkhAxlhiqOL9K0zno7lYnq_lB19hqYomy7FbkPutHh9VxwsbpZvuip5sVGOyp6F2eagqAU_RE9ca8zB6H3sBB_IFoYOKlc17K-p2RPURVa3hM-W3WEaN7VHiLdovHKwOWc-MLoHdAx1SLyBfmVdD0t_iV8qWFcU96qnkeci1ueHsNtgspHi5TIvMjcVtEI1btJiMdKq_wUG07-Vd1EG16E,orly shalem,
551,Alfredo | מסעדת אלפרדו,Alfredo | מסעדת אלפרדו,ok,https://res.cloudinary.com/dn7vbd6nn/image/upload/v1783271885/restaurants/google-pilot/restaurant_551_google_800.jpg,restaurants/google-pilot/restaurant_551_google_800,800,600,168209,jpg,1853,places/ChIJT5i50e9JHRURich5UvGkdAk/photos/AaVGc3n-1DsgLAulA5UFU2anKKv3P3KwCy0gaudwFIUEsUt4qEksVMHf0ZSWqIRDqy1CzC4IQ8CbFWmCrWSlmeRDl2-VRK9Jb97andSivK32Ev_La6i7VmZA5eUdq5Rol5nFF3aAgKQZem6pyjVfRNArddckpz8praO6SEQKzkGTYIMXTrn_J4nJWR3fY8-YN2wIGE7I0C5C5BG3NZseSg2jgzJqNc0FudkK2iKsnBN2U94vZ5YIICxh2mTfHH3nqhy5L8oLIxql4rY36JQ7k9SJ2BmVlssM6BS4257NmTwisXq60Gp7_-vyslicH09RPEuH73cj7xpJXE0dBlP3bDLc3EVkc6rHvz-j1vLo9h4VOoG_gEE62m1DZ9ip6KKVSrBvYmZIf6ZmPIOjGv3m69Y986G9A1leIezsAAPG_gGoN5zl9LdY,Arbiv Adi,
555,Thirty Three,Thirty Thtee,ok,https://res.cloudinary.com/dn7vbd6nn/image/upload/v1783271887/restaurants/google-pilot/restaurant_555_google_800.jpg,restaurants/google-pilot/restaurant_555_google_800,800,1067,177649,jpg,2152,places/ChIJVwH6nJ7XAhURk-jr-qyddD0/photos/AaVGc3m9J3T_uU4b0qrbOlaleO-JmPUp-LqSjc4rIsC4RqC4hCzbvz8C87cEEcLX25j3llYZYq3wkW-v-4mPaD_zPD_tQ7y3o7W6qDUX-oAs6zNQ76Ds0lix90_63QWvV_Ew8ow0xKC4Pq_irgwOi-appgu5nfhDGi7hFchWgDtuQdhtM_CLhGNpxH9C7hIHbbO8cETBfkCobn3u6qXURo-zob_L3Gd99Rl9nnLnTANOu0UN9dhA-QyVst2OjtbEtVNl0xXZKy4SpGwAhFqa_-52SzhsVKFOCcu_Qxp0j3UgGPnQwE_Rlx9GHaTFiLXaz6xJXmfEE8MKU8Ey9z6531EmJvgX4M6aBco_kAjeXePIieNh9ytlKrAHCJn39-Fu8q7f6e2cZr8LRlIqpw7xj0YGFdrJbNYm8UhvILR10y3BZNzavSmrTXDzOQ4TXobPqBMK,Thirty Thtee,
559,מסובין,Mesubin,ok,https://res.cloudinary.com/dn7vbd6nn/image/upload/v1783271889/restaurants/google-pilot/restaurant_559_google_800.jpg,restaurants/google-pilot/restaurant_559_google_800,800,1067,172922,jpg,1941,places/ChIJdzb621rEAhUR2qV27cWVf3s/photos/AaVGc3mDvnDaaEPcGGp4I79mEZEVx2Prf4N2ZbMm9e5g7HNl7tWx_LenJPrAB3ORNgp-DpfyzQvqEsbeOT9LvJtc6WoFz7bV7iiqvAu_8zJdPeWIZssSIOweVbZL1h4fIm4QjaOPeoMF8GNlLLNGXoGTOTjdU87fwXDslPlhvrcW00t4zmolritQZDECANpNbfYS6osAHgtLAZn1be2I65dcomNoMKFLKtJrQsi3nxU7W3F9pHuhVf8tXGeI-ZEYg7bxwVU_nPVzFdJf6yJL6a7ZnP3EuRG3LKco8hyvVQ8XBFwNjSWH8x4ZfqFLT4gDGJhcmbEj00ajseXlDTD4ejGDAi9mJEPOQkVQEo-gVUtQ0GBteeSyPkbStcVx0Aq28PUUojw8BubCJOdN0svJu4TEpDNDuaT8vDGfZ3l9TZu0nq_dnQ,Samy A.,
568,מסעדת ויצמן אשדוד,מסעדת ויצמן אשדוד,ok,https://res.cloudinary.com/dn7vbd6nn/image/upload/v1783271891/restaurants/google-pilot/restaurant_568_google_800.jpg,restaurants/google-pilot/restaurant_568_google_800,800,1422,270349,jpg,2254,places/ChIJd5wpVGmjAhURvh-8SE8H7_M/photos/AaVGc3n5oDs_smuyw2e6mln2de6zEklD1ghE1cTv14Y8aHWsRCOYVGN-sh4_zdXlpVqq78oBs35rT6JRdXF2wQdtTNPcg31RWiYPPUiRscSp3Eq6_7mDBTSnNP7zs0IH-Bf13SODZAZWk4HEs26WnzhrhC2GO7o5og-NLsmhUbV8W38AtgdOvTbt1ACOLninqU1luvtTIt1lN_IllE7ZkdjUozXO7iT5EbXwvbIYUdxvQ5x1cs9vJD9DL3YblOx_xL5rdofYVFAK0hXn0yU4B6MXIFyqRwlWboHgW7qtoPO8rmLLIhmmI00igvtRNctU0EkD_iCSQT6tu_ScSBVkk0rZQeUa5pJ0Ukc96yVg2aieptTWurIOBnGKw43wpQVEMcQNvaVb9216fcPt1_Z6kovUFPFTcGY-9qWE_1eyucdzSmA,Meni Wolf,
573,הפי פיש,Happy Fish,ok,https://res.cloudinary.com/dn7vbd6nn/image/upload/v1783271893/restaurants/google-pilot/restaurant_573_google_800.jpg,restaurants/google-pilot/restaurant_573_google_800,800,534,128397,jpg,1436,places/ChIJY3K8gtEpAxURbq4kplsAZa8/photos/AaVGc3kb7iEI24tWKZaPjOnff7Q4GNL98wdp_15bO2tm6DfyL-aXgsf2YTvvSOj18rXgLggCB0JWpRjvcsyWFgFawhxjsHgw_4F8AzWsDyErrQT_933oCQEQJtAaWRFh4Es1ozOLbV0_Hjr1fmQ1A8uch8wmsUQtYuxiCgpHBRJVidvzBqW0JZJMdzy-pcWIbzz8abs_DJqcdg3REYjREKrK35OOekPSryhkgzbPIt8AiZNHA_aZRjrrz08UejEMzNOvh3RG9WrHKMKt5N5MqbE9FTwh5kUz6iVCh7Hf1sqcAk6Q5jsKQ7S_vwaL_McJcu-v1TF5mQ1BI-3myBzsV86lwt3hKxv1ROyJweUpwVbxFVeX-JKPeWFm5lWd-xKOUrT7qKYVfnEVAgt3i9mc1QbWQvoMq_6Q6rwVQPwyiC990bG3OQ,Happy Fish,
575,תמרה הבשרי,תמרה הבשרי-Tamara events,ok,https://res.cloudinary.com/dn7vbd6nn/image/upload/v1783271894/restaurants/google-pilot/restaurant_575_google_800.jpg,restaurants/google-pilot/restaurant_575_google_800,800,600,124537,jpg,1635,places/ChIJSd8wAz3XAhURnnvm5q3UUBg/photos/AaVGc3n7xnkinTtzLWINI-JPygF2dlSD0aJHJTdMWkqRzBK0jucw-X8L3voFhTdDdwZVto1_9Oc7JRDKRdyY2AtLtttveFM4SjAKwKEPPYzhElQZKloPc5Mun4h6OVDrbY2oQAFJLPadYL9H_uBsVKGZLm-QoKlsaBqj_vR6KJpHP7EnGDu1Ne1IZkkdSaK_slxmLp7EQtOYp2qx8X5ztyT9WQZlPZq0rubzKE7nfxP-1skE3eDNWqYSqBOWcd7bmnMUMs-TH8QDpwj903R6LkQ0A9qCKNVR-Pu02vz6lDpnfPj7FgPtki3Y060CQ5UrNBnQgHtIpNhJdnjOTthqPq5JBEAKXJ2PimHCClEPFm2pX0usjTdiVoHGE6e49WVJIZ8WEKZikizpiR9YGuXKlr9L4sG-DTCC4d5duaAeIKtEw5HDLrmBucrvAv_qEfnDS3tj,תמרה הבשרי-Tamara events,
576,נויה,Noya,ok,https://res.cloudinary.com/dn7vbd6nn/image/upload/v1783271896/restaurants/google-pilot/restaurant_576_google_800.jpg,restaurants/google-pilot/restaurant_576_google_800,800,1200,176446,jpg,1639,places/ChIJX4cEGNEpAxURS-pljMErU8E/photos/AaVGc3nZmBFhCyOVEcgyL4mryU7OGmSaGiqZB799fIIc1a5VRjp0MAWV1Be_GRM9eR6D9Pu0xGdNl3g7eccrPTS_7al_okx9MbbwmaecZfQ3d8FjddCuRBUV_9NiI_P_hcDEHREyjJYRtlMX6ipPepYWdC0bLremepMqZqAQec2O0jBAwpypVScLmJdyKI_-3NCn48yj2any7_6KlO8ByZuiJ-aJhg8ukqjc3xOENENkxdLR5E83l4JCWL4GnN2oo09osrk5mU7f5Mdc4zb28jdI6w1hm52G_DQ5FnucSE6XxbWXi1OgduDN81UHKLzVooeokMP0RuiUd1vLW7ZtFq2aFyTzh6opkH4-FhdOXZVizIsrvhxgj390VR1PBlpnIC50tholKVYfAWerWXyInios4hVnPFayBPUbhPDAAjbA9IeMujorifOHCE4lukiVmA,נויה,
579,בוש בייגלס,Bush Bagels,ok,https://res.cloudinary.com/dn7vbd6nn/image/upload/v1783271898/restaurants/google-pilot/restaurant_579_google_800.jpg,restaurants/google-pilot/restaurant_579_google_800,800,600,139579,jpg,1671,places/ChIJXd29jt8pAxURsHNdQ00YSZg/photos/AaVGc3n5zUmrEsNU5kEZw6C-uwaxw_KjH1zZn_tlN1fR5Ad06zXeGYZG7Y3OTgjYINkDeUc9BB8JMVciS2ucHRbdJvvkF-vb6FnVY1-kEvO0Xm0kMBmRHtwVyf5tc3h1b8yYI2eWSYmcfCzLjNC0LFuq3WlF-BjpeLydLk7UTswVostln2q4TDmfHQhxqDDWnzW6NGwXeY1rBMolOvJnxzwe3wI77KkS5MKB0HL1_iLvPCCgzY0Od-fcT0QMnUescD_O9hFlensBeakrotulM5wJ-9NzYE4w-Pqm-tZVLWMWa9ABon3CRUleHxYL_PcmUZZDnqQrmHoGSPsomtnPNaF-Cfi4lFmnpQq94sLldE7XnyonRvnIPP-hTO3ZsMBcGBEuulASdX5IU-yT-vdrAfILy3zEsi6YxH6DvFpA4v7O4HtjfrM,Shin,
