id,old_name,old_address,google_place_id,current_google_name,current_google_address,triage,triage_reason,google_name_he,google_name_lang_he,google_address_he,google_short_address_he,address_has_hebrew_he,google_name_en,google_name_lang_en,google_address_en,google_short_address_en,address_has_hebrew_en
64,קפה קפה,"יורדי הסירה 1, נמל תל-אביב, Israel",ChIJ2bY7OXxLHRURfw6xXr7krLo,Café Café,"Kaf Gimel Yordei ha-Sira St 1, Tel Aviv-Yafo, Israel",,,קפה קפה,iw,"יורדי הסירה 1, תל אביב-יפו","יורדי הסירה 1, תל אביב-יפו",yes,Café Café,en,"Kaf Gimel Yordei ha-Sira St 1, Tel Aviv-Yafo","Kaf Gimel Yordei HaSira 1, Tel Aviv-Jaffa",no
570,המקסיקני,"בית שמש, Israel",ChIJNYxcr7jFAhURnVSz0d60RvY,Mexicani,"Yig'al Alon Ave 1, Beit Shemesh, Israel",,,המקסיקני בית שמש,iw,"שדרות יגאל אלון 1, בית שמש","שדרות יגאל אלון 1, בית שמש",yes,Mexicani,en,"Yig'al Alon Ave 1, Beit Shemesh","Yig'al Alon Ave 1, Beit Shemesh",no
584,המאפה הצרפתי,"נתניה, Israel",ChIJ9clooqxqHRURclWExYvjigo,Le Parisien,"Israel Zangvill St 14, Netanya, Israel",,,בגט לה פריזיאן 26,iw,"ישראל זנגוויל 14, נתניה","ישראל זנגוויל 14, נתניה",yes,Le Parisien,en,"Israel Zangvill St 14, Netanya","Israel Zangvill 14, Netanya",no
1208,קפה קפה,"שד' דוד טוביהו 125, באר שבע, Israel",ChIJ0-2eyeFlAhURlt0uNOmojqk,Café Café,"David Tuviyahu Ave 125, Beersheba, Israel",,,Café Café,iw,"שדרות דוד טוביהו 125, באר שבע","שדרות דוד טוביהו 125, באר שבע",yes,Café Café,en,"David Tuviyahu Ave 125, Beersheba","David Tuviyahu Ave 125, Beersheba",no
1228,לורנס,"אילת, Israel",ChIJLfMTqOhxABUR94IwYM2vH0k,Lawrence,"Ha-Yam St 8, Eilat, 8814101, Israel",,,לורנס,iw,"הים 8, אילת, 8814101","הים 8, אילת",yes,Lawrence,en,"Ha-Yam St 8, Eilat, 8814101","HaYam 8, Eilat",no
1304,פיצה פרגו,"אנפה 1, אילת, Israel",ChIJqQhknxxyABURpV9O3kLGaws,Pizza Fargo,"מרכז מור, Anafa 1, Eilat, Israel",,,פרגו פיצה באילת,iw,"מרכז מור, אנפה 1, אילת","מרכז מור, אנפה 1, אילת",yes,Pizza Fargo,en,"מרכז מור, Anafa 1, Eilat","מרכז מור, Anafa 1, Eilat",yes
1316,פיצריית המושבה,"עוצם, Israel",ChIJt7hASfORAhUR9TlKK7XIxk0,פיצריית המושבה,"Otzem, Israel",,,פיצריית המושבה,iw,עוצם,עוצם,yes,פיצריית המושבה,iw,Otzem,Otzem,no
1319,cofix,"ככר פז 62, קריית גת, Israel",ChIJgTFEO2KRAhURejOnLleZbLg,COFIX,"Mish'ol Paz 101, Kiryat Gat, Israel",,,קופיקס,iw,"משעול פ""ז 101, קרית גת","משעול פ""ז 101, קרית גת",yes,COFIX,en,"Mish'ol Paz 101, Kiryat Gat","Mish'ol Paz 101, Kiryat Gat",no
1376,פלאפל'ס,"מ""ד המעפילים 11, דימונה, Israel",ChIJE_IqlXZHAhURwfUEEYnP2mE,פלאפל דימונה,"מרכז מסחרי חדש, Dimona, Israel",,,פלאפל דימונה,ru,"מרכז מסחרי חדש, Dimona","מרכז מסחרי חדש, דימונה",yes,פלאפל דימונה,ru,"מרכז מסחרי חדש, Dimona","מרכז מסחרי חדש, Dimona",yes
1403,Pizz stop עומר,"רותם 17, מרכז מסחרי עומר, Israel",ChIJDycByW5nAhURnwHB6KjsRNc,Pizz Stop,"Rotem St 15, Omer, Israel",,,Pizz Stop,en,"רותם 15, עומר","רותם 15, עומר",yes,Pizz Stop,en,"Rotem St 15, Omer","Rotem 15, Omer",no
1469,קייטרינג שף,"באר שבע, Israel",ChIJA5eTNNllAhURf4AhMa8xxbM,הסכין והקרש-שף פרטי-עדי אליהו-קייטרינג- באר שבע,"Ha-Khoresh St 22, Be'er Sheva, Israel",,,הסכין והקרש-שף פרטי-עדי אליהו-קייטרינג- באר שבע,iw,"החורש 22, באר שבע","החורש 22, באר שבע",yes,הסכין והקרש-שף פרטי-עדי אליהו-קייטרינג- באר שבע,iw,"Ha-Khoresh St 22, Be'er Sheva","Hahoresh 22, Beersheba",no
1590,סינטה,"האורגים 9, טופ סנטר אשדוד, Israel",ChIJa-2cdWujAhURp71NOb7Qd3M,סינטה,"מתחם חצי חינם, האורגים 19, אשדוד, Israel",,,סינטה,iw,"מתחם חצי חינם, האורגים 19, אשדוד","מתחם חצי חינם, האורגים 19, אשדוד",yes,סינטה,iw,"מתחם חצי חינם, האורגים 19, אשדוד","מתחם חצי חינם, HaOrgim 19, Ashdod",yes
1634,פיציריקה,"נתיבות, Israel",ChIJdyvjC19-AhURXg5icU72QEo,פיציריקה,"Ganey Tal St 2, Netivot, Israel",,,פיציריקה,iw,"גני טל 2, נתיבות","גני טל 2, נתיבות",yes,פיציריקה,iw,"Ganey Tal St 2, Netivot","Ganey Tal 2, Netivot",no
1661,עוגלנד,"שד' התמרים, אילת, Israel",ChIJWXOR6ndzABURwNyoyj2lH7o,עוגלנד / ogalend,"Sderot HaTmarim, Eilat, 88000, Israel",,,עוגלנד / ogalend,en,"שדרות התמרים, אילת, 88000","שדרות התמרים, אילת",yes,עוגלנד / ogalend,en,"Sderot HaTmarim, Eilat, 88000","Sderot HaTmarim, Eilat",no
1663,קפה קפה,"שד' יגאל אלון 31, דימונה, Israel",ChIJYwvnXANGAhURCnAHBHMPeQ4,"קפה קפה, דימונה","Sderot Yig'al Alon 31, Dimona, Israel",,,"קפה קפה, דימונה",iw,"שדרות יגאל אלון 31, דימונה","שדרות יגאל אלון 31, דימונה",yes,"קפה קפה, דימונה",iw,"Sderot Yig'al Alon 31, Dimona","Sderot Yig'al Alon 31, Dimona",no
1707,חומוס אליהו,"ירוחם, Israel",ChIJ4RNEWB8_AhURI5aaOxPHbkQ,חומוס אליהו ירוחם,"מרכז מסחרי, Tsvi Bornstein, Yeruham, Israel",,,חומוס אליהו ירוחם,iw,"מרכז מסחרי, צבי בורנשטיין, ירוחם","מרכז מסחרי, צבי בורנשטיין, ירוחם",yes,חומוס אליהו ירוחם,iw,"מרכז מסחרי, Tsvi Bornstein, Yeruham","מרכז מסחרי, Tsvi Bornstein, Yeruham",yes
1796,בורגראנץ',"הרצל 31, שדרות, Israel",ChIJbUQWRgCBAhURYikkpXG5KXo,בורגראנץ' שדרות,"Simtat HaPlada 8, Sderot, Israel",,,בורגראנץ' שדרות,iw,"סמטת הפלדה 8, שדרות","סמטת הפלדה 8, שדרות",yes,בורגראנץ' שדרות,iw,"Simtat HaPlada 8, Sderot","Simtat HaPlada 8, Sderot",no
1826,בי 10,"דרך השלום 907, דימונה, Israel",EiZEZXJlY2ggSGFTaGFsb20gOTA3LzEwLCBEaW1vbmEsIElzcmFlbCIeGhwKFgoUChIJMcyiqf9FAhURZqHHtFoFuNUSAjEw,Derech HaShalom 907/10,"Derech HaShalom 907/10, Dimona, Israel",,,דרך השלום 907/10,,"דרך השלום 907/10, דימונה","דרך השלום 907/10, דימונה",yes,Derech HaShalom 907/10,,"Derech HaShalom 907/10, Dimona","Derech HaShalom 907/10, Dimona",no
2062,VITA FOOD,"הבנים 36, עפולה, Israel",ChIJg-W3-05THBURSuuTalV3WlI,ויטה פוד,"Ха-Абаним, Afula, Israel",,,ויטה פוד,iw,"Ха-Абаним, Afula","Ха-Абаним, עפולה",no,ויטה פוד,iw,"Ха-Абаним, Afula","Ха-Абаним, Afula",no
2081,קפה גרג,"טשרניחובסקי 4, קניון 8 סנטר, קריית שמונה, Israel",ChIJkbz89Va9HhUR6Ktjf8VcMP0,Greg Cafe,"קניון 8 סנטר, Tchernichovsky 4, Kiryat Shmona, 1103131, Israel",,,קפה גרג,iw,"קניון 8 סנטר, טשרניחובסקי 4, קרית שמונה, 1103131","קניון 8 סנטר, טשרניחובסקי 4, קרית שמונה",yes,Greg Cafe,en,"קניון 8 סנטר, Tchernichovsky 4, Kiryat Shmona, 1103131","קניון 8 סנטר, Tchernichovsky 4, Kiryat Shmona",yes
2092,פיצה שמש,"תל חי 92, קריית שמונה, Israel",ChIJsWJZiDy9HhURZ8DRc1jcrf0,Shemesh Pizza,"Tel Hai St 92, Qiryat Shemona, Israel",,,פיצה שמש קריית שמונה,iw,"תל חי 92, קרית שמונה","תל חי 92, קרית שמונה",yes,Shemesh Pizza,en,"Tel Hai St 92, Qiryat Shemona","Tel Hai 92, Kiryat Shmona",no
2118,שיפודי הטלה,"דגניה 30, קריית חיים, חיפה, Israel",ChIJ79kdzTG3HRURSXF9J93O_Ic,שיפודי הטלה,"Sderot Deganya, Haifa, Israel",,,שיפודי הטלה,iw,"שדרות דגניה, חיפה","שדרות דגניה, חיפה",yes,שיפודי הטלה,iw,"Sderot Deganya, Haifa","Sderot Deganya, Haifa",no
2124,מקדונלד'ס,"טשרניחובסקי 4, קניון 8 סנטר, קריית שמונה, Israel",ChIJe-0x3dS9HhURqn3QWwbaVGw,McDonald's,"Tchernikhovski St 4, Qiryat Shemona, 1103131, Israel",,,מקדונלד'ס - קניון שמונה באמצע (כשר),iw,"טשרניחובסקי 4, קרית שמונה, 1103131","טשרניחובסקי 4, קרית שמונה",yes,McDonald's,en,"Tchernikhovski St 4, Qiryat Shemona, 1103131","Tchernichovsky 4, Kiryat Shmona",no
2126,59 בשדרה,"שד' בן גוריון 59, המושבה הגרמנית, חיפה, Israel",ChIJFXs6gLa7HRURSqIoz48H-LQ,Sderot Ben Gurion 59,"Sderot Ben Gurion 59, Haifa, Israel",,,שדרות בן גוריון 59,,"שדרות בן גוריון 59, חיפה","שדרות בן גוריון 59, חיפה",yes,Sderot Ben Gurion 59,,"Sderot Ben Gurion 59, Haifa","Sderot Ben Gurion 59, Haifa",no
2228,קונדיטוריה ענבל,"חצור הגלילית, Israel",ChIJbyfX-r4jHBURnRlZiJES4Nk,קונדיטוריה ענבל,"Ha-Histadrut St 7, Hatzor HaGlilit, Israel",,,קונדיטוריה ענבל,iw,"ההסתדרות 7, חצור הגלילית","ההסתדרות 7, חצור הגלילית",yes,קונדיטוריה ענבל,iw,"Ha-Histadrut St 7, Hatzor HaGlilit","Hahistadrut 7, Hatsor Haglilit",no
2254,מקדונלד'ס,"דרך חיפה 30, קניון שער הצפון, קרית אתא, Israel",ChIJK8dyfKOxHRURUQ4yzxEm9JY,McDonald's,"Derech Haifa 30, Kiryat Ata, 2822632, Israel",,,מקדונלד'ס - קניון שער הצפון - איקאה (כשר),iw,"דרך חיפה 30, קרית אתא, 2822632","דרך חיפה 30, קרית אתא",yes,McDonald's,en,"Derech Haifa 30, Kiryat Ata, 2822632","Derech Haifa 30, Kiryat Ata",no
2317,סושי בר,"הרצל 73, נהריה, Israel",ChIJSfiDrlnOHRURAOW41oMe5A4,סושי בר נהריה,"Herzl St 73, Nahariyya, 2244601, Israel",,,סושי בר נהריה,iw,"הרצל 73, נהריה, 2244601","הרצל 73, נהריה",yes,סושי בר נהריה,en,"Herzl St 73, Nahariyya, 2244601","Hertsel 73, Nahariya",no
2426,קפה גרג,"אירית 2, נהריה, Israel",ChIJ1XtZbO_OHRURRu5YWD1jMho,Greg coffee Nahariya Mall,"Irit 2, כניסה הדרמית, Nahariya, Israel",,,קפה גרג קניון נהריה הכשר למהדרין,iw,"אירית 2, כניסה הדרמית, נהריה","אירית 2, כניסה הדרמית, נהריה",yes,Greg coffee Nahariya Mall,en,"Irit 2, כניסה הדרמית, Nahariya","Irit 2, כניסה הדרמית, Nahariya",yes
2436,פיצה פדאל חיפה קרית אליעזר,"ככר מאירהוף 3, חיפה, Israel",ChIJpYumU627HRURx6-c1X1Mm1c,פיצה פדאל קרית אליעזר,"Kikar Meirhoff, Haifa, Israel",,,פיצה פדאל קרית אליעזר,iw,"כיכר מאירהוף, חיפה","כיכר מאירהוף, חיפה",yes,פיצה פדאל קרית אליעזר,iw,"Kikar Meirhoff, Haifa","Kikar Meirhoff, Haifa",no
2477,מאמא פיצה קרית אתא,"העצמאות 71, קרית אתא, Israel",ChIJaRnDAsq2HRURN7yFBcmcnB8,Mama Pizza,"Ha-Atsma'ut St 83, Kiryat Ata, 28219, Israel",,,מאמא פיצה,iw,"העצמאות 83, קרית אתא, 28219","העצמאות 83, קרית אתא",yes,Mama Pizza,en,"Ha-Atsma'ut St 83, Kiryat Ata, 28219","Ha-Atsma'ut 83, Kiryat Ata",no
2507,רולדין,"נחום חת 5, טירת כרמל, Israel",ChIJ3w2jRVu7HRURqyeOcOKcSV4,Roladin Matam,"Nahum Het St 5, Haifa, 3508504, Israel",,,רולדין מת״מ,iw,"נחום חת 5, חיפה, 3508504","נחום חת 5, חיפה",yes,Roladin Matam,en,"Nahum Het St 5, Haifa, 3508504","Nahum Het 5, Haifa",no
2527,טו פיצה,"גוט לוין 2, חיפה, Israel",ChIJi8q5QfW6HRURiBQgCp5E_t4,Tu Pizza,"Moshe Got Levin St 48, Haifa, 3292240, Israel",,,טו פיצה,iw,"משה גוט לוין 48, חיפה, 3292240","משה גוט לוין 48, חיפה",yes,Tu Pizza,en,"Moshe Got Levin St 48, Haifa, 3292240","Moshe Got Levin 48, Haifa",no
2654,קפה קפה,"שד' שאול עמור 77, פרץ סנטר מגדל העמק, Israel",ChIJPUCZ6Z1SHBUR-nvugwrklFw,Café Café,"Sha'ul Amor Ave 77, Migdal HaEmek, 2309706, Israel",,,קפה קפה,iw,"שדרות שאול עמור 77, מגדל העמק, 2309706","שדרות שאול עמור 77, מגדל העמק",yes,Café Café,en,"Sha'ul Amor Ave 77, Migdal HaEmek, 2309706","Sderot Sha'ul Amor 77, Migdal HaEmek",no
2665,פיצה דומינו,"בן עמי 44, עכו העתיקה, Israel",ChIJB2GlsVbIHRURLyVajqGBdNo,Pizza Domino,"Ben Ami St 44, Acre, Israel",,,פיצה דומינו,iw,"בן עמי 44, עכו","בן עמי 44, עכו",yes,Pizza Domino,en,"Ben Ami St 44, Acre","Ben Ami 44, Akko",no
2673,פלאפל איצקו,"אודם 6, חריש, Israel",ChIJhzNgVtsFHRURDu9yvQBnc5E,פלאפל איצקו,"Odem St, Harish, Israel",,,פלאפל איצקו,iw,"אודם, חריש","אודם, חריש",yes,פלאפל איצקו,iw,"Odem St, Harish","Odem, Harish",no
2713,שיפודי הקריה,"תל חי 3, קריית שמונה, Israel",ChIJOybX81m9HhURZD3Z23LevYo,שיפודי הקריה,"Tel Hai St 3, Qiryat Shemona, Israel",,,שיפודי הקריה,iw,"תל חי 3, קרית שמונה","תל חי 3, קרית שמונה",yes,שיפודי הקריה,iw,"Tel Hai St 3, Qiryat Shemona","Tel Hai 3, Kiryat Shmona",no
2724,קפה קפה,"יהודה הלוי 1, ביג פאשן דנילוף טבריה, Israel",ChIJU6tf41o-HBURmq_lJulYBzU,cafe cafe,"Yehuda Halevi St 1, Tiberias, Israel",,,קפה קפה ביג פאשן טבריה,iw,"יהודה הלוי 1, טבריה","יהודה הלוי 1, טבריה",yes,cafe cafe,en,"Yehuda Halevi St 1, Tiberias","Yehuda Halevi 1, Tverya",no
2732,אחוזת סימיטה,"המלאכה 6, קניון דרכים יקנעם, Israel",ChIJ79Roo7-uHRUR-ttRSBsgmPY,אחוזת סימיטה,"HaMelacha St 1, Yokne'am Illit, Israel",,,אחוזת סימיטה,iw,"המלאכה 1, יוקנעם עילית","המלאכה 1, יוקנעם עילית",yes,אחוזת סימיטה,iw,"HaMelacha St 1, Yokne'am Illit","HaMelacha 1, Yokne'am Illit",no
2736,שיפודי רון,"חושן 14, קריית שמונה, Israel",ChIJexxokq6iHhUR2Bu7qu7h8uY,שיפודי רון,"Ha-Plada St 14, Qiryat Shemona, Israel",,,שיפודי רון,iw,"הפלדה 14, קרית שמונה","הפלדה 14, קרית שמונה",yes,שיפודי רון,en,"Ha-Plada St 14, Qiryat Shemona","HaPlada 14, Kiryat Shmona",no
2753,ROLADIN,"ויצמן 66, נהריה, Israel",ChIJw3GSSfjPHRURHbV49dova44,רולדין,"Weizman St 66, Nahariyya, Israel",,,רולדין,iw,"וייצמן 66, נהריה","וייצמן 66, נהריה",yes,רולדין,en,"Weizman St 66, Nahariyya","Weizman 66, Nahariya",no
2759,נישנוש,"מרחביה (קיבוץ), Israel",ChIJB_dzk2NRHBURzHdpAtCbx2s,Nishnush,"Derech HaOren, Merhavia, Israel",,,נישנוש,iw,"דרך האורן, מרחביה","דרך האורן, מרחביה",yes,Nishnush,en,"Derech HaOren, Merhavia","Derech HaOren, Merhavia",no
2839,השף גדסי,"רשות החולה, Israel",ChIJQ-g7qme9HhURBmqmtp_wQoI,שף גדסי - לאנשים שאוהבים בשר,"אגמון מרקט, אגמון, החולה, 1210501, Israel",,,שף גדסי - לאנשים שאוהבים בשר,iw,"אגמון מרקט, אגמון, החולה, 1210501","אגמון מרקט, אגמון, החולה",yes,שף גדסי - לאנשים שאוהבים בשר,en,"אגמון מרקט, אגמון, החולה, 1210501","אגמון מרקט, אגמון, החולה",yes
2874,מריאנה בוטיק עוגות,"דולב 14, קיסריה, Israel",ChIJqSax4kAOHRUROoaosSbwy50,מריאנה עוגות מעוצבות,"Rothschild St 100, Caesarea, Israel",,,Mariana Cake Boutique,iw,"רוטשילד 100, קיסריה","רוטשילד 100, קיסריה",yes,מריאנה עוגות מעוצבות,en,"Rothschild St 100, Caesarea","Rothschild 100, Keisarya",no
2886,הקבב העירקי,"השיחרור 16, טירת כרמל, Israel",ChIJDxnc0nalHRURTd8vJvO7o08,הקבב העירקי- דודי,"HaShihrur St, Tirat Carmel, Israel",,,הקבב העירקי- דודי,iw,"השיחרור, טירת כרמל","השיחרור, טירת כרמל",yes,הקבב העירקי- דודי,iw,"HaShihrur St, Tirat Carmel","HaShihrur, Tirat Carmel",no
2889,caffe nuna קפה נונה,"חיפה, Israel",ChIJs31K70q7HRUROqW2x2tUb_s,Nuna,"Sirkin St 21, Haifa, Israel",,,Nuna נונה תלפיות,iw,"סירקין 21, חיפה","סירקין 21, חיפה",yes,Nuna,en,"Sirkin St 21, Haifa","Sirkin 21, Haifa",no
2893,סבא חביב טבריה,"ברץ 1, טבריה עילית, Israel",ChIJCx9f2F0_HBURmFvfIiyroJk,מסעדת סבא חביב,"Barats St 3, Tiberias, Israel",,,מסעדת סבא חביב,iw,"ברץ 3, טבריה","ברץ 3, טבריה",yes,מסעדת סבא חביב,iw,"Barats St 3, Tiberias","Berz 3, Tverya",no
3025,שיפודי התקווה ראש פינה,"ראש פינה, Israel",ChIJT8f9mGMjHBUR2Autj3zp6kI,שיפודי התקווה ראש פינה - כשר מהדרין,"HaTapu'ach St 1, Rosh Pinna, 1155132, Israel",,,שיפודי התקווה ראש פינה - כשר מהדרין,iw,"התפוח 1, ראש פינה, 1155132","התפוח 1, ראש פינה",yes,שיפודי התקווה ראש פינה - כשר מהדרין,iw,"HaTapu'ach St 1, Rosh Pinna, 1155132","HaTapu'ach 1, Rosh Pina",no
3220,בורגראנץ',"רוטשילד 35, קניון G רוטשילד, ראשון לציון, Israel",ChIJH4NYMj-0AhUR0mGc3B1R4DM,Burger Ranch,"Rothschild St 45, Rishon LeZion, Israel",,,בורגראנץ' ראשון לציון - רוטשילד,iw,"רוטשילד 45, ראשון לציון","רוטשילד 45, ראשון לציון",yes,Burger Ranch,en,"Rothschild St 45, Rishon LeZion","Rothschild 45, Rishon LeZion",no
3224,שיפודי שמש,"שד' הרצל 66, רמלה, Israel",ChIJ-RDNMwq3AhURyYn3p2utcAI,שיפודי שמש,"Sderot Herzl 66, Ramla, Israel",,,שיפודי שמש,iw,"שדרות הרצל 66, רמלה","שדרות הרצל 66, רמלה",yes,שיפודי שמש,iw,"Sderot Herzl 66, Ramla","Sderot Herzl 66, Ramla",no
3276,השקשוקה של אפי משנת 1994,"יחזקאל קזז 12, אור יהודה, Israel",ChIJYb6r1-pLHRURj_V5LbOSJiE,השקשוקה של אפי,"Yehezkel Kazaz St 14, Or Yehuda, Israel",,,השקשוקה של אפי,iw,"יחזקאל קזז 14, אור יהודה","יחזקאל קזז 14, אור יהודה",yes,השקשוקה של אפי,iw,"Yehezkel Kazaz St 14, Or Yehuda","Yehezkel Kazaz 14, Or Yehuda",no
3351,פסטה בר,"דרך מנחם בגין 132, קניון עזריאלי, תל אביב, Israel",ChIJ4foHCMdLHRURt5SlXcwuFVY,Pasta Basta,"Azrieli Center, Menakhem Begin Rd, Tel Aviv-Yafo, Israel",,,פסטה בסטה עזריאלי,iw,"מגדלי עזריאלי, דרך מנחם בגין, תל אביב-יפו","מגדלי עזריאלי, דרך מנחם בגין, תל אביב-יפו",yes,Pasta Basta,en,"Azrieli Center, Menakhem Begin Rd, Tel Aviv-Yafo","Azrieli Center, Derech Menachem Begin, Tel Aviv-Jaffa",no
3356,מלכה,"דפנה 2, תל אביב, Israel",ChIJUw7-Z5pLHRURJBJfIEHYrgo,Malka by Eyal Shani,"Menakhem Begin Rd 146, Tel Aviv-Yafo, 6492103, Israel",,,מלכה - Malka by Eyal Shani,iw,"דרך מנחם בגין 146, תל אביב-יפו, 6492103","דרך מנחם בגין 146, תל אביב-יפו",yes,Malka by Eyal Shani,en,"Menakhem Begin Rd 146, Tel Aviv-Yafo, 6492103","Derech Menachem Begin 146, Tel Aviv-Jaffa",no
3381,חומוס אור יהודה,"הראשונים 5, אור יהודה, Israel",ChIJK0MRQpZKHRUR4i5CuLX5ttI,חומוס אור יהודה,"Ha-Rishonim St 2, Or Yehuda, Israel",,,חומוס אור יהודה,iw,"הראשונים 2, אור יהודה","הראשונים 2, אור יהודה",yes,חומוס אור יהודה,iw,"Ha-Rishonim St 2, Or Yehuda","HaRishonim 2, Or Yehuda",no
3396,בראל,"רוטשילד 113, ראשון לציון, Israel",ChIJCSZGuKS1AhUR_w89tg5VbFI,בראל - בר תוצרת הארץ,"Rothschild St 111, Rishon LeZion, 75205, Israel",,,בראל - בר תוצרת הארץ,en,"רוטשילד 111, ראשון לציון, 75205","רוטשילד 111, ראשון לציון",yes,בראל - בר תוצרת הארץ,en,"Rothschild St 111, Rishon LeZion, 75205","Rothschild 111, Rishon LeZion",no
3455,המטבחון של סימה,"עמק זבולון 24, קייזר סנטר, Israel",ChIJm66DZbTNAhURnGBoA6PxGxA,המטבחון של סימה,"Emek Zvulun St 24, Modi'in-Maccabim-Re'ut, 7177683, Israel",,,המטבחון של סימה,iw,"עמק זבולון 24, מודיעין מכבים רעות, 7177683","עמק זבולון 24, מודיעין מכבים רעות",yes,המטבחון של סימה,iw,"Emek Zvulun St 24, Modi'in-Maccabim-Re'ut, 7177683","Emek Zvulun 24, Modi'in Makabim-Re'ut",no
3495,חומוס אליהו,"גולדה מאיר 7, קניון חולון, Israel",ChIJIXwB5aG0AhUR1jymuWQys8U,Eliyahu hummus Holon Mall,"קניון עזריאלי, גולדה מאיר 7, חולון, Israel",,,חומוס אליהו קניון חולון,iw,"קניון עזריאלי, גולדה מאיר 7, חולון","קניון עזריאלי, גולדה מאיר 7, חולון",yes,Eliyahu hummus Holon Mall,en,"קניון עזריאלי, גולדה מאיר 7, חולון","קניון עזריאלי, Golda Meir 7, Holon",yes
3539,ארומה,"עמל 1, פארק תעשיות אפק, ראש העין, Israel",ChIJxxCIfMYwHRURfgNiW7GJLRc,ארומה Aroma,"פארק אפק, Amal St 1, Rosh Ha`Ayin, 4809201, Israel",,,ארומה Aroma,en,"פארק אפק, Amal St 1, Rosh Ha`Ayin, 4809201","פארק אפק, עמל 1, Rosh Ha`Ayin",yes,ארומה Aroma,en,"פארק אפק, Amal St 1, Rosh Ha`Ayin, 4809201","פארק אפק, Amal 1, Rosh Ha`Ayin",yes
3547,קפה קפה,"סוקולוב נחום 48, חולון, Israel",ChIJ_3Zc96e0AhURGxEKKevsl2U,Cafe Cafe,"Sokolov St 48, Holon, 5832201, Israel",,,קפה קפה חולון | Cafe Cafe,iw,"סוקולוב 48, חולון, 5832201","סוקולוב 48, חולון",yes,Cafe Cafe,en,"Sokolov St 48, Holon, 5832201","Sokolow 48, Holon",no
3553,ארומה,"יוספטל 92, קניון בת ים, Israel",ChIJrbyokxmzAhURqLFyH0EdbnY,Aroma,"Derech Ben Gurion 75, Bat Yam, 5945105, Israel",,,ארומה טיילת בת ים,iw,"דרך בן גוריון 75, בת ים, 5945105","דרך בן גוריון 75, בת ים",yes,Aroma,en,"Derech Ben Gurion 75, Bat Yam, 5945105","Derech Ben Gurion 75, Bat Yam",no
3611,פיצה שמש,"ויצמן 44, יהוד, Israel",ChIJ61YFSwg1HRURPsWl3fPF4iY,פיצה שמש יהוד,"Weizman St 44, Yehud-Monosson, Israel",,,פיצה שמש יהוד,iw,"וייצמן 44, יהוד מונוסון","וייצמן 44, יהוד מונוסון",yes,פיצה שמש יהוד,iw,"Weizman St 44, Yehud-Monosson","Weizman 44, Yahud Monoson",no
3634,פיצה האט,"שד' עמק איילון 161, מרכז מסחרי שהם, שוהם, Israel",ChIJ-Y5POZw0HRURmGaGLJgaWmI,Pizza Hut,"Sderot Emek Ayalon 161, Shoham, Israel",,,פיצה האט - שוהם,iw,"שדרות עמק איילון 161, שוהם","שדרות עמק איילון 161, שוהם",yes,Pizza Hut,en,"Sderot Emek Ayalon 161, Shoham","Sderot Emek Ayalon 161, Shoham",no
3651,שיפודי הכרם,"נחליאל 28, שוק הכרמל, תל אביב, Israel",ChIJ4am2nqORAhURz_H1YFPG2QM,שיפודי הכרם,"Nakhali'el St 28, Tel Aviv-Yafo, 8224525, Israel",,,שיפודי הכרם,iw,"נחליאל 28, תל אביב-יפו, 8224525","נחליאל 28, תל אביב-יפו",yes,שיפודי הכרם,iw,"Nakhali'el St 28, Tel Aviv-Yafo, 8224525","Nahliel 28, Tel Aviv-Jaffa",no
3718,ארומה,"תל השומר, רמת גן, Israel",ChIJa7Yf-4c1HRURW8otRNOQQyY,Aroma Espresso Bar,"בית חולים תל-השומר, רמת גן, 5266202, Israel",,,ארומה,iw,"בית חולים תל-השומר, רמת גן, 5266202","בית חולים תל-השומר, רמת גן",yes,Aroma Espresso Bar,en,"בית חולים תל-השומר, רמת גן, 5266202","בית חולים תל-השומר, Ramat Gan",yes
3724,פיצה האט,"עמק החולה 32, מודיעין והסביבה, Israel",ChIJK12q0OrNAhURettZwevfl8k,Pizza Hut,"Sherbet Center, Emek Hahula St 32, Modi'in-Maccabim-Re'ut, 7174218, Israel",,,פיצה האט מודיעין,iw,"מרכז שרבט, עמק החולה 32, מודיעין מכבים רעות, 7174218","מרכז שרבט, עמק החולה 32, מודיעין מכבים רעות",yes,Pizza Hut,en,"Sherbet Center, Emek Hahula St 32, Modi'in-Maccabim-Re'ut, 7174218","Sherbet Center, Emek Hahula 32, Modi'in Makabim-Re'ut",no
3754,שיפודי התקוה,"דרך אבא הלל סילבר 301, קניון איילון, רמת גן, Israel",ChIJ____XoZJHRURgBCb7wl-aRQ,Shipudei Hatikva,"Abba Hillel Silver Rd 301, Ramat Gan, Israel",,,שיפודי התקווה,iw,"דרך אבא הלל 301, רמת גן","דרך אבא הלל 301, רמת גן",yes,Shipudei Hatikva,en,"Abba Hillel Silver Rd 301, Ramat Gan","Derech Aba Hillel 301, Ramat Gan",no
3860,יואלי'ס מסעדה וקייטרינג,"בן גוריון 11, גבעת שמואל, Israel",ChIJVYTmKxFKHRUR9t0lZEmTKDw,מסעדת יואלי'ס,"Giv'at Shmuel, Israel",,,מסעדת יואלי'ס,iw,גבעת שמואל,גבעת שמואל,yes,מסעדת יואלי'ס,iw,Giv'at Shmuel,Giv'at Shmuel,no
3870,גבריאל פלאפל,"טרומפלדור 20, תל אביב, Israel",ChIJb3KTAH5MHRURXWEjH_qJBQo,פלאפל גבריאל,"Trumpeldor St 12, Tel Aviv-Yafo, Israel",,,פלאפל גבריאל,iw,"טרומפלדור 12, תל אביב-יפו","טרומפלדור 12, תל אביב-יפו",yes,פלאפל גבריאל,iw,"Trumpeldor St 12, Tel Aviv-Yafo","Trumpeldor 12, Tel Aviv-Jaffa",no
3878,ארומה,"לב העיר 2, קניון מודיעין, Israel",ChIJew8RicfNAhUR4s4v0Mxx1hE,Aroma Espresso Bar,"קניון עזריאלי מודיעין, Lev ha-Ir 2, Modi`in, 7177806, Israel",,,ארומה,iw,"קניון עזריאלי מודיעין, לב העיר 2, Modi`in, 7177806","קניון עזריאלי מודיעין, לב העיר 2, Modi`in",yes,Aroma Espresso Bar,en,"קניון עזריאלי מודיעין, Lev ha-Ir 2, Modi`in, 7177806","קניון עזריאלי מודיעין, Lev ha-Ir 2, Modi`in",yes
4034,קפה לנדוור,"יהדות קנדה 1, אור יהודה, Israel",ChIJ84nlL6dKHRURILKzdvWEb7o,לנדוור אור יהודה,"Yehadut Canada St 1, Or Yehuda, Israel",,,לנדוור,iw,"יהדות קנדה 1, אור יהודה","יהדות קנדה 1, אור יהודה",yes,לנדוור אור יהודה,en,"Yehadut Canada St 1, Or Yehuda","Yehadut Canada 1, Or Yehuda",no
4039,cofix,"שד' הרצל 91, קניון קרית רמלה, Israel",ChIJmdSafRzKAhUR6Tj_IqDeQqY,cofix,"Sderot Herzl 91, Ramla, Israel",,,cofix,en,"שדרות הרצל 91, רמלה","שדרות הרצל 91, רמלה",yes,cofix,en,"Sderot Herzl 91, Ramla","Sderot Herzl 91, Ramla",no
4066,מדנס פיצה,"עליית הנוער 47, גבעתיים, Israel",ChIJW54qbqNLHRURF2ILWXz1U9Q,Madness Pizza,"Aliyat HaNo'ar St 47, Giv'atayim, Israel",,,מדנס פיצה,iw,"עליית הנוער 47, גבעתיים","עליית הנוער 47, גבעתיים",yes,Madness Pizza,en,"Aliyat HaNo'ar St 47, Giv'atayim","Aliyat HaNo'ar 47, Giv'atayim",no
4145,סלטים,"הארבעה 10, תל אביב, Israel",ChIJ32n-n4JLHRURJR4sZHenP8c,Sala-team,"HaArba'a St 2-10, Tel Aviv-Yafo, Israel",,,סלטים,iw,"הארבעה 2-10, תל אביב-יפו","הארבעה 2-10, תל אביב-יפו",yes,Sala-team,en,"HaArba'a St 2-10, Tel Aviv-Yafo","HaArba'a 2-10, Tel Aviv-Jaffa",no
4151,מאפית הכהנים,"תפוצות ישראל 2, גבעתיים, Israel",ChIJ_dWbnapLHRUR4AIsZq3gy08,Cohanim Bakery,"Korazin St 5, Giv'atayim, Israel",,,מאפיית הכהנים כורזין גבעתיים,iw,"כורזין 5, גבעתיים","כורזין 5, גבעתיים",yes,Cohanim Bakery,en,"Korazin St 5, Giv'atayim","Korazin 5, Giv'atayim",no
4161,פיתה בשוק,"הרצל 34, ראשון לציון, Israel",ChIJfYPbJ0W1AhUReZlbAKqICJ4,פיתה שוק,"Herzl St 34, Rishon LeZion, Israel",,,פיתה שוק,iw,"הרצל 34, ראשון לציון","הרצל 34, ראשון לציון",yes,פיתה שוק,iw,"Herzl St 34, Rishon LeZion","Herzl 34, Rishon LeZion",no
4210,בייקריה,"איינשטיין 10, צפון תל אביב, Israel",ChIJpfYMoNhJHRURSgl33SAoCfc,לחמנינה איינשטיין,"Einstein St 7, Tel Aviv-Yafo, Israel",,,לחמנינה איינשטיין,iw,"איינשטיין 7, תל אביב-יפו","איינשטיין 7, תל אביב-יפו",yes,לחמנינה איינשטיין,iw,"Einstein St 7, Tel Aviv-Yafo","Einstein 7, Tel Aviv-Jaffa",no
4224,רולדין,"דרך משה דיין 3, קניון סביונים, יהוד, Israel",ChIJR1NoG241HRURozUZgecyags,קפה רולדין,"Derech Moshe Dayan 3, Yahud Monoson, Israel",,,קפה רולדין,iw,"דרך משה דיין 3, יהוד מונוסון","דרך משה דיין 3, יהוד מונוסון",yes,קפה רולדין,en,"Derech Moshe Dayan 3, Yahud Monoson","Derech Moshe Dayan 3, Yahud Monoson",no
4262,שיפודי ציפורה,"סחרוב דוד 26, ראשון לציון, Israel",ChIJA4Prj4izAhURv8QoQnm_0Ko,Shipudei Tzipora Express,"David Saharov St 26, Rishon LeZion, Israel",,,שיפודי ציפורה,iw,"דוד סחרוב 26, ראשון לציון","דוד סחרוב 26, ראשון לציון",yes,Shipudei Tzipora Express,en,"David Saharov St 26, Rishon LeZion","David Saharov 26, Rishon LeZion",no
4295,מסעדת הלובי,"אליעזר פרי 10, תל אביב, Israel",ChIJfXGEgnZMHRURoHnckCbt-3w,The Lobby Restaurant & Bar,"HaYarkon St 205, Tel Aviv-Yafo, 6340506, Israel",,,The Lobby Restaurant & Bar,iw,"הירקון 205, תל אביב-יפו, 6340506","הירקון 205, תל אביב-יפו",yes,The Lobby Restaurant & Bar,en,"HaYarkon St 205, Tel Aviv-Yafo, 6340506","HaYarkon 205, Tel Aviv-Jaffa",no
4370,מיטאו,"הפלד 46, חולון, Israel",ChIJmWH7w_61AhUR0orSJfWBFuY,Iraqi - Meat Boutique,"HaPeled St 46, Holon, 5881722, Israel",,,עיראקי - בוטיק בשר,iw,"הפלד 46, חולון, 5881722","הפלד 46, חולון",yes,Iraqi - Meat Boutique,en,"HaPeled St 46, Holon, 5881722","HaPeled 46, Holon",no
4400,סלט ישראלי,"אבן גבירול 61, תל אביב, Israel",ChIJNbMzeZ9LHRURNXET8nzaFY4,בריאבאלי - אומנות הסלט,"Shlomo Ibn Gabirol St 61, Tel Aviv-Yafo, Israel",,,בריאבאלי - אומנות הסלט,iw,"שלמה אבן גבירול 61, תל אביב-יפו","שלמה אבן גבירול 61, תל אביב-יפו",yes,בריאבאלי - אומנות הסלט,iw,"Shlomo Ibn Gabirol St 61, Tel Aviv-Yafo","Shlomo Ibn Gabirol 61, Tel Aviv-Jaffa",no
4406,שניצל בר,"המפעל 4, אור יהודה, Israel",ChIJf-hRPl5LHRURuFXcES35qv4,שניצל בר אור יהודה,"Ha-Mif'al St 4, Or Yehuda, Israel",,,שניצל בר אור יהודה,iw,"המפעל 4, אור יהודה","המפעל 4, אור יהודה",yes,שניצל בר אור יהודה,iw,"Ha-Mif'al St 4, Or Yehuda","HaMif'al 4, Or Yehuda",no
4407,שופרא רומה,"ויצמן 17, יהוד, Israel",ChIJJQIk6Q41HRURzfP8JR9v4VE,שופרא רומה,"Weizman St 13, Yehud-Monosson, Israel",,,שופרא רומה,iw,"וייצמן 13, יהוד מונוסון","וייצמן 13, יהוד מונוסון",yes,שופרא רומה,en,"Weizman St 13, Yehud-Monosson","Weizman 13, Yahud Monoson",no
4456,בורגראנץ' רמלה,"דרך משה דיין 3, קניון סביונים, יהוד, Israel",ChIJ3X78Am41HRUR3J_Hx3o37jc,בורגראנץ',"קניון סביונים, Derech Moshe Dayan 3, Yahud Monoson, Israel",,,בורגראנץ' סביונים,iw,"קניון סביונים, דרך משה דיין 3, יהוד מונוסון","קניון סביונים, דרך משה דיין 3",yes,בורגראנץ',en,"קניון סביונים, Derech Moshe Dayan 3, Yahud Monoson","קניון סביונים, Derech Moshe Dayan 3",yes
4515,NEW YORK STEAK HOUSE,"המאה ועשרים 4, ראשון לציון, Israel",ChIJNxa-AcGzAhURUuyKnMlZm7Q,New York Steak House,"HaMea VeEsrim St 6, Rishon LeZion, Israel",,,ניו יורק סטייק האוס יס פלנט,iw,"המאה ועשרים 6, ראשון לציון","המאה ועשרים 6, ראשון לציון",yes,New York Steak House,en,"HaMea VeEsrim St 6, Rishon LeZion","HaMea VeEsrim 6, Rishon LeZion",no
4559,Burger King גבעת שמואל,"הערבה 1, גבעת שמואל, Israel",ChIJRXKWvYhLHRUR6p4dYqBZ9HM,Burger King,"Ha'arava St 1, Giv'at Shmuel, 5400804, Israel",,,Burger King,iw,"הערבה 1, גבעת שמואל, 5400804","הערבה 1, גבעת שמואל",yes,Burger King,en,"Ha'arava St 1, Giv'at Shmuel, 5400804","Ha'arava 1, Giv'at Shmu'el",no
4668,מקדונלד'ס,"לב העיר 2, קניון מודיעין, Israel",ChIJs1xtk8fNAhURDY_WfXgGt1c,McDonald's,"Lev ha-Ir St 2, Modi'in-Maccabim-Re'ut, 7177806, Israel",,,"מקדונלד'ס - קניון עזריאלי, מודיעין (כשר)",iw,"לב העיר 2, מודיעין מכבים רעות, 7177806","לב העיר 2, מודיעין מכבים רעות",yes,McDonald's,en,"Lev ha-Ir St 2, Modi'in-Maccabim-Re'ut, 7177806","Lev ha-Ir 2, Modi'in Makabim-Re'ut",no
4774,מאפיות אנג'ל,"יד חרוצים 18, קניון ישראל תלפיות, ירושלים, Israel",ChIJfRQ7QJwpAxURyxzl_7JxmbU,Angel Bakery,"HaTnufa St 12, Jerusalem, Israel",,,אנג'ל בייקרי תלפיות - בית קפה · קונדיטוריה · מעדניה,iw,"התנופה 12, ירושלים","התנופה 12, ירושלים",yes,Angel Bakery,en,"HaTnufa St 12, Jerusalem","HaTnufa 12, Jerusalem",no
4775,מקדונלד'ס,"שד' יגאל אלון 2, בית שמש, Israel",ChIJwZYTj1rEAhURPTPWRuVjwNg,מקדונלד'ס - ביג בית שמש (כשר),"Yig'al Alon Ave, Beit Shemesh, Israel",,,מקדונלד'ס - ביג בית שמש (כשר),en,"שדרות יגאל אלון, בית שמש","שדרות יגאל אלון, בית שמש",yes,מקדונלד'ס - ביג בית שמש (כשר),en,"Yig'al Alon Ave, Beit Shemesh","Yig'al Alon Ave, Beit Shemesh",no
4887,פיצה האט,"החוצבים 10, מבשרת ציון, Israel",ChIJFV3KeiDXAhURSSLs8EUOJaE,Pizza Hut - Mevasseret-Zion - פיצה האט - מבשרת-ציון,"HaHotsvim Avenue 10, Mevaseret Zion, Israel",,,פיצה האט מבשרת ציון,iw,"שדרות החוצבים 10, מבשרת ציון","שדרות החוצבים 10, מבשרת ציון",yes,Pizza Hut - Mevasseret-Zion - פיצה האט - מבשרת-ציון,en,"HaHotsvim Avenue 10, Mevaseret Zion","HaHotsvim Avenue 10, Mevaseret Zion",no
4979,ביג אפל פיצה,"החוצבים 3, מבשרת ציון, Israel",ChIJ9zNRpyHXAhURFjbyY2PXIi4,Big Apple pizza,"HaHotsvim Avenue 12, Mevaseret Zion, Israel",,,ביג אפל פיצה מבשרת ציון,iw,"שדרות החוצבים 12, מבשרת ציון","שדרות החוצבים 12, מבשרת ציון",yes,Big Apple pizza,en,"HaHotsvim Avenue 12, Mevaseret Zion","HaHotsvim Avenue 12, Mevaseret Zion",no
5069,בורגראנץ' ירושלים (קניון מלחה),"בן יהודה 5, ירושלים, Israel",ChIJS0LSE17XAhURgszZDzOi9xQ,בורגראנץ' מלחה ירושלים,"Derech Agudat Sport Beitar 1, Jerusalem, Israel",,,בורגראנץ' מלחה ירושלים,iw,"דרך אגודת ספורט בית""ר 1, ירושלים","דרך אגודת ספורט בית""ר 1, ירושלים",yes,בורגראנץ' מלחה ירושלים,iw,"Derech Agudat Sport Beitar 1, Jerusalem","Derech Agudat Sport Beitar 1, Jerusalem",no
5079,ניו דלי ירושלים מרכז העיר,"הלל 24, ירושלים, Israel",ChIJCyS1Ct8pAxURUfoCnW6EL0w,ניודלי Newdeli,"Jaffa St 34, Jerusalem, 9422202, Israel",,,ניודלי Newdeli,en,"יפו 34, ירושלים, 9422202","יפו 34, ירושלים",yes,ניודלי Newdeli,en,"Jaffa St 34, Jerusalem, 9422202","Yafo 34, Jerusalem",no
5212,נאיה,"שביל הלולים 142, בית נקופה, Israel",ChIJlXEJFzHRAhUR51hpbyaRb80,Naya Restaurant,"בית נקופה, Beit Nekofa, 9083000, Israel",,,נאיה,iw,"בית נקופה, 9083000",בית נקופה,yes,Naya Restaurant,en,"בית נקופה, Beit Nekofa, 9083000","בית נקופה, Beit Nekofa",yes
5267,וופל בר,"שד' יגאל אלון 6, בית שמש, Israel",ChIJ7Z7R99HFAhURHYDdITQo9xQ,וופל בר בית שמש,"Yig'al Alon Ave 6, Beit Shemesh, 9906206, Israel",,,וופל בר בית שמש,iw,"שדרות יגאל אלון 6, בית שמש, 9906206","קניון שער העיר, שדרות יגאל אלון 6, בית שמש",yes,וופל בר בית שמש,iw,"Yig'al Alon Ave 6, Beit Shemesh, 9906206","קניון שער העיר, Yig'al Alon Ave 6, Beit Shemesh",no
5416,הקציצה,"יקינטון 6, נס ציונה, Israel",ChIJrRDQybu2AhURey_1Ehxg9yU,Ha'Ktsisa,"Yakinton St 6, Ness Ziona, 7420605, Israel",,,הקציצה,iw,"יקינטון 6, נס ציונה, 7420605","יקינטון 6, נס ציונה",yes,Ha'Ktsisa,en,"Yakinton St 6, Ness Ziona, 7420605","Yakinton 6, Ness Ziona",no
5435,ILAN'S,"רחובות, Israel",ChIJJ--a_Xa3AhUR6j48bu_wgOE,Ilans,"Rehovot, Israel",,,Ilans,iw,רחובות,רחובות,yes,Ilans,iw,Rehovot,Rehovot,no
5488,קפה מדע,"פארק המדע רחובות, Israel",ChIJN2zL7Pu2AhURCNHLcKOhKUY,Café Mada,"מכון ויצמן, הרצל 234, רחובות, Israel",,,קפה מדע,iw,"מכון ויצמן, הרצל 234, רחובות","מכון ויצמן, הרצל 234, רחובות",yes,Café Mada,en,"מכון ויצמן, הרצל 234, רחובות","מכון ויצמן, Herzl 234, Rehovot",yes
5494,סופרא,"הנחשול, יבנה, Israel",ChIJ8fjSFV26AhURf2PxhjEKNuQ,סופרא,"HaNahshol St 22, Yavne, Israel",,,סופרא,en,"הנחשול 22, יבנה","הנחשול 22, יבנה",yes,סופרא,en,"HaNahshol St 22, Yavne","HaNahshol 22, Yavne",no
5556,בהדונס חומוס,"דרך מאיר ויסגל 2, רחובות, Israel",ChIJ9dWwrci3AhURt5ONSZvIqUU,חומוס בהדונס,"Prof. Haim Pekeris St 3, Rehovot, 7670203, Israel",,,חומוס בהדונס,iw,"פרופ' חיים פקריס 3, רחובות, 7670203","פרופ' חיים פקריס 3, רחובות",yes,חומוס בהדונס,iw,"Prof. Haim Pekeris St 3, Rehovot, 7670203","Prof. Haim Pekeris 3, Rehovot",no
5560,בורגרים,"אסיף 1, קריית מלאכי, Israel",ChIJQWyo_Ym9AhURGzcBXch4dVo,Burgers Kiryat Malachi,"Asif St 1, Kiryat Malakhi, Israel",,,"בורגרים קרית מלאכי, כשר בשר חלק",iw,"אסיף 1, קרית מלאכי","אסיף 1, קרית מלאכי",yes,Burgers Kiryat Malachi,en,"Asif St 1, Kiryat Malakhi","Asif 1, Kiryat Malakhi",no
5592,שיפודי האחים,"הרצל 132, רחובות, Israel",ChIJ2cbPQZe3AhURIlnI_Y-Y3NM,Shipudei HaAchim,"Herzl St 132, Rehovot, Israel",,,שיפודי האחים רחובות,iw,"הרצל 132, רחובות","הרצל 132, רחובות",yes,Shipudei HaAchim,en,"Herzl St 132, Rehovot","Herzl 132, Rehovot",no
5600,cofix,"הרצל 149, רחובות, Israel",ChIJN-smRwS3AhUR-hlurKCPzx8,Cofix,"Herzl St 149, Rehovot, Israel",,,Cofix,en,"הרצל 149, רחובות","הרצל 149, רחובות",yes,Cofix,en,"Herzl St 149, Rehovot","Herzl 149, Rehovot",no
5643,פורטבלו,"הירמוך 1, יבנה, Israel",ChIJ2TU49X-6AhURKB7KpCvao7M,פורטבלו,"הירמוך 2, בנין, HaYarmuch 1, Yavne, Israel",,,פורטבלו,iw,"הירמוך 2, בנין, הירמוך 1, יבנה","הירמוך 2, בנין, הירמוך 1, יבנה",yes,פורטבלו,iw,"הירמוך 2, בנין, HaYarmuch 1, Yavne","הירמוך 2, בנין, HaYarmuch 1, Yavne",yes
5655,רולדין,"הרצל 10, גדרה, Israel",ChIJq7pHMt67AhUR3Mt4Q-x7B4s,Roladin,"Herzl St 10, Gedera, Israel",,,רולדין,iw,"הרצל 10, גדרה","הרצל 10, גדרה",yes,Roladin,en,"Herzl St 10, Gedera","Herzl 10, Gedera",no
5733,הבית בעולש,"סמטת הבית, עולש, Israel",ChIJa5QBdPoWHRURJuV4GLb-A1U,Habait Be'Olesh,"סמטת הבית, Olesh, Israel",,,הבית בעולש,iw,"סמטת הבית, עולש","סמטת הבית, עולש",yes,Habait Be'Olesh,en,"סמטת הבית, Olesh","סמטת הבית, Olesh",yes
5761,"שניצל 20 טעמים כפ""ס","ויצמן 42, כפר סבא, Israel",ChIJ_6y430s4HRUR7p0MRKpSRFs,שניצל 20 טעמים כפר סבא,"Weizmann St 42, Kefar Sava, Israel",,,שניצל 20 טעמים כפר סבא,en,"ויצמן 42, כפר סבא","ויצמן 42, כפר סבא",yes,שניצל 20 טעמים כפר סבא,en,"Weizmann St 42, Kefar Sava","Weizmann 42, Kfar Saba",no
5857,שניצל פאפא,"סוקולוב 73, הרצליה, Israel",ChIJY9uvf8VJHRURzdPi9wNK0_o,Schnitzel Papa,"Sokolov St 73, Herzliya, 27374, Israel",,,שניצל פאפא,iw,"סוקולוב 73, הרצליה, 27374","סוקולוב 73, הרצליה",yes,Schnitzel Papa,en,"Sokolov St 73, Herzliya, 27374","Sokolov 73, Hertsliya",no
5988,קפה קפה,"יורדי ים 1, מרינה הרצליה, Israel",ChIJPYSjAcJIHRUR0rG8LJJUo_w,Café Café,"Yordei Yam St 1, Herzliya, Israel",,,קפה קפה מרינה הרצליה,iw,"יורדי ים 1, הרצליה","יורדי ים 1, הרצליה",yes,Café Café,en,"Yordei Yam St 1, Herzliya","Yordei Yam 1, Hertsliya",no
6019,אמנון ורחל,"התע""ש 21, כפר סבא, Israel",ChIJL-G2lGE5HRUR6VUQUyDAtI8,אמנון ורחל,"HaTa'as St 23, Kefar Sava, Israel",,,אמנון ורחל,iw,"התע""ש 23, כפר סבא","התע""ש 23, כפר סבא",yes,אמנון ורחל,iw,"HaTa'as St 23, Kefar Sava","HaTa'as 23, Kfar Saba",no
6104,שניצל 20 טעמים,"הרברט סמואל 89, חדרה, Israel",ChIJASdbfp8VHRURDwuBUJBg_JA,שניצל 20 טעמים,"Herbert Samuel St 1, Hadera, Israel",,,שניצל 20 טעמים,iw,"הרברט סמואל 1, חדרה","הרברט סמואל 1, חדרה",yes,שניצל 20 טעמים,iw,"Herbert Samuel St 1, Hadera","Herbert Samuel 1, Hadera",no
6136,אצל קמליה,"דרך לב השרון 42, צורן, Israel",ChIJgcaI8Tc_HRURxGrqr3PVE2U,מסעדת קמליה,"Derech Lev HaSharon, Kadima Tzoran, Israel",,,מסעדת קמליה,iw,"דרך לב השרון, קדימה צורן","דרך לב השרון, קדימה צורן",yes,מסעדת קמליה,iw,"Derech Lev HaSharon, Kadima Tzoran","Derech Lev HaSharon, Kadima Tzoran",no
6144,בן חמו,"האומן 10, חדרה, Israel",ChIJWb5fyqATHRURD13JXS6Gv6M,מסעדת בן חמו,"HaUman St, Hadera, Israel",,,מסעדת בן חמו,iw,"האומן, חדרה","האומן, חדרה",yes,מסעדת בן חמו,en,"HaUman St, Hadera","HaUman, Hadera",no
6184,סושי בוקס,"משכית 27, הרצליה פיתוח, Israel",ChIJO4I57oxIHRURqmN_j0pyrNw,SushiBox,"Sapir St 6, Herzliya, 4685210, Israel",,,SushiBox,en,"ספיר 6, הרצליה, 4685210","ספיר 6, הרצליה",yes,SushiBox,en,"Sapir St 6, Herzliya, 4685210","Sapir 6, Hertsliya",no
6268,מאפיית מודה אני,"ביאליק 54, חדרה, Israel",ChIJVX01aU4SHRURRUYSa0Mz8bM,מאפית מודה אני,"Bialik St 52-54, Hadera, Israel",,,מאפית מודה אני,iw,"ביאליק 52-54, חדרה","ביאליק 52-54, חדרה",yes,מאפית מודה אני,iw,"Bialik St 52-54, Hadera","Bialik 52-54, Hadera",no
6634,ארקפה ביג אשדוד,"דרך הרכבת 1, אשדוד",ChIJMbS1QgCjAhURohVlmg-opgI,Arcaffe,"Derech HaRakevet 1, Ashdod, Israel",,,Arcaffe,en,"דרך הרכבת 1, אשדוד","דרך הרכבת 1, אשדוד",yes,Arcaffe,en,"Derech HaRakevet 1, Ashdod","Derech HaRakevet 1, Ashdod",no
6789,גרג נשר,"בר יהודה 111, חיפה",ChIJYc1KmYe6HRURnCHR8RzPxMk,Greg cafe (Check Post Branch),"Bar Yehuda Road 111, Haifa, Israel",,,גרג צ'ק פוסט,iw,"דרך בר יהודה 111, חיפה","דרך בר יהודה 111, חיפה",yes,Greg cafe (Check Post Branch),en,"Bar Yehuda Road 111, Haifa","Bar Yehuda Road 111, Haifa",no
7067,קלרה ראשון לציון - שיפודים מבית טוב,"גבעתי 1, ראשון לציון",ChIJc3Sy8eS1AhURsk6g5onfA-8,Klara,"Giv'ati St 1, Rishon LeZion, Israel",,,קלרה - שיפודים מבית טוב,iw,"גבעתי 1, ראשון לציון","גבעתי 1, ראשון לציון",yes,Klara,en,"Giv'ati St 1, Rishon LeZion","Giv'ati 1, Rishon LeZion",no
7084,Greg ראש פינה,"התפוח 5, ראש פינה",ChIJ__-vjBsiHBURn7TWf5L25n0,Greg Cafe,"HaTapu'ach St 5, Rosh Pinna, Israel",,,גרג קפה,iw,"התפוח 5, ראש פינה","התפוח 5, ראש פינה",yes,Greg Cafe,en,"HaTapu'ach St 5, Rosh Pinna","HaTapu'ach 5, Rosh Pina",no
7103,Greg קניון השרון,"הרצל 60, נתניה",ChIJnYSZ2qpqHRURGB1SroDRT7I,Cafe Greg,"Herzl St 60, Netanya, Israel",,,קפה גרג (בפסח המקום סגור),iw,"הרצל 60, נתניה","הרצל 60, נתניה",yes,Cafe Greg,en,"Herzl St 60, Netanya","Herzl 60, Netanya",no
7119,B-FRESH - קניון איילון,"דרך אבא הלל 301, רמת גן",ChIJrTn7cMRJHRUReeZ99EAvNRw,פרש דה מרקט איילון,"Abba Hillel Silver Rd 301, Ramat Gan, Israel",,,פרש דה מרקט איילון,iw,"דרך אבא הלל 301, רמת גן","דרך אבא הלל 301, רמת גן",yes,פרש דה מרקט איילון,en,"Abba Hillel Silver Rd 301, Ramat Gan","Derech Aba Hillel 301, Ramat Gan",no
7184,לחמשה | תקוע,"רחוב עוזיה 1, תקוע",ChIJjY5pTxbfAhURYSrtJTHyKtA,לחמשה - פיצה | בית קפה | מאפייה,"Amos St, Tuqu'",,,לחמשה - פיצה | בית קפה | מאפייה,iw,"רחוב עמוס, Tuqu'","רחוב עמוס, תוקוע",yes,לחמשה - פיצה | בית קפה | מאפייה,iw,"Amos St, Tuqu'","Rehov Amos, Tekoa",no
7190,שיפודי כינור דוד,"הנשיא ויצמן 23, עפולה",ChIJb2mDdsRTHBURt0o0xcMt5xw,Kinor David Restaurant,"Ha-Nasi Weizman St 23, Afula, Israel",,,שיפודי כינור דוד,iw,"הנשיא וייצמן 23, עפולה","הנשיא וייצמן 23, עפולה",yes,Kinor David Restaurant,en,"Ha-Nasi Weizman St 23, Afula","Ha-Nasi Weizman 23, Afula",no
7223,ארקפה בית אסיה - כשר,"ויצמן 4, תל אביב",ChIJX7tccJpLHRURqmwuoiegcGU,Arcaffè,"Weizmann St 4, Tel Aviv-Yafo, 6423904, Israel",,,ארקפה,iw,"ויצמן‬ 4, תל אביב-יפו, 6423904","ויצמן‬ 4, תל אביב-יפו",yes,Arcaffè,en,"Weizmann St 4, Tel Aviv-Yafo, 6423904","Weizmann 4, Tel Aviv-Jaffa",no
7257,Greg רעננה,"המלאכה 2, רעננה",ChIJ____zmM4HRURSatzC5fBHKI,Greg Cafe,"קניון רננים, HaMelacha 2, Ra'anana, Israel",,,קפה גרג רננים למהדרין בד״צ בית יוסף,iw,"קניון רננים, המלאכה 2, רעננה","קניון רננים, המלאכה 2, רעננה",yes,Greg Cafe,en,"קניון רננים, HaMelacha 2, Ra'anana","קניון רננים, HaMelacha 2, Ra'anana",yes
