outcome,held_id,held_name,held_address,held_score,owner_id,owner_name,owner_address,owner_score,google_name,google_address,place_id
owner_wins,567,רוזה אשדוד,"אשדוד, Israel",26.0,1196,רוזה אשדוד כשרות מהדרין מחפוד,"ז'בוטינסקי 45, סטאר סנטר, אשדוד, Israel",33.0,Roza Ashdod - רוזה אשדוד,"| Star center, Jabotinski St 45, Ashdod, 7721902, Israel",ChIJ-7E-V1KjAhURx4C1tOMSWJE
owner_wins,601,אלונזו,"נתניה, Israel",26.0,6048,אלונזו פיצה,"ככר העצמאות 13, נתניה, Israel",36.0,אלונזו | Alonzo,"Kikar HaAtsmaut 13, Netanya, Israel",ChIJucBQiqhqHRURMkp92ZLJ7YE
owner_wins,1242,ויצמן,"הבנאים 9, נמל אשדוד, Israel",6.0,568,מסעדת ויצמן אשדוד,"HaBana'im St 9, Ashdod, Israel",36.0,מסעדת ויצמן אשדוד,"HaBana'im St 9, Ashdod, Israel",ChIJd5wpVGmjAhURvh-8SE8H7_M
owner_wins,1672,באדה בום,"אשדוד, Israel",26.0,1217,באדה בום גן העיר,"Ha-Gdud ha-Ivri St 5, Ashdod, 7770089, Israel",34.0,באדה בום -Bada Boom,"Ha-Gdud ha-Ivri St 5, Ashdod, 7770089, Israel",ChIJPzZ8KrOjAhURE0zPLDMY23Y
owner_wins,2198,יקב הזורעים,"הזורעים, Israel",26.0,6490,יקב הזורעים,"קיבוץ גלויות 82, הזורעים",36.0,הזורעים יקב בוטיק - כשרות מהדרין,"קיבוץ גלויות 82, Hazor'im, 1520500, Israel",ChIJpWt-hWVBHBURYPS9mUSGUxo
owner_wins,3044,לוצ'נה,"שד' המלאכות 1, מודיעין והסביבה, Israel",6.0,6573,Luciana מודיעין,"המלאכות 1, מודיעין",10.9,לוצ׳נה,"HaMelahot Blvd 1, Modi'in-Maccabim-Re'ut, Israel",ChIJCXIkGaHOAhURRIh57ssqVRI
owner_wins,3170,פיצה מישלנו,"החמישה 1, פתח תקווה, Israel",16.0,4535,פיצה משלנו,"עין גנים 69, פתח תקווה, Israel",36.0,פיצה משלנו,"Ein Ganim St 69, Petah Tikva, Israel",ChIJk38pxHo2HRURemHcAP3f9wU
owner_wins,4768,station 9,"דוד רמז 2, המושבה הגרמנית, ירושלים, Israel",26.0,6546,Station 9 | סטיישן 9,"דוד רמז 4, ירושלים",36.0,Station 9,"מתחם התחנה הראשונה, דוד רמז 4, ירושלים, Israel",ChIJ7YLkvS0oAxUR4uO_pNwdtTM
owner_wins,4855,נאדי קפה,"הלל 44, ירושלים, Israel",26.0,6875,נאדי,"הלל 39, ירושלים",36.0,Coffee Nadi,"מעונות הסטודנטים, הלל 39, ירושלים, Israel",ChIJBViuACrWAhURLwse4BBGJ3I
owner_wins,5238,פיצה אופיר בסט,"אצ""ג 3, ירושלים, Israel",16.0,6939,אופיר בסט - רמות,"המשורר אצ""ג 2, ירושלים",24.0,פיצה פלאפל אופיר בסט,"Ha Meshorer Azag St 3, Jerusalem",ChIJISzADDzWAhURX6sCZ7RE7Ak
owner_wins,5376,עלאש,"שד' הרכס 13, מודיעין והסביבה, Israel",6.0,6666,עלאש גריל,"שדרות הרכס 13, מודיעין",16.0,Ala'esh,"HaReches Blvd 13, Modi'in-Maccabim-Re'ut, 7178628, Israel",ChIJx0GXvhPNAhUR8PoHRMJlvQo
owner_wins,6012,ג'פניקה,"אחוזה 95, רעננה, Israel",16.0,7155,ג'פניקה רעננה-קוויק,"זרחין 1 ב', רעננה",36.0,ג'פניקה קוויק רעננה כשר | JAPANIKA QUICK RAANANA KOSHER,"Zarhin St 1ב, Ra'anana, Israel",ChIJZd4yOBM4HRURYk_fMOdr7OM
owner_wins,6537,Burgers Bar בן יהודה ירושלים,"בן יהודה 2, ירושלים",16.0,6768,Burgers Bar הרובע היהודי,"תפארת ישראל 12, ירושלים",26.0,Burgers Bar,"Ben Yehuda St 2, Jerusalem, 9462201, Israel",ChIJScKF5tYpAxUR4yW7UzgN4Lg
owner_wins,6577,Sushi N Bagels בית שמש,"נהר הירקון 38, בית שמש",16.0,4725,סושי אנד בייגלס,"בית שמש, Israel",24.8,Sushi N Bagels,"Hashdera Mall, Menachem Porush 1, Bet Shemesh, 9964114, Israel",ChIJ_5UcLz_DAhURQkm4O-kb1v4
owner_wins,6675,Super Hamizrah,"דרך בית לחם 34, ירושלים",16.0,5357,סופר המזרח,"ירושלים, Israel",25.3,Super HaMizrah,"Beit Lehem Rd 34, Jerusalem, 9350401, Israel",ChIJ7dKnRJ8pAxURNneF7d3lzn8
owner_wins,6696,300 גרם,"מושב בוסתן הגליל, גליל מערבי",6.0,2336,300 גרם,"שדרות האקליפטוס 13, בוסתן הגליל, Israel",16.0,300 גרם - מסעדת בשרים כשרה,"33°00'26.6""N 35°13'15.1""E, Bustan HaGalil, Israel",ChIJAeK7Sy3SHRURifnzCxPgOrs
owner_wins,6700,B-FRESH - גירון אשקלון,"בן גוריון 21, אשקלון",16.0,6912,B-FRESH - מרינה אשקלון,"הנמל 9, אשקלון",26.0,B-FRESH,"HaNamal St, Ashkelon, Israel",ChIJP0ap6DWcAhURRA3n7wI3VQU
owner_wins,6795,Sushi Tokyo -  The Jewish Quarter,"תפארת ישראל 7, ירושלים",26.0,6832,Sushi Tokyo -  Agripas,"אגריפס 111, ירושלים",36.0,Tokyo Sushi,"Agripas St 111, Jerusalem, Israel",ChIJxz1IqPXXAhURHACcBnqsJ4g
owner_wins,4997,בומרנג טוסט בר,"דרך יצחק רבין 17, בית שמש, Israel",22.4,6761,Burgers Bar בית שמש,"דרך יצחק רבין 19, בית שמש",36.0,Burgers Bar,"Derech Yitshak Rabin 19, Beit Shemesh, Israel",ChIJKwb6CWDEAhURXdbN4pUSgGQ
owner_wins,6924,Anthony's pizza,"שושן 44, ירושלים",26.0,4742,אנטוני'ס פיצה,"שושן 4, ירושלים, Israel",34.8,Anthony's Pizza,"Shoshan St 4, Jerusalem, Israel",ChIJ_RnY-zApAxURiArKrBJ_n_s
owner_wins,4880,בורגר מרקט,"הערמונים 3, מחנה יהודה, ירושלים, Israel",15.3,6859,Burger Market מחנה יהודה,"אגריפס 68, ירושלים",36.0,Burger Market,"Agripas St 68, Jerusalem, 9430138, Israel",ChIJaSL98CjWAhURQdtUkU-xBxg
owner_wins,451,בורגרס בר,"הפלמ""ח 20, אשדוד, Israel",15.0,6522,Burgers Bar אשדוד,"הגדוד העברי 5, גן העיר, אשדוד",36.0,Burgers bar,"Ha-Gdud ha-Ivri St 5, Ashdod, Israel",ChIJE2qXylWiAhURyGdJgeWBYrc
owner_wins,5040,בורגרס בר,"אגודת ספורט בית""ר 1, קניון ירושלים, Israel",5.0,6752,Burgers Bar מלחה,"דרך אגודת ספורט בית""ר 1, ירושלים",36.0,Burgers Bar,"קניון, Derech Agudat Sport Beitar 1, Jerusalem, 9695989, Israel",ChIJt1_9go7XAhURe26GXkmvq6M
owner_wins,5003,רימון,"שד' יגאל אלון 3, ביג פאשן בית שמש, Israel",4.5,6631,קפה רימון  - בית שמש,"יגאל אלון 3 קניון ביג פאשן, בית שמש",12.0,Rimon,"Yig'al Alon Ave 3, Beit Shemesh, Israel",ChIJ01bHYVfEAhURn7XbFYxaIxs
owner_wins,5781,מינאטו,"המנופים 8, הרצליה פיתוח, Israel",4.5,6790,MINATO | מינאטו,"המנופים 8, הרצליה",36.0,Minato,"בניין בית אופק, המנופים 8, הרצליה, Israel",ChIJ5etagPJIHRURVXQ8AAVV8vY
owner_wins,1566,הולנד צ'יפס,"רוגוזין 72, אשדוד, Israel",24.0,1751,HOLLAND CHIPS,"רוגוזין 74, אשדוד, Israel",36.0,Holland Chips,"Rogozin St 74, Ashdod, Israel",ChIJDcSyxaujAhURaLnIZznELfA
owner_wins,4762,ביגה,"אגודת ספורט בית""ר 1, קניון ירושלים, Israel",4.0,6731,BIGA ירושלים,"אגודת ספורט בית""ר 1, ירושלים",36.0,Biga,"Derech Agudat Sport Beitar 1, Jerusalem, Israel",ChIJ59dZDoXXAhURY2zUB0rZF6Q
owner_wins,5616,ביגה רחובות,"ביל""ו 2, קניון רחובות, Israel",14.0,7024,BIGA רחובות,"בילו 2 קניון רחובות, רחובות",34.5,Biga Rehovot,"קניון רחובות, Bilu 2, Rehovot, Israel",ChIJr1n-vSG3AhURylAjKceXwRI
owner_wins,6873,Kitchen Mamila | קיטשן ממילא,"יצחק קריב 3, ממילא, ירושלים",14.0,4746,קיטשן בראסרי,"ממילא 13, שדרות אלרוב ממילא, ירושלים, Israel",23.0,מסעדת קיטשן ממילא ירושלים,"בתוך הקניון הסגור, שדרות אלרוב, Derech Mamilla 8, Jerusalem, 9414904, Israel",ChIJ9XMFViQpAxUR_QW_ppqZHm8
owner_wins,3831,ג'פטו,"השדרה המרכזית 15, מודיעין והסביבה, Israel",3.6,6721,גפטו בר,"השדרה המרכזית 15, מודיעין",23.6,Geppetto Bar,"ליגד סנטר 1, HaShdera HaMerkazit 15, Modi'in Makabim-Re'ut, Israel",ChIJ8ZFOoGjMAhURlYYAwuGhTUA
owner_wins,1547,בוטיק הפיצה,"המלך דוד 20, אשדוד, Israel",13.5,426,"בוטיק הפיתה סניף רובע י""ג","David HaMelech St 20, Ashdod, Israel",36.0,"בוטיק הפיתה סניף רובע י""ג","David HaMelech St 20, Ashdod, Israel",ChIJ-_0rUPWiAhUR9WoRoqoUXIw
owner_wins,4910,אנדלוסיה קוקטייל בר,"מעבר בית הכנסת 12, כיכר המוזיקה, ירושלים, Israel",13.3,6811,אנדלוסיה,"זאב רבן 1, זאב רבן 2, ירושלים",22.0,Andalucia Cocktail Bar,"Ze'ev Raban St 2, Jerusalem, Israel",ChIJJ8G64dgpAxURBeysj1HNf8Q
owner_wins,549,קבלרו,"ירושלים, Israel",23.0,4711,קאבלרו,"המרפא 1, הר חוצבים, ירושלים, Israel",36.0,Caballero/ קאבלרו,"Ha-Marpe St 1, Jerusalem, Israel",ChIJVRc4hwDXAhURNt1ChcVwjlw
owner_wins,2288,קיסר מיט בר,"ראש פינה, Israel",13.0,6963,מסעדת קיסר,"דרך הגליל 55, ראש פינה",26.0,מסעדת קיסר ראש פינה - Caesar Meat Bar - כשר למהדרין,"Galil road 1, Rosh Pinna, Israel",ChIJ9R3d6gIjHBUR__UZNSFH1dU
owner_wins,3944,לה קרנה,"תוצרת הארץ, פתח תקווה, Israel",23.0,7023,La Carne,"תוצרת הארץ 1, פתח תקווה",36.0,LaCarne,"Totseret ha-Arets St 1, Petah Tikva, Israel",ChIJH1VuF202HRURFpc4jrgw7_A
owner_wins,3073,אושי אושי עזריאלי,"גולדה מאיר 7, קניון חולון, Israel",12.7,3099,אושי אושי חולון,"סוקולוב 49, חולון, Israel",32.2,Oshi Oshi,"סוקולוב 49 (רשמו בווייז שנקר 45, עמוס בשל עבודות הרכבת הקלה סניף נוסף בקניון חולון, Sokolow 7, Holon, 5826803, Israel",ChIJJbOI0Za2AhURDI3_JD1rhJI
owner_wins,3463,ניהון נו-בה שגב יפני כשר,"פתח תקווה, Israel",12.1,7218,ניהון נו בה - שגב יפני כשר,"תוצרת הארץ 3, פתח תקווה",32.1,Nihon no-ba,"Totseret ha-Arets St 3, Petah Tikva, Israel",ChIJWe_nSBVJHRURKLIdMiU1MsE
owner_wins,4727,לוצ'נה,"ממילא 8, שדרות אלרוב ממילא, ירושלים, Israel",32.0,6542,Luciana ממילא,"שד' ממילא 8, ירושלים",36.0,Luciana,"ממילא 8, קניון ממילא, Jerusalem",ChIJM7doTC8oAxUR9cMWDzXzuLc
owner_wins,5227,פיורי,"דוד רמז 4, המושבה הגרמנית, ירושלים, Israel",32.0,6640,FIORI ירושלים,"דוד רמז 4, ירושלים",36.0,Pizza Fiori,"David Remez St 4, Jerusalem, Israel",ChIJbfLzci4oAxUR685iWo-2ho4
owner_wins,6913,קפה זריפה,"הורקניה 8, ירושלים",31.8,4951,zariffa,"הורקניה 8, ירושלים, Israel",36.0,Zariffa - בית קפה ירושלמי,"Horkanya St 8, Jerusalem, Israel",ChIJuVSM8ujXAhURLc0gTidwuTw
owner_wins,6592,סאנסט קיטצ'ן הרצליה,"שדרות אלי לנדאו 60, הרצליה פיתוח",1.6,5680,סאנסט קיטצ'ן הרצליה Sunset Kitchen,"אלי לנדאו 60, הרצליה פיתוח, Israel",6.0,Sunset Kitchen,"שד' אלי לנדאו 60, Hertsliya, Israel",ChIJyTevw5ZIHRUR72QuV_JucFE
owner_wins,2008,אסתריקה מסעדת בוטיק קריית שמונה,"הברזל, קריית שמונה, Israel",11.3,2271,אסתריקה,"קריית שמונה, Israel",24.8,Esterika,"אזור תעשיה דרומי, לשם 37, Qiryat Shemona, Israel",ChIJJQv_kq6iHhURfKPxC1lh1uU
owner_wins,4963,ג'פניקה,"שד' יצחק רבין 10, סינמה סיטי ירושלים, Israel",1.3,6793,ג'פניקה סינמא סיטי ירושלים,"שדרות יצחק רבין 10, ירושלים",33.4,Japanika Cinema City Jerusalem,"Sderot Yitshak Rabin 10, Jerusalem, Israel",ChIJ_f3JczLWAhURjOE8nApTuCM
owner_wins,565,אגדיר,"בני ברק, Israel",21.3,3064,אגאדיר,"מצדה (כנרת) 7, בני ברק, Israel",36.0,אגאדיר בורגר בסר בני ברק - כשר,"Metsada St 7, Bnei Brak, 5126201, Israel",ChIJjbAgcSRLHRUR0251K6sv4Zw
owner_wins,3681,גרקו הכשרה,"אורי צבי גרינברג 25, צפון תל אביב, Israel",1.2,7189,גרקו | הכשרה,"גרינברג 25, תל אביב",31.2,Greco | Kosher,"גרינברג 25, תל אביב-יפו, 6937931, Israel",ChIJWa9xdQJJHRURy3zvVWyJikY
owner_wins,1234,ביגה במרכז פריז,"בעלי המלאכה 203, נתיבות, Israel",1.1,6841,BIGA נתיבות,"בעלי המלאכה 3, נתיבות",6.0,Biga Bakery,"Ba'alei ha-Melakha St 3, Netivot, Israel",ChIJv10Af-F_AhURXyGp5dnJO4I
owner_wins,6549,White Sushi,"שידלובסקי 1, יבנה",1.0,5427,וייט,"שידלובסקי 1, יבנה, Israel",6.0,סושי וייט,"Shidlovski St 1, Yavne, Israel",ChIJAS_fLoGwAhURqmb4h83EXAw
owner_wins,4813,קרייב,"השקמה 1, מחנה יהודה, ירושלים, Israel",30.5,6632,CRAVE,"השיקמה 1, ירושלים",36.0,Crave Gourmet Street Food,"Ha-Shikma St 1, Jerusalem, 9432301, Israel",ChIJ09CU8ijWAhUR5-QjaXy-18s
owner_wins,4716,רוזה מודיעין כשרות מהדרין מחפוד,"שד' המלאכות 222, ישפרו סנטר מודיעין, Israel",0.5,6574,רוזה מודיעין,"ישפרו סנטר, שד' המלאכות 1, מודיעין",31.5,ROZA,"ישפרו סנטר, שד' המלאכות 1, Modi'in Makabim-Re'ut, Israel",ChIJ2-ZTaKbOAhUR1I7a9Ed4aik
owner_wins,4738,ג'וי גריל האוס,"ממילא 13, שדרות אלרוב ממילא, ירושלים, Israel",30.0,6567,Joy Grill House,"שדרות ממילא 13, ירושלים",36.0,Joy Restaurant,"Mamilla Rd 13, Jerusalem, Israel",ChIJM7DW8dEpAxURrPiSm7-4Ls0
owner_wins,4897,פיצה פלוס מאפה,"הארזים 13, ירושלים, Israel",30.0,4778,הארזים פיצה בייקרי ירושלים,"הארזים 13, ירושלים, Israel",36.0,הארזים Pizza Bakery,"HaArazim St 13, Jerusalem, Israel",ChIJ-65dYrHXAhURHunqFr-oEDQ
owner_wins,4940,קפה גרג,"שד' יצחק רבין 10, סינמה סיטי ירושלים, Israel",6.0,6770,Greg סינמה סיטי ירושלים,"שדרות יצחק רבין 10, ירושלים",36.0,קפה גרג - סינמה סיטי ירושלים,"Sderot Yitshak Rabin 10, Jerusalem, Israel",ChIJfUGRCzLWAhUR_vRQX360vuw
owner_wins,6695,Greg גן העיר אשדוד,"הגדוד העברי 5 גן העיר, אשדוד",24.2,1837,גרג קיטשן,"הגדוד העברי 1, אשדוד, Israel",36.0,גרג קיטשן סניף גן העיר אשדוד,"גן העיר, הגדוד העברי 1, אשדוד, 7745511, Israel",ChIJXdo5KFSiAhUR24Mqs7G6CUA
owner_wins,1193,ביגה,"אשדוד, Israel",24.0,6862,BIGA אשדוד,"אריאל שרון 1, אשדוד",36.0,Biga,"מתחם BIG FASHION אריאל שרון 1, Ashdod, Israel",ChIJZR3Xo8KiAhURvTZmN2TtEiw
owner_wins,598,מסעדת מוסקט,"ירושלים, Israel",23.6,4881,מוסקט,"כנפי נשרים 24, ירושלים, Israel",33.6,Muscat,"Kanfei Nesharim St 24, Jerusalem, Israel",ChIJSRvCbkzWAhURhH7Ph2GPArg
owner_wins,3810,הנכד בורקס,"רמלה, Israel",23.0,3680,בורקס תורכי אורגינלי,"ז'בוטינסקי 3, רמלה, Israel",34.3,בורקס תורכי- רמלה,"Jabotinski St 3, Ramla, Israel",ChIJqUs8vRzKAhUREJBwnQj3J5I
held_wins_SWAP_NEEDED,4752,חומוס הרובע,"משגב לדך 42, הרובע היהודי, ירושלים, Israel",23.3,4794,חצר ברובע,"תפארת ישראל 2, הרובע היהודי, ירושלים, Israel",16.0,חצר ברובע,"Misgav Ladakh St 36, Jerusalem",ChIJa93IjIEpAxURkia-yEv0lWU
held_wins_SWAP_NEEDED,1308,הסושיה,"שד' יצחק רגר 2, קניון הנגב, Israel",32.7,1368,אושי אושי באר שבע,"שד' יצחק רגר 2, באר שבע, Israel",6.0,אושי אושי באר שבע,"קניון הנגב, Yitzhack I. Rager Blvd 2, Be'er Sheva, Israel",ChIJo1dHNchnAhURfvQnBWdM_xE
ambiguous,1533,בי בי בי,"דרך הדרום 3, קריית גת, Israel",36.0,7003,BBB קריית גת,"דרך הדרום 3, קרית גת",36.0,BBB,"מרכז ביג, דרך הדרום 3, קרית גת, Israel",ChIJvXuzL32RAhURN20N6jL4le0
ambiguous,1969,אבן הראשה,"שטורמן 1, בית שאן, Israel",36.0,6934,יקב אבן הראשה,"שטורמן 1, בית שאן",36.0,יקב אבן הראשה - Keystone Winery,"שטורמן 1, בית שאן, Israel",ChIJi9lv2qVfHBURpnUU_zRshQk
ambiguous,3114,לה מיאל,"יד חרוצים 14, תל אביב, Israel",6.0,6986,Le Miel,"יד חרוצים 14, תל אביב",6.0,מסעדה צרפתית תל אביב - מסעדת לה מיאל | Le Miel TLV,"Yad Harutsim St 14, Tel Aviv-Yafo, 6770007, Israel",ChIJ7VWsTP9LHRURWUdEY2Ojcno
ambiguous,3485,Takumi street food,"הדקל 30, שוהם, Israel",6.0,7237,Takumi shoham,"הדקל 30, שוהם",6.0,Takumi,"Dekel St 30, Shoham, Israel",ChIJQ_f_mGIzHRURsog08lMX5yg
ambiguous,3486,קאסה דל-פפה תל אביב,"סנפיר 1, תל אביב, Israel",6.0,4451,קאסה דל-פפה,"סנפיר 1, תל אביב, Israel",6.0,קאסה דל פפה,"Snapir St 1, Tel Aviv-Yafo, Israel",ChIJJ2VsNQVLHRURd8jdjrLLU7g
ambiguous,3756,חומוס אליהו,"המפעל 13, אור יהודה, Israel",6.0,3263,חומוס אליהו אור יהודה,"המפעל 13, אור יהודה, Israel",6.0,חומוס אליהו אור יהודה,"Ha-Mif'al St 13, Or Yehuda, Israel",ChIJ4ToWoAFLHRURiHBvj5kjXCU
ambiguous,4060,ג'ק ביי בלאק ראשונים,"שד' נים 2, קניון עזריאלי ראשונים, ראשון לציון, Israel",6.0,3432,ג'ק ביי בלאק,"שד' נים 2, קניון עזריאלי ראשונים, ראשון לציון, Israel",6.0,ג׳ק ביי בלאק,"Sderot Nim 2, Rishon LeZion, Israel",ChIJtU7NmXq1AhURrJ_10IMOf0k
ambiguous,4130,ארמון ירושלים,"דוד רזיאל 18, רמלה, Israel",36.0,3582,ירושלים,"דוד רזיאל 18, רמלה, Israel",36.0,מסעדת ארמון ירושלים,"Sderot David Razi'el 18, Ramla, 72000, Israel",ChIJdQqoLvXJAhURV_j7yFv9mWc
ambiguous,4343,בוסי,"אצ""ל 41, תל אביב, Israel",6.0,7179,בוסי בתקווה,"האצ""ל 41, תל אביב",6.0,בוסי בתקווה,"Etsel St 41, Tel Aviv-Yafo, Israel",ChIJd5TY62tLHRURSU8T6DO7h8Y
ambiguous,4393,פינת הצלע,"השיקמה 2, אזור, Israel",6.0,3568,פינת הצלע אזור,"השיקמה 2, אזור, Israel",6.0,פינת הצלע,"השקמה 2, Azor, 00000, Israel",ChIJ14UWT-tLHRUR_mfwx_32c6U
ambiguous,4580,הכריש,"אח""י דקר 6, טיילת ראשון לציון, Israel",6.0,6952,הכריש פיצה בר,"אח""י דקר 6, ראשון לציון",6.0,Hakarish Pizza,"Ahi Dakar St 6, Rishon LeZion, Israel",ChIJaUjrmDi0AhUR6FejSB5WB2g
ambiguous,4631,דריה,"תל אביב, Israel",6.0,7056,דריה - Darya,"הירקון 205, תל אביב",6.0,Darya - דריה,"HaYarkon St 205, Tel Aviv-Yafo, 6340534, Israel",ChIJKSKqlFJNHRURP0338q1KVkA
ambiguous,5021,1868,"המלך דוד 10, ירושלים, Israel",16.0,6502,1868 & זוטא,"דוד המלך 10, ירושלים",16.0,1868,"King David St 10, Jerusalem, Israel",ChIJV32Lx9MpAxURjqfRdoXbEus
ambiguous,5223,the wine temple,"עמק רפאים 8, ירושלים, Israel",16.0,4845,בר יין,"עזה 82, ירושלים, Israel",16.0,Wine Bar,"Azza St 28, Jerusalem, Israel",ChIJoaeRf9XXAhURVlhY86AV2i4
ambiguous,5504,HBB המבורגר גדרה,"הרצל 3, גדרה, Israel",16.0,6684,HBB גדרה,"הרצל 3, גדרה",16.0,חביבי המבורגר גדרה - HBB Burger,"Herzl St 3, Gedera, 7040002, Israel",ChIJMdMP0xe7AhURiIM12xiNFHI
ambiguous,5963,סמבוסל'ה,"חדרה, Israel",6.0,6038,סמבוסלה חדרה,"הנשיא וייצמן 48, קניון לב חדרה, Israel",6.0,סמבוסלה,"HaNassi St 46, Hadera, Israel",ChIJW0l0E0QSHRURbHJLcH2_3e0
ambiguous,5973,בורקס בבא,"התע""ש 10, כפר סבא, Israel",6.0,5867,בורקסבבא,"התע""ש 10, כפר סבא, Israel",6.0,בורקס בבא,"HaTa'as St 10, Kefar Sava, Israel",ChIJd00jiM85HRURdBAfZtYPRrg
ambiguous,6481,Mood Restaurant,"דרך הים 5, אילת",6.0,1220,MOOD,"הים 5, אילת, Israel",6.0,מסעדת מוד באילת | mood restaurant eilat,"Ha-Yam St 5, Eilat, 88000, Israel",ChIJnz4VnvJxABURzc9W-40baiU
ambiguous,6493,Bardak pizza bar,"קרן היסוד 38, ירושלים",36.0,4863,ברדק,"קרן היסוד 38, ירושלים, Israel",36.0,Bardak Pizza Bar,"Keren HaYesod St 38, Jerusalem, Israel",ChIJ8xzywiwoAxURNWUrJBrkuxs
ambiguous,6550,צדקיהו,"יד חרוצים 21, ירושלים",36.0,4722,מסעדת צדקיהו,"יד חרוצים 21, קניון ישראל תלפיות, ירושלים, Israel",36.0,מסעדת צדקיהו Tzidkiyahu Resturant,"Yad Harutsim St 21, Jerusalem, Israel",ChIJS1oDEh4oAxURdy5Qkzxy2CE
ambiguous,6660,מנדרין סינמול,"ההסתדרות 55, חיפה",6.0,2625,מנדרין,"שד' ההסתדרות 55, קניון סינמול, חיפה, Israel",6.0,קפה מנדרין,"HaHistadrut Ave 55, Haifa, Israel",ChIJk7z6XXi6HRURcFyWq6Ux5IY
ambiguous,6720,נחמן,"יואל משה סלומון 10, ירושלים",16.0,5163,מסעדת נחמן,"מעבר בית הכנסת 8, כיכר המוזיקה, ירושלים, Israel",16.0,נחמן מסעדה חלבית,"Ze'ev Raban St, Jerusalem, Israel",ChIJQ3hDxNYpAxURy4l-mAARcIM
ambiguous,6734,פלאפל בריבוע - יבנה,"הדוגית 16, יבנה",36.0,5515,פלאפל בריבוע,"הדוגית 16, יבנה, Israel",36.0,פלאפל בריבוע - יבנה,"מרכז רוגובין, הדוגית 16, יבנה, Israel",ChIJ60dbSme6AhURKobSnVeKdT4
ambiguous,6753,Kiara Lounge Bar,"ברוך קטינקא 2, באר שבע",36.0,1473,קיארה,"קטינקא ברוך 2, באר שבע, Israel",36.0,קיארה לאונג׳ בר Kiara Lounge Bar,"ברוך קטינקא 2, Beersheba, Israel",ChIJDbx5SBtnAhURDSVv1NP5d-c
ambiguous,6489,Tommy's | ירושלים,"הקרן הקיימת לישראל 21, ירושלים",33.9,4928,טומיס',"קרן קיימת לישראל 21, ירושלים, Israel",36.0,Tommy's - טומי'ס,"HaKeren HaKayemet Le-Israel St 21, Jerusalem, Israel",ChIJg4KfvirWAhURqvpsFDlm9Y0
ambiguous,6908,AG- Jasper 08,"קמפאן 7, אילת",6.0,1231,"ג'אספר 08 JASPER, ישרוטל אגמים","קאמפן 7, אילת, Israel",6.0,ג'אספר 08 - Jasper 08,"Kampen St 7, Eilat, 88000, Israel",ChIJyzAYHBFxABURpabARVKMhsk
ambiguous,4874,הפי פיש ממילא,"ממילא 14, שדרות אלרוב ממילא, ירושלים, Israel",33.0,573,הפי פיש,"Mamilla Rd 14, Jerusalem, Israel",35.0,Happy Fish,"Mamilla Rd 14, Jerusalem, Israel",ChIJY3K8gtEpAxURbq4kplsAZa8
ambiguous,6921,Blendiz Jaffa St 226,"יפו 226, ירושלים",16.0,6511,Blendiz Jaffa St 43,"יפו 43, ירושלים",16.0,Blendiz,"Jaffa St 43, Jerusalem, Israel",ChIJ9XcYIwApAxURFQ8fq0bowAA
ambiguous,6961,ג'פניקה ראש פינה,"הגליל 1, ראש פינה",36.0,2259,ג'פניקה,"דרך הגליל 1, ראש פינה, Israel",36.0,ג׳פניקה ראש פינה כשר | JAPANIKA ROSH PINA KOSHER,"Derech HaGalil 1, Rosh Pina, Israel",ChIJE8WCZxkiHBURtkyL46EMtSI
ambiguous,6990,Sekai,"הברזל 10 בניין C, תל אביב",6.0,4538,סקאי,"הברזל 10, רמת החייל, תל אביב, Israel",6.0,Sekai סקאי,"HaBarzel St 10, Tel Aviv-Yafo, 6971014, Israel",ChIJL842MG9JHRURiqrqw9Fjvw0
ambiguous,4485,מיתוס,"ויצמן 2, תל אביב, Israel",34.5,7036,Meatos ויצמן,"וייצמן 2, תל אביב",36.0,Meatos,"מגדל אמות השקעות, ויצמן‬ 2, תל אביב-יפו, Israel",ChIJ4ckDaJpLHRURgDNCHMVrs94
ambiguous,7087,באזל בר,"הרצל 29, שדרות",16.0,1799,באזל בר שדרות,"הרצל 3, שדרות, Israel",16.0,באזל בר מסעדה שדרות,"איילים, שדרות, Israel",ChIJOT3C_WqBAhURqMDsDV1VjY0
ambiguous,6950,BIGA ראשונים,"שדרות נים 2, ראשון לציון",5.3,3106,ביגה,"שד' נים 2, קניון עזריאלי ראשונים, ראשון לציון, Israel",6.0,ביגה ראשונים,"Sderot Nim 2, Rishon LeZion, Israel",ChIJWQrBLCS0AhURb_7BJL-0c1w
ambiguous,1767,בורגרס בר,"הסתת 20, ביג אילת, Israel",5.0,6936,Burgers Bar ביג אילת,"הסתת 20, מרכז ביג, אילת",6.0,Burgers Bar,"Ha-Satat St 20, Eilat, Israel",ChIJET1AgQRuABUR2c0v88QZR18
ambiguous,4730,סושי אנד בייגלס,"ירמיהו 68, ירושלים, Israel",14.8,6543,Sushi N Bagels,"ירמיהו 68, ירושלים",16.0,SushiNBagels,"Yirmiyahu St 68, Jerusalem, Israel",ChIJs4LylmzXAhURyiITK_fxbhE
ambiguous,6172,קפה פיינברג,"ז'בוטינסקי 34, חדרה, Israel",4.8,6625,קפה בית פיינברג,"ז'בוטינסקי 34, חדרה",4.8,Café Feinberg,"Jabotinsky St 34, Hadera, Israel",ChIJCwP63U4SHRUREXvrF5gniCw
ambiguous,6228,ברנר בר יין,"ברנר 6, רעננה, Israel",34.8,5681,קפה ברנר,"ברנר 6, רעננה, Israel",36.0,Cafe Brener,"מתחם קולינר, ברנר 6, רעננה, Israel",ChIJx5A1aBM4HRURg-vqGwYXzEQ
ambiguous,1232,באביס',"הבנאים 3, אשדוד, Israel",34.5,6467,Babbi's,"הבנאים 3, אשדוד",36.0,BABBI'S,"HaBana'im St 3, Ashdod, Israel",ChIJgegZjGujAhURmkU1BrXgAbg
ambiguous,1968,BP ביפי מפרץ חיפה,"שד' ההסתדרות 157, חיפה, Israel",4.5,6918,ביסטרו  BP - מפרץ חיפה,"שדרות ההסתדרות 157, מפרץ חיפה",4.9,BP - ביסטרו כשר במפרץ חיפה,"HaHistadrut Ave 157, Haifa, 26299, Israel",ChIJM1eqULywHRURMQHV-X2nDnY
ambiguous,1970,ארסטו,"קיסריה, Israel",24.5,7162,Aresto,"נמל קיסריה, קיסריה",26.0,Aresto,"נמל קיסריה, Keisarya, Israel",ChIJCZQzCBENHRURL1S86KWLe3s
ambiguous,2021,ביגה כרמיאל כשר,"מעלה כמון 2, ביג כרמיאל, Israel",34.5,6651,BIGA כרמיאל,"מעלה כמון 2, כרמיאל",36.0,כשר Biga - ביג כרמיאל,"ביג כרמיאל Ma'ale, Ma'ale Kamon St 2, Karmiel, Israel",ChIJ19Ot_XQxHBUROZzcjGBKsos
ambiguous,6664,יענקלה,"חבצלת השרון 36, הרצליה",4.5,6247,יענקל'ה בית קפה,"חבצלת השרון 36, הרצליה פיתוח, Israel",4.5,Yankele,"Khavatselet ha-Sharon St 36, Herzliya, Israel",ChIJ6etV8pxIHRURAyPCKg3DkUA
ambiguous,7022,Luciana ראשון לציון,"לח""י 2, ראשון לציון",34.5,3083,לוצ'נה ראשון לציון,"לח""י 2, ראשון לציון, Israel",36.0,לוצ׳נה ראשון לציון,"הלח״י 2, ראשון לציון, 7570686, Israel",ChIJweIAaS-zAhUR9rzjeGFWvqA
ambiguous,4747,מיס אנד מר,"יואל משה סלומון 12, כיכר המוזיקה, ירושלים, Israel",34.0,6867,Miss & Mr,"יואל משה סלומון 12, ירושלים",36.0,Miss & Mr,"Yo'el Moshe Salomon St 12, Jerusalem, 9463312, Israel",ChIJbxbKd4opAxUR818_bcTBGeg
ambiguous,1491,ביגה,"שד' דוד טוביהו 125, באר שבע, Israel",14.0,6513,BIGA גרנד באר שבע,"שדרות דוד טוביהו 125, באר שבע",16.0,Biga,"עופר גרנד קניון, David Tuviyahu Ave 125, Beersheba, Israel",ChIJb0afnhxlAhURAZkyqpVBA6Y
ambiguous,1997,ביגה,"דרך עכו 192, קניון הקריון, קריית ביאליק, Israel",14.0,7134,BIGA קריון,"דרך עכו 192, קריית ביאליק",16.0,Biga,"קריון, Derech Akko 192, Kiryat Bialik, Israel",ChIJtYZYnfm2HRUR8ITrsVdABpw
ambiguous,2020,מריפוסה,"קיסריה, Israel",4.0,7203,Mariposa,"מגרש הגולף קיסריה, קיסריה",6.0,Mariposa,"מגרש הגולף, Caesarea, Israel",ChIJV9hVLagNHRURQDNbTYDDB4Q
ambiguous,2358,הפיצרייה,"משה שרת 6, עפולה, Israel",4.0,2154,הפיצריה,"משה שרת 6, עפולה, Israel",6.0,הפיצריה The Pizza Place,"Moshe Sharet St 6, Afula, Israel",ChIJsZX31BhTHBUR69OVP7cXlNw
ambiguous,3110,נאו סושי בר,"כצנלסון 55, גבעתיים, Israel",4.0,4450,Neo after dark,"כצנלסון 55, גבעתיים, Israel",3.0,Neo Sushi Bar,"Katzenelson St 55, Giv'atayim, Israel",ChIJbYy-gbpLHRURwnf1ynU2GYA
ambiguous,6022,פרוג'ינו,"הרצל 2, נתניה, Israel",14.0,5914,"""פרוג'ינו""","הרצל 4, נתניה, Israel",14.0,Perugino,"Dizengoff St 30, Netanya, Israel",ChIJw0NeX6hqHRURWnAYAM0XoIU
ambiguous,6024,ביגה,"פרופסור דן שכטמן 10, חדרה, Israel",4.0,6524,BIGA חדרה,"פרופסר דן שכטמן, 10 חדרה, חדרה",6.0,Biga,"פרופ דן שכטמן 10, Hadera, Israel",ChIJfQ0rAzgTHRURYWjS43yGQ60
ambiguous,6944,סורנטו,"ברשבסקי 8, ראשון לציון",4.0,3086,סורנטו Sorento,"ברשבסקי 8, ראשון לציון, Israel",6.0,Sorento,"Barshavski St 8, Rishon LeZion, Israel",ChIJc9Nes1G0AhURK5FA5ORe17k
ambiguous,7206,Kyoto nei,"ילדי טהרן 7, ראשון לציון",3.6,3150,"קיוטו נאי ראשל""צ","ילדי טהרן 7, ראשון לציון, Israel",6.0,קיוטו נאי,"Yaldei Teheran St 7, Rishon LeZion, 7565843, Israel",ChIJUdujOQqzAhURz55t9xxFiA0
ambiguous,7225,Frenchy Marche,"שינקין 54, תל אביב",3.4,7181,Frenchy Kiosk,"שינקין 54, תל אביב",3.8,Frenchy Tlv,"Sheinkin St 54, Tel Aviv-Yafo, 6713212, Israel",ChIJUTImqplLHRUR7A6vL1JH-vs
ambiguous,1629,גאטוס על המים אשקלון,"בת גלים 1, אשקלון, Israel",23.0,1587,גאטוס,"בת גלים 1, אשקלון, Israel",26.0,גאטוס מסעדה איטלקית,"Bat Galim St, Ashkelon, Israel",ChIJAQAAAFGcAhUR07Kw9GNNcno
ambiguous,1786,בית קפה מסעדה אופרה,"קנאים 27, קניון ערד, Israel",3.0,1218,קפה אופרה,"קנאים 27, קניון ערד, Israel",3.0,Opera Cafe,"Ha-Kana'im St 27, Arad, Israel",ChIJW7ufzfj_AhURfopxzycU72o
ambiguous,3530,שניצליאנו גבעת שמואל,"אורנים 1, רמת אילן, גבעת שמואל, Israel",3.0,4331,שניצליין,"אורנים 1, רמת אילן, גבעת שמואל, Israel",5.3,שניצלאנו,"Oranim St 1, Giv'at Shmuel, Israel",ChIJHxo4gWtKHRURqmvJc1qzKFA
ambiguous,4674,דונר גריל אקספרס,"אברהם גירון 15, יהוד, Israel",3.0,3559,דונר,"אברהם גירון 20, יהוד, Israel",6.0,דונר/שווארמה טורקית ועל האש,"Avraham Giron St 15, Yehud-Monosson, Israel",ChIJES2blQU1HRURZH-TiNGGyhk
ambiguous,6470,מסעדת O2,"Ze'ev Jabotinsky St 3, Jerusalem",33.0,5086,מסעדת 02,"ז'בוטינסקי 3, ירושלים, Israel",36.0,מסעדת 02,"Jabotinski St 3, Jerusalem, Israel",ChIJ_TBv-FjEAhURA_l5d2E-p9Q
ambiguous,6650,אישטבח ירושלים,"השקמה 1 מחנה יהודה, ירושלים",32.7,5326,אישטבח,"השקמה 1, מחנה יהודה, ירושלים, Israel",35.0,Ishtabach,"השקמה פינת, Beit Ya'akov St 1, Jerusalem, Israel",ChIJPyQ7jSjWAhURLaRI4ORCohc
ambiguous,7302,בהדונס חומוס,"יד חרוצים 11, תל אביב, Israel",2.7,3350,בהדונס חומוס,"יד חרוצים 11, תל אביב, Israel",2.7,Bahadunas,"Yad Harutsim St 11, Tel Aviv-Yafo, Israel",ChIJdU5-8HpLHRUR6_7pUuUQgww
ambiguous,6045,יקבי בנימינה,"הנשיא 1, בנימינה, Israel",12.6,6655,יקב בנימינה,"היקב 2, בנימינה",12.6,Binyamina Winery,"Ha-Yekev St 6, Binyamina-Giv'at Ada, Israel",ChIJaXUTVhkMHRURUCIdTca2OpM
ambiguous,6155,סנדוויץ' פקטורי,"אריה שנקר 16, הרצליה פיתוח, Israel",2.5,6599,Sandwich Factory,"אריה שנקר 16, הרצליה",6.0,Sandwich Factory,"Arye Shenkar St 16, Herzliya, 46725, Israel",ChIJxcYUiCVGHRURqHki0_YQiIo
ambiguous,4502,ביגה,"לב העיר 2, קניון מודיעין, Israel",2.4,7136,BIGA מודיעין,"לב העיר 2, עזריאלי מודיעין",5.0,Biga Modi'in,"Lev ha-Ir St 2, Modi'in-Maccabim-Re'ut, Israel",ChIJkSERXAXNAhURiHiKqDGjx5o
ambiguous,5048,Zalmans chef hotdogs,"לונץ משה 3, ירושלים, Israel",12.4,6579,Zalmans- מדרחוב,"לונץ 3, ירושלים",16.0,Zalman's זלמנ'ס- מדרחוב,"Lunz St 3, Jerusalem, Israel",ChIJMUzmDiMpAxURyA_4VGLTUws
ambiguous,7325,חומוס כספי,"יהודה המכבי 61, תל אביב, Israel",2.3,3688,חומוס כספי,"יהודה המכבי 61, תל אביב, Israel",2.3,Hummus 616,"Yehuda HaMakkabbi St 61, Tel Aviv-Yafo, Israel",ChIJl-CpculLHRUR-Efhyyf84yY
ambiguous,6639,Berlin burger,"שדרות ממילא 13, ירושלים",32.2,4734,המבורגר ברלין,"ממילא 13, שדרות אלרוב ממילא, ירושלים, Israel",36.0,המבורגר ברלין,"Mamilla Rd 13, Jerusalem, Israel",ChIJHwYO76cpAxURPQUbfRRinbc
ambiguous,4119,ברילוצ'ה טוסט נקניק,"הרא""ה 186, רמת גן, Israel",12.0,7085,Bariloche רמת גן,"הרואה 186, רמת גן",13.2,Bariloche- מסעדה דרום אמריקאית,"Haroe St 186, Ramat Gan, Israel",ChIJQ9UriU5KHRURliVOjgtz5cA
ambiguous,6955,ג'פניקה עפולה,"קהילת ציון 26, עפולה",2.0,2269,ג'פניקה,"קהילת ציון 26, עפולה, Israel",3.6,Japanika,"Kehilat Tsiyon St 26, Afula, 1830126, Israel",ChIJa1JLoepTHBURlKa9UfSFIaQ
ambiguous,6644,פלאפל בריבוע - גבעת שמואל,"יוני נתניהו 23, גבעת שמואל",1.9,4019,פלאפל בריבוע,"יוני נתניהו 23, קניון עופר הגבעה, גבעת שמואל, Israel",3.8,Falafel Baribua,"Yoni Netanyahu St 23, Giv'at Shmuel, Israel",ChIJxWhbGQ9KHRUReK6PqXR1HqE
ambiguous,5721,פלאפל טובה בתעשייה,"פנקס דוד 14, נתניה, Israel",31.8,5953,הפלאפל של טובה,"פנקס דוד 14, נתניה, Israel",32.7,Falafel Tova,"David Pinkas St 14, Netanya, Israel",ChIJ1XXAkwRAHRURrFEKUCIutxM
ambiguous,6729,פאפאגאיו הרצליה,"השונית 2, הרצליה",1.8,6032,פאפאגאיו,"השונית 2, מרינה הרצליה, Israel",4.5,Papagaio,"Ha-Shunit St 2, Herzliya, 4655502, Israel",ChIJmUjw8upIHRURhDaCiwKSdSU
ambiguous,2679,"יקבי קיסריה בע""מ","קיסריה, Israel",1.5,1999,יקבי קיסריה אירועים,"קיסריה, Israel",2.0,Caesarea Wineries,"Caesarea, Israel",ChIJ222WbxoNHRUR3YFJzcDtteQ
ambiguous,6744,ג'פניקה צ'ק פוסט,"דרך בר יהודה 111, חיפה",1.5,2371,ג'פניקה,"דרך בר יהודה 111, צ'ק פוסט, חיפה, Israel",3.6,Japanika,"Israel bar Yehuda Road 111, Haifa, Israel",ChIJPTuqp3iwHRURz-YqsIecbx8
ambiguous,6978,פלאפל בריבוע - ראש העין,"בזק 1, ראש העין",31.4,3349,פלאפל בריבוע,"בזק 1, מרכז G אפק (לב אפק), ראש העין, Israel",31.5,Falafel Square,"מרכז מסחרי לב אפר, מבצע בזק 1, ראש העין, 4863087, Israel",ChIJI8opIN4wHRURIz5ohbXbNMI
ambiguous,5562,עוגות דה לה פה רחובות,"יעקב 26, רחובות, Israel",1.1,5614,עוגות דה לה פה,"יעקב 26, רחובות, Israel",1.8,Cakes de la Paix,"Ya'akov St 26, Rehovot, Israel",ChIJ0ZRXqAa3AhURjH_6y69S7aY
ambiguous,4909,ג'פטו- טאבון איטלקי,"דפנה 1, צור הדסה, Israel",1.1,6943,Geppeto טאבון איטלקי,"דפנה 1, צור הדסה",1.8,Jeppeto Pizza Bar,"Dafna St 1, Tzur Hadassah, Israel",ChIJ1W8xXknbAhURRJmlxkKNfV0
ambiguous,465,טוסטאדס,"כנרת 5, אשדוד, Israel",31.0,1498,סנדביץ בר,"כנרת 5, אשדוד, Israel",33.0,sandwich bar,"מרכזון יא, כנרת 5, אשדוד, Israel",ChIJq6qqquWiAhUR7F-198DyXBc
ambiguous,5656,בוזי-סושי נודלס בר,"הרצל 185, רחובות, Israel",1.0,5396,בוזי,"הרצל 185, רחובות, Israel",4.0,Buzzi,"Herzl St 185, Rehovot, Israel",ChIJN6XzBwO3AhUReWqDXlFmZpQ
ambiguous,6888,פלאפל בריבוע - חולון,"פנחס איילון 13, חולון",0.9,4196,פלאפל בריבוע,"פנחס אילון 13, חולון, Israel",1.5,Falafel Square,"Pinkhas Eilon St 13, Holon, Israel",ChIJs34o6p60AhUROIoKOlWAHlI
ambiguous,3707,מסעדת בר כוכבא,"בר כוכבא 27, פתח תקווה, Israel",10.8,3427,ענק הסביח והסמבוסק,"בר כוכבא 27, פתח תקווה, Israel",11.1,Bar Kochva - South American Sandwich,"Bar Kochva St 27, Petah Tikva, Israel",ChIJv5DCpGw2HRURaBdf0o0pK3g
ambiguous,6932,הולי בייגל - בית שמש,"נחל דולב 19, בית שמש",10.8,5105,הולי בייגל,"נחל דולב 19, בית שמש, Israel",11.5,Holy Bagel RBS,"Nachal Dolev St 19, Bet Shemesh, Israel",ChIJa-70e3fDAhURtujaIv9AeVs
ambiguous,7260,רפאלו - קריון (כשר),"דרך עכו 192, קריית ביאליק",30.8,2104,רפאלו קריית ביאליק,"דרך עכו 192, קניון הקריון, קריית ביאליק, Israel",31.2,Raffaello,"קניון קריון, דרך עכו 192, קריית ביאליק, Israel",ChIJAU5WBfm2HRURx-MeCH4qtmM
ambiguous,5658,פאפוס בשרים שווארמה ועל האש איזור התעשיה,"גבריאלוב קלמן 38, רחובות, Israel",0.6,5451,פאפוס בשרים,"גבריאלוב קלמן 38, רחובות, Israel",2.0,PAPOS,"Kalman Gavrielov St 38, Rehovot, Israel",ChIJ4Q5sOUi3AhURCyC9KELD8So
ambiguous,6822,"המקסיקנית ⏐ כשר למהדרין בד""ץ הרב מחפוד","אח""י אילת 59, חיפה",0.5,2892,המקסיקנית | כשר למהדרין,"אח""י אילת 59, קריית חיים, חיפה, Israel",0.9,The Mexican,"Sderot Achi Eilat 59, Haifa, 2626948, Israel",ChIJWxqkjC63HRURWCJNl52HSkw
ambiguous,6603,בייגל קפה עמק רפאים,"עמק רפאים 54, ירושלים",30.0,5155,בייגל קפה,"עמק רפאים 54, ירושלים, Israel",33.0,Bagel Cafe,"Emek Refa'im St 54, Jerusalem, Israel",ChIJ_2hLtMIpAxURPzabC0YTgvM
ambiguous,1966,קפה גרג,"דרך מנחם בגין 1, שדרות, Israel",36.0,7246,Greg שדרות,"שדרות מנחם בגין 1, שדרות",36.0,Cafe Greg,"Menachem Begin Rd 1, Sderot, Israel",ChIJuW2b5E6BAhURDcqdN2g0M5k
ambiguous,7138,שיפודי התקווה ראשון לציון,"רוזנסקי 11, ראשון לציון",6.0,3047,שיפודי התקווה,"רוז'נסקי 11, ראשון לציון, Israel",6.0,שיפודי התקווה ראשון לציון,"Rozhanski St 11, Rishon LeZion, 7574516, Israel",ChIJ7-Pah9azAhURalVjIO1GOf8
ambiguous,4981,לה מוצרלה LAMOZZARELLA ירושלים,"צביה ויצחק 8, ירושלים, Israel",34.4,4901,לה מוצרלה LAMOZZARELLA,"צביה ויצחק 8, ירושלים, Israel",36.0,פיצה לה מוצרלה la mozzarella,"Tsviya Ve-Yitshak St 8, Jerusalem",ChIJ738ZizzYAhURX5jtl1KnLow
ambiguous,4508,ביגה,"ז'בוטינסקי 72, הקניון הגדול, פתח תקווה, Israel",34.0,7212,BIGA פתח תקווה,"72 זאב ז'ובטינסקי, פתח תקווה",36.0,BIGA,"Jabotinsky St 72, Petah Tikva, Israel",ChIJsQxUymA3HRURbIBfDba-eZ4
ambiguous,5120,בלאק איירון,"אגריפס 80, מחנה יהודה, ירושלים, Israel",34.0,6704,Black Iron,"אגריפס 80, ירושלים",36.0,Black Iron,"Agripas St 80, Jerusalem, 9451304, Israel",ChIJ8-EWNfbXAhUREXgUvsP9n04
ambiguous,6759,Greg באר שבע,"דרך טוביהו 125, באר שבע",34.0,1877,קפה גרג,"שד' דוד טוביהו 125, באר שבע, Israel",36.0,קפה גרג גרנד קניון באר שבע,"גרנד קניון, שדרות דוד טוביהו 125, באר שבע, 8424351, Israel",ChIJ7dmRIqxlAhURXGpavWyOnLw
ambiguous,7210,"BIGA פ""ת כפר גנים","העצמאות 63, פתח תקווה",34.0,3992,ביגה BIGA כפר גנים,"העצמאות 63, פתח תקווה, Israel",34.5,ביגה כפר גנים - קניון הכיכר | כשר למהדרין,"HaAtsmaut St 63, Petah Tikva, Israel",ChIJZ_H032c1HRURUWiIKZYxqe4
ambiguous,1844,פסקדו,"מרטין בובר 1, אשדוד, Israel",33.6,6676,Pescado,"מרטין בובר 1, אשדוד",36.0,Pescado,"Martin Buber St 1/12, Ashdod, Israel",ChIJUUxvh6CjAhURs9np0Z_2At4
ambiguous,5090,Denver-דנוור,"דרך חברון 101, ירושלים, Israel",33.5,6614,דנוור סטייק האוס,"דרך חברון 101, ירושלים",33.8,Denver Steak House,"Hebron Rd 101, Jerusalem, 9348001, Israel",ChIJo0dZBLspAxURNCraVu0Tkuo
ambiguous,3643,חיים שווארמה פלאפל,"רוטשילד 27, בת ים, Israel",23.0,4260,פלאפל אריה,"רוטשילד 29, בת ים, Israel",23.8,פלאפל שרעבי,"Rothschild St 42, Bat Yam, Israel",ChIJwbUgYJCzAhURR87E749bsac
ambiguous,3815,שווארמה מילי,"ארלוזורוב 2, פתח תקווה, Israel",33.0,4004,פיצה מילי,"ארלוזורוב 2, פתח תקווה, Israel",36.0,פיצה מילי פתח תקווה,"Haim Arlozorov St 2, Petah Tikva, Israel",ChIJURUUTgk2HRURG93VrpyO5N8
ambiguous,6564,אחלה - אילת,"קאמן 1, אילת",33.0,1329,אחלה אילת,"קאמן 1, אילת, Israel",33.0,Achla - Platinum Grill,"קאמן 1 אילת IL 88000, Kamen 1, Eilat, Israel",ChIJz7PPdvtxABURuwmxUFhO0K4
ambiguous,1224,השיפודיה של שופן,"נורדאו מקס 5, באר שבע, Israel",1.5,6512,מסעדת שופן,"נורדאו 5, באר שבע",3.6,Shufan,"Max Nordau St 5, Be'er Sheva, Israel",ChIJ3-Kqcj9mAhURuFLLyORBPHQ
ambiguous,6641,ארקפה בסר 3,"כנרת 5, בני ברק",30.9,3143,ארקפה,"מצדה (כנרת) 5, פרדס כץ, בני ברק, Israel",31.5,Arcaffè,"Kinneret St 5, Bnei Brak, 6515252, Israel",ChIJPZfqeylKHRURu7w6lhJZ1eg
ambiguous,1980,רותס,"ויצמן 1, עכו העתיקה, Israel",6.0,7236,Roots,"וייצמן 1, עכו",6.0,Roots רותס,"Weizman St 1, Acre, 2430122, Israel",ChIJg2lGuj7JHRURy476nlgQ9h0
ambiguous,2032,שאלתי אלי,"יוחאי בן נון 6, חיפה, Israel",6.0,6740,שאלתיאלי,"יוחאי בן נון 6, חיפה",6.0,Shaltieli,"Yohai Ben Nun St 6, Haifa, Israel",ChIJ7yFS_mMPHRURAqs0L3Neags
ambiguous,3869,ממפיס Memphis תל אביב,"קרליבך 20, תל אביב, Israel",6.0,3460,ממפיס,"קרליבך 20, תל אביב, Israel",6.0,"Memphis ממפיס תל אביב | המבורגר פרימיום כשר בד""צ בית יוסף","Carlebach St 20, Tel Aviv-Yafo, 6473005, Israel",ChIJj3oKf4JLHRURIgPsZjdaUQI
ambiguous,5447,הפינה,"ויצמן 6, רחובות, Israel",6.0,7092,קפה הפינה,"חיים ויצמן 6, רחובות",6.0,הפינה,"Haim Weizman St 6, Rehovot, 7628102, Israel",ChIJZ8ENtgO3AhURXJRKFIkkrOw
ambiguous,7309,לחם ארטיזן,"הנחושת 3, רמת החייל, תל אביב, Israel",6.0,4355,לחם ארטיזן,"הנחושת 3, רמת החייל, תל אביב, Israel",6.0,לחם ארטיזן,"HaNechoshet St 3, Tel Aviv-Yafo, Israel",ChIJJ86j5ZRJHRURXc7-Kzf_mxw
apply_clean,1274,פיצה דון פדרו,"שבט לוי 14, אשדוד, Israel",16.0,,,,,פיצה דון פדרו אשדוד pizza don pedro,"Shevet Levi St 14, Ashdod, Israel",ChIJha2PEl6iAhURG6qN7ABLtp8
apply_clean,1605,שווארמה פאשה אשקלון,"ברל כצנלסון 13, אשקלון, Israel",26.0,,,,,שווארמה פאשה אשקלון,"Berl Katsnelson St 5, Ashkelon, Israel",ChIJXUfRYnCcAhURbRytbYckjZg
apply_clean,3859,פלאפל בריבוע,"יד חרוצים 15, תל אביב, Israel",6.0,,,,,פלאפל בריבוע - יד חרוצים,"Yad Harutsim St 15, Tel Aviv-Yafo, Israel",ChIJ1UoTlHpLHRURgK8ulkheqIc
apply_clean,4170,Cofizz,"רמב""ם 26, תל אביב, Israel",6.0,,,,,cofizz,"Rambam St 26, Tel Aviv-Yafo, Israel",ChIJpa6PsYNMHRURmcEbZRaJ5bM
apply_clean,4659,טעמים,"השרון 21, תל אביב, Israel",6.0,,,,,טעמים,"HaSharon St 21, Tel Aviv-Yafo, 6618511, Israel",ChIJo6YTQHtLHRURupWh19ZYlpE
apply_clean,6509,BBB אשקלון,"מתחם גלובוס סנטר מבקיעים, אשקלון",6.0,,,,,BBB אשקלון,Israel,ChIJkRNs3R-dAhURVx01Wg4_y18
apply_clean,4519,לחם וחברים,"בוגרשוב 27, תל אביב, Israel",5.3,,,,,Lehem Vehaverim,"Bograshov St 27, Tel Aviv-Yafo, Israel",ChIJkbxRXn5MHRUR2s1KYi6rAl4
apply_clean,7146,BIGA איילון,"אבא הלל 301, רמת גן",14.8,,,,,Biga Ayalon Mall,"קניון איילון, Ramat Gan, Israel",ChIJBZ9YXoZJHRURHmPddO3u45A
apply_clean,3469,יוסף דדון,"קהילת לודג' 32, צפון תל אביב, Israel",3.4,,,,,Yosef Dadon,"Kehilat Lodz St 32, Tel Aviv-Yafo, Israel",ChIJI1P383hJHRURXsiw5Oys7Lw
apply_clean,6471,קפה קפה נהריה,"הגעתון 35, נהריה",6.0,,,,,קפה קפה נהריה,"Sderot HaGa'aton 35, Nahariya, 2244028, Israel",ChIJM8wqzlnOHRURBnWvQIxZ_VU
apply_clean,6588,Greg  ביג אילת,"הסתת 20, אילת",6.0,,,,,Greg Coffee,"Ha-Satat St 20, Eilat, Israel",ChIJy0nggARuABUR_v8nR9c2PJ4
apply_clean,4022,קפה לנדוור,"דרך מנחם בגין 132, קניון עזריאלי, תל אביב, Israel",4.0,,,,,Landwer,"Azrieli Center, Menakhem Begin Rd 132, Tel Aviv-Yafo, Israel",ChIJDU9KioJLHRUR392UDUckve0
apply_clean,5585,א.מ.א.פ בורגרים בעמ,"משה לרר 1, נס ציונה, Israel",33.0,,,,,Burgerim,"עמי בוטיק סנטר, משה לרר 1, נס ציונה, Israel",ChIJxXeFiQe3AhUR2EFKuqSdUcE
inset_loser_to_phaseB,1618,פיצה דון פדרו- אשדוד,"שבט לוי 14, אשדוד, Israel",,,,,,פיצה דון פדרו אשדוד pizza don pedro,"Shevet Levi St 14, Ashdod, Israel",ChIJha2PEl6iAhURG6qN7ABLtp8
inset_loser_to_phaseB,1659,פאשה,"ברל כצנלסון 13, אשקלון, Israel",,,,,,שווארמה פאשה אשקלון,"Berl Katsnelson St 5, Ashkelon, Israel",ChIJXUfRYnCcAhURbRytbYckjZg
inset_loser_to_phaseB,7321,פלאפל בריבוע,"יד חרוצים 15, תל אביב, Israel",,,,,,פלאפל בריבוע - יד חרוצים,"Yad Harutsim St 15, Tel Aviv-Yafo, Israel",ChIJ1UoTlHpLHRURgK8ulkheqIc
inset_loser_to_phaseB,7308,Cofizz,"רמב""ם 26, תל אביב, Israel",,,,,,cofizz,"Rambam St 26, Tel Aviv-Yafo, Israel",ChIJpa6PsYNMHRURmcEbZRaJ5bM
inset_loser_to_phaseB,7327,טעמים,"השרון 21, תל אביב, Israel",,,,,,טעמים,"HaSharon St 21, Tel Aviv-Yafo, 6618511, Israel",ChIJo6YTQHtLHRURupWh19ZYlpE
inset_loser_to_phaseB,1701,בי בי בי,"אשקלון, Israel",,,,,,BBB אשקלון,Israel,ChIJkRNs3R-dAhURVx01Wg4_y18
inset_loser_to_phaseB,6836,Tommy's Deli,"קק""ל 21, ירושלים",,,,,,Tommy's - טומי'ס,"HaKeren HaKayemet Le-Israel St 21, Jerusalem, Israel",ChIJg4KfvirWAhURqvpsFDlm9Y0
inset_loser_to_phaseB,6849,Burgers Bar רמת בית שמש,"הרב שלמה זלמן אורבך 68, בית שמש",,,,,,Burgers Bar,"Derech Yitshak Rabin 19, Beit Shemesh, Israel",ChIJKwb6CWDEAhURXdbN4pUSgGQ
inset_loser_to_phaseB,4950,בורגרס בר,"שד' נהר הירדן 26, בית שמש, Israel",,,,,,Burgers Bar,"Derech Yitshak Rabin 19, Beit Shemesh, Israel",ChIJKwb6CWDEAhURXdbN4pUSgGQ
inset_loser_to_phaseB,6914,Mamilla-Happy Fish,"שלמה המלך 11, ירושלים",,,,,,Happy Fish,"Mamilla Rd 14, Jerusalem, Israel",ChIJY3K8gtEpAxURbq4kplsAZa8
inset_loser_to_phaseB,7064,Meatos Grill Bar,"שאול המלך 33, תל אביב",,,,,,Meatos,"מגדל אמות השקעות, ויצמן‬ 2, תל אביב-יפו, Israel",ChIJ4ckDaJpLHRURgDNCHMVrs94
inset_loser_to_phaseB,7326,לחם וחברים,"בוגרשוב 27, תל אביב, Israel",,,,,,Lehem Vehaverim,"Bograshov St 27, Tel Aviv-Yafo, Israel",ChIJkbxRXn5MHRUR2s1KYi6rAl4
inset_loser_to_phaseB,3055,ביגה איילון,"דרך אבא הלל סילבר 301, רמת גן, Israel",,,,,,Biga Ayalon Mall,"קניון איילון, Ramat Gan, Israel",ChIJBZ9YXoZJHRURHmPddO3u45A
inset_loser_to_phaseB,5061,מיסיס מוריס,"ירושלים, Israel",,,,,,Miss & Mr,"Yo'el Moshe Salomon St 12, Jerusalem, 9463312, Israel",ChIJbxbKd4opAxUR818_bcTBGeg
inset_loser_to_phaseB,7315,יוסף דדון,"קהילת לודג' 32, צפון תל אביב, Israel",,,,,,Yosef Dadon,"Kehilat Lodz St 32, Tel Aviv-Yafo, Israel",ChIJI1P383hJHRURXsiw5Oys7Lw
inset_loser_to_phaseB,578,לוצ'ינה,"ירושלים, Israel",,,,,,Luciana,"ממילא 8, קניון ממילא, Jerusalem",ChIJM7doTC8oAxUR9cMWDzXzuLc
inset_loser_to_phaseB,2616,קפה קפה,"שד' הגעתון 35, נהריה, Israel",,,,,,קפה קפה נהריה,"Sderot HaGa'aton 35, Nahariya, 2244028, Israel",ChIJM8wqzlnOHRURBnWvQIxZ_VU
inset_loser_to_phaseB,1226,קפה גרג מתחם ביג אילת,"הסתת 20, ביג אילת, Israel",,,,,,Greg Coffee,"Ha-Satat St 20, Eilat, Israel",ChIJy0nggARuABUR_v8nR9c2PJ4
inset_loser_to_phaseB,7329,קפה לנדוור,"דרך מנחם בגין 132, קניון עזריאלי, תל אביב, Israel",,,,,,Landwer,"Azrieli Center, Menakhem Begin Rd 132, Tel Aviv-Yafo, Israel",ChIJDU9KioJLHRUR392UDUckve0
inset_loser_to_phaseB,5675,בורגרים נס ציונה,"משה לרר 1, נס ציונה, Israel",,,,,,Burgerim,"עמי בוטיק סנטר, משה לרר 1, נס ציונה, Israel",ChIJxXeFiQe3AhUR2EFKuqSdUcE
